SQLITE_SECURE_DELETE,SQLITE_ENABLE_ATOMIC_WRITE,SQLITE_ENABLE_STAT2,SQLITE_DISABLE_LFS,SQLITE_DISABLE_DIRSYNC,SQLITE_OMIT_AUTOMATIC_INDEX,SQLITE_OMIT_BETWEEN_OPTIMIZATION,SQLITE_OMIT_BTREECOUNT,SQLITE_OMIT_LIKE_OPTIMIZATION,SQLITE_OMIT_LOOKASIDE,SQLITE_OMIT_OR_OPTIMIZATION,SQLITE_OMIT_QUICKBALANCE,SQLITE_OMIT_SHARED_CACHE,SQLITE_OMIT_XFER_OPT,<$fillrandbatch.5
0,0,0,1,0,1,1,0,0,1,1,1,1,0,17.654
0,0,0,0,1,0,1,0,0,1,0,0,0,1,16.845
0,1,0,1,0,1,0,1,0,0,1,0,1,1,16.332
1,1,0,0,0,1,0,0,1,1,0,1,0,1,17.964
1,0,0,1,1,1,0,1,1,1,0,0,1,1,17.096
1,1,1,1,0,0,1,0,1,1,1,0,1,0,17.265
0,1,1,1,1,1,1,0,0,1,0,1,1,0,17.758
1,0,1,0,1,0,0,1,1,1,0,0,0,1,16.961
1,0,1,1,1,0,1,0,1,1,1,1,1,0,17.551
1,0,0,1,1,1,0,1,1,0,1,1,0,0,16.964
0,1,0,1,0,1,1,0,0,1,0,1,0,0,17.991
0,0,0,1,0,1,0,1,0,1,1,1,0,0,17.706
0,1,0,0,1,1,0,0,1,0,1,0,1,0,16.203
0,1,1,1,1,0,0,1,0,1,0,0,1,0,17.21
1,1,0,1,1,0,0,1,1,0,1,0,0,0,16.259
0,0,1,0,1,1,0,1,1,1,0,0,0,0,17.011
1,0,0,0,1,0,0,1,1,0,0,1,0,1,16.923
1,1,0,0,0,0,0,1,0,0,1,1,1,1,16.827
1,1,0,1,0,0,1,0,0,1,0,1,0,0,17.908
0,0,0,0,0,1,0,1,1,0,0,1,0,1,17.034
0,1,1,1,1,0,0,0,0,1,0,0,1,1,17.046
1,0,0,0,1,1,0,0,1,1,1,0,0,0,17.176
0,1,1,1,0,0,0,0,0,0,1,0,1,1,16.149
1,1,1,1,1,0,0,1,0,1,1,0,1,0,17.159
1,1,0,1,0,0,0,0,1,1,0,0,1,1,17.213
0,0,1,0,0,0,1,0,1,1,0,1,0,0,17.72
0,1,1,0,1,1,0,1,1,0,0,1,1,0,16.801
1,0,0,1,1,0,1,1,0,0,0,1,1,0,16.859
1,1,1,0,0,0,1,0,1,0,0,0,0,1,16.381
0,0,0,0,1,0,0,0,1,0,1,0,1,0,16.113
0,0,0,0,1,0,0,0,0,1,1,1,1,0,17.728
1,0,1,1,1,1,0,1,0,0,0,1,0,0,16.873
0,1,0,1,0,0,0,0,1,0,0,0,0,1,16.268
0,1,0,1,0,0,0,0,0,0,1,1,0,1,16.95
1,1,0,1,1,1,0,1,0,0,0,0,0,0,16.201
0,1,1,0,0,0,1,0,0,1,1,1,0,0,17.863
0,1,1,0,0,0,0,1,0,1,1,0,0,1,17.139
1,1,1,0,1,1,0,0,1,0,1,1,1,1,17.061
0,0,0,0,1,0,1,0,1,0,1,0,1,0,16.071
0,0,0,1,1,1,0,0,0,0,0,1,1,1,16.765
1,0,0,0,1,0,1,1,0,0,1,0,1,0,16.168
1,0,0,1,0,1,0,1,1,0,0,0,1,0,16.075
0,1,1,0,0,0,1,1,1,1,1,1,0,0,17.872
1,0,1,1,0,0,0,0,1,1,1,0,1,0,16.991
0,0,0,1,1,0,0,1,0,1,1,0,1,1,17.041
1,1,1,1,1,0,0,1,1,1,0,0,1,0,16.946
1,0,1,0,0,1,1,1,1,0,1,1,0,1,17.058
0,1,0,1,1,1,0,0,1,1,0,0,1,0,16.826
0,1,1,1,1,1,1,0,1,1,1,0,1,0,17.031
0,1,0,1,0,0,1,1,1,1,1,0,0,0,17.15
1,0,1,1,1,0,1,0,1,1,0,1,1,0,17.745
1,0,0,1,1,1,1,0,0,0,1,1,1,0,17.036
1,0,0,1,0,0,1,1,0,0,0,0,0,1,16.205
1,1,1,0,0,1,0,0,1,0,1,0,1,1,16.387
0,0,1,1,0,1,0,1,1,1,0,0,0,0,17.151
1,0,0,0,1,1,0,1,0,1,1,1,1,0,17.775
1,1,1,0,0,0,0,1,0,0,0,0,0,1,16.169
0,0,1,0,1,1,1,0,0,0,1,0,0,0,16.303
1,1,1,0,0,0,0,0,0,1,1,0,0,0,17.273
0,0,0,0,0,1,1,1,1,0,0,1,1,0,16.667
0,0,1,1,1,0,1,1,0,0,1,0,0,0,16.257
0,1,0,0,0,1,1,1,1,1,0,1,1,0,17.671
0,0,0,1,0,0,0,0,0,1,1,0,0,1,17.077
1,0,0,0,1,1,0,1,0,1,1,1,0,0,17.811
0,0,1,1,0,0,1,1,0,1,1,1,1,0,17.618
0,1,1,1,1,0,1,0,0,0,1,0,1,0,16.028
0,0,0,1,0,0,0,0,0,1,0,1,1,0,17.791
0,1,0,1,0,0,1,0,0,1,1,0,1,1,17.071
0,0,1,1,1,0,1,0,1,1,1,0,1,0,16.829
0,0,0,1,1,0,1,0,1,1,0,0,1,0,16.865
0,0,1,0,0,0,0,0,1,0,1,0,1,1,16.127
0,0,1,0,1,0,1,0,0,0,0,0,0,1,16.209
0,1,1,1,1,1,1,0,1,1,0,1,1,1,17.571
1,1,0,1,0,0,0,1,0,1,0,1,0,0,18.081
1,0,1,1,0,0,0,1,1,1,1,0,0,0,17.194
1,1,0,0,1,1,1,0,0,0,0,1,1,0,17.004
1,0,0,1,1,1,1,0,1,1,1,1,0,1,17.782
0,0,0,0,0,1,0,1,0,0,0,0,0,1,16.227
1,1,1,1,1,1,1,1,1,1,1,0,0,1,17.163
0,0,1,1,0,0,1,1,0,0,1,1,0,0,16.961
1,1,1,0,1,0,1,1,1,1,0,1,0,0,18.005
0,0,0,1,1,0,0,0,0,1,1,0,1,0,17.195
1,1,0,0,1,0,0,0,1,0,0,1,1,0,16.819
0,1,0,1,1,0,0,0,0,0,0,1,1,0,16.821
1,0,0,1,0,1,0,0,1,1,1,1,1,0,17.919
1,1,1,1,1,1,0,0,1,1,1,0,0,0,17.199
1,0,1,0,1,1,0,0,1,1,1,1,0,1,17.831
0,0,1,1,0,1,0,1,0,0,1,1,0,1,16.921
0,1,0,1,0,0,1,1,1,1,1,0,1,1,17.11
1,0,0,1,1,1,1,0,1,0,0,1,1,0,17.011
1,0,0,1,1,0,1,0,1,1,0,1,1,0,17.878
0,0,1,1,0,0,0,0,1,1,0,0,1,0,17.013
0,0,0,0,1,1,1,1,1,0,1,0,1,0,16.152
1,0,0,1,1,1,1,1,1,0,1,0,0,1,16.113
1,1,0,0,0,1,0,0,1,0,0,1,0,0,16.951
1,0,1,1,0,0,0,0,0,0,1,1,0,0,16.963
1,0,1,0,1,0,0,0,1,0,0,1,0,0,16.913
0,1,1,1,1,1,0,1,1,0,0,0,0,0,16.366
0,1,0,0,0,1,0,0,1,0,1,1,0,0,16.953
1,0,0,0,1,1,0,0,0,1,1,0,0,1,17.069
1,1,0,1,1,0,0,1,1,0,0,1,0,0,17.159
1,0,1,1,0,1,0,1,1,1,1,0,1,1,17.037
0,1,1,0,1,1,1,0,0,1,1,0,0,1,17.283
1,1,0,1,0,0,1,1,0,0,1,1,1,0,16.992
0,1,0,1,1,0,1,1,0,1,1,0,1,0,17.165
1,0,0,1,1,0,1,1,0,1,0,1,0,1,17.911
1,1,1,0,1,0,0,0,1,0,0,0,0,1,16.35
0,0,1,1,0,0,1,0,0,1,0,1,0,1,17.999
0,1,1,0,0,0,1,1,0,0,1,0,0,1,16.41
0,1,1,1,1,1,0,0,0,1,1,1,0,1,17.648
1,0,1,0,0,0,1,0,1,0,0,1,0,0,17.035
0,0,1,0,0,1,1,0,1,0,0,0,1,1,16.133
1,1,1,0,0,0,0,1,0,0,1,1,1,1,16.901
0,0,0,1,0,1,1,1,1,1,0,0,0,0,17.136
0,1,1,0,0,0,0,0,1,0,1,1,1,1,16.824
0,1,0,0,0,0,0,1,0,1,1,1,1,0,17.715
0,1,1,1,1,0,1,1,1,1,1,0,0,0,17.191
0,0,0,1,1,0,0,0,0,1,1,1,0,1,17.716
1,0,1,0,0,1,0,0,0,0,0,0,1,1,16.283
1,0,1,0,1,1,0,0,1,1,0,1,0,0,17.77
0,1,1,1,0,1,0,0,0,0,0,1,0,0,16.982
1,0,1,1,0,1,0,1,0,0,0,0,1,1,16.134
0,1,1,1,1,0,0,1,1,1,1,0,0,0,17.119
0,1,0,1,1,0,1,0,0,1,1,0,1,0,17.263
0,0,1,1,1,0,0,1,1,1,1,0,1,0,16.927
1,0,1,1,1,1,1,1,0,1,1,0,1,0,17.201
0,0,1,1,1,0,1,0,0,1,1,1,0,1,17.755
1,1,0,0,0,0,1,1,1,1,1,0,1,0,17.143
0,1,1,1,0,1,0,0,0,0,1,1,1,0,16.859
1,1,1,1,0,1,1,1,1,1,1,0,1,1,17.026
1,1,1,0,0,0,1,0,0,1,1,0,1,1,17.18
1,0,0,0,0,1,1,1,1,1,0,1,1,0,17.91
1,1,0,1,1,0,1,1,0,1,0,1,1,1,17.779
1,0,1,1,1,1,0,0,1,0,1,0,0,1,16.302
0,0,1,1,0,0,1,0,0,0,1,0,1,0,16.275
1,1,0,1,0,1,0,1,0,1,0,0,0,0,17.25
1,1,1,0,0,1,1,0,1,0,0,1,0,0,16.943
1,1,0,1,0,1,1,0,1,1,0,1,0,1,17.891
1,0,1,0,1,0,1,1,0,1,0,1,1,0,17.859
1,0,1,1,0,1,0,0,1,0,1,1,0,1,17.137
1,0,0,0,1,0,0,1,0,1,1,0,1,1,17.046
1,0,0,1,0,0,0,1,1,1,1,0,0,0,17.233
1,0,1,0,0,1,1,1,1,1,1,0,0,1,17.048
1,0,0,0,0,1,0,1,0,0,0,0,1,0,16.167
0,1,1,1,1,1,0,0,1,1,0,0,1,1,17.083
1,1,1,1,1,1,0,1,0,0,0,1,1,0,16.941
1,1,1,1,0,0,1,0,1,1,0,0,1,0,16.927
0,1,0,1,0,0,1,0,1,0,0,1,0,0,17.081
0,1,0,1,1,0,1,0,1,1,1,0,0,1,17.315
0,0,1,1,0,1,0,1,1,0,0,0,0,0,16.214
0,0,1,1,0,1,0,1,0,1,0,0,1,0,16.847
0,0,0,1,1,0,0,0,0,1,1,0,1,0,17.173
0,1,1,0,1,0,0,1,0,0,0,1,1,0,16.985
0,1,1,1,0,1,0,1,0,0,1,1,1,1,17.089
1,1,0,0,1,1,1,0,0,1,1,1,1,1,17.727
1,1,1,0,0,0,0,1,1,0,0,1,1,1,16.748
1,1,1,1,1,1,0,1,1,0,0,0,1,0,16.351
1,1,0,0,0,1,0,1,1,0,1,1,1,0,16.814
0,1,0,0,0,1,0,1,1,0,0,1,0,0,17.101
1,0,1,1,1,1,0,1,1,0,0,1,1,1,16.832
1,0,0,1,1,1,0,0,1,0,1,0,1,1,16.31
0,1,0,1,1,1,0,1,1,0,0,1,1,0,16.867
1,1,1,1,1,1,1,1,1,0,0,0,1,0,16.17
0,0,1,1,1,1,0,1,1,1,1,1,1,1,17.75
0,1,1,0,0,0,0,0,0,1,0,1,1,1,17.765
1,0,1,0,0,0,1,1,1,0,0,0,0,1,16.249
1,1,0,1,0,0,0,0,0,0,0,0,1,0,16.248
0,1,1,0,1,1,1,1,1,1,0,0,1,1,16.932
1,1,1,1,1,0,1,0,1,0,0,0,1,1,16.385
1,1,1,0,0,1,0,0,0,1,1,1,0,0,17.799
0,1,1,1,1,0,1,0,0,1,1,1,1,0,17.934
1,1,1,1,1,0,1,0,1,1,0,1,1,0,17.873
1,0,0,0,1,0,1,1,1,1,0,0,0,0,17.183
0,1,0,0,0,1,0,1,1,0,0,1,1,1,16.958
0,1,0,0,1,0,0,1,1,1,0,0,1,1,16.916
0,1,1,0,0,0,0,0,1,1,0,1,0,1,17.849
1,0,0,1,1,1,0,1,0,1,1,1,1,0,17.941
0,0,1,0,1,0,0,1,1,1,1,0,1,0,17.038
0,1,1,1,1,0,0,1,1,1,1,1,1,1,17.674
1,0,0,1,1,1,0,1,0,1,1,1,0,1,17.887
0,0,0,1,0,0,1,0,0,1,1,1,1,1,17.907
1,0,0,0,1,1,1,0,0,0,0,0,0,0,16.347
1,1,0,1,0,1,1,0,1,1,0,0,0,1,17.228
1,1,1,0,1,0,1,1,0,0,1,1,0,1,17.218
0,0,1,0,0,0,0,0,1,0,0,0,0,1,16.171
1,1,0,1,1,0,1,0,1,1,1,1,1,1,17.815
0,0,1,1,1,1,0,1,0,0,0,1,0,1,16.857
0,0,1,1,1,1,1,0,1,0,0,1,0,0,16.76
0,1,1,1,0,0,0,0,0,1,1,1,1,1,17.74
0,1,1,0,1,1,0,0,1,1,1,1,0,1,17.871
1,0,0,1,1,1,1,0,0,1,0,1,0,0,17.952
0,1,0,1,1,1,1,1,1,0,0,1,1,1,16.825
1,0,1,1,0,0,0,0,0,0,1,1,1,0,17.004
1,1,0,0,0,1,0,1,0,1,1,1,0,1,17.81
0,1,0,0,0,0,0,1,1,0,0,0,0,1,16.164
0,1,1,0,1,0,1,0,0,0,0,1,1,1,16.888
1,0,1,1,0,0,0,0,1,1,1,0,0,0,17.332
1,1,1,0,1,1,0,1,1,0,0,1,0,1,17.087
0,1,1,1,1,1,1,0,0,1,0,0,0,0,17.101
1,0,1,0,1,1,0,1,1,1,1,1,1,0,17.987
0,0,1,0,1,0,0,1,1,0,0,1,0,0,17.029
1,0,0,1,1,1,0,1,0,1,0,0,1,0,17.066
1,0,1,1,1,0,0,0,1,0,0,1,0,1,17.127
1,0,0,0,1,1,1,1,1,1,1,1,0,0,17.904
0,0,0,0,1,0,0,1,0,0,0,0,1,0,16.131
0,1,1,0,0,0,1,0,0,1,1,1,1,1,18.034
0,1,1,1,0,1,1,0,1,1,0,1,0,0,17.723
0,0,0,0,1,1,1,1,1,0,0,1,1,1,16.833
1,1,1,0,0,1,1,0,1,0,0,1,1,1,16.882
0,1,1,0,0,1,1,0,1,0,0,0,0,0,16.053
1,1,1,0,0,1,0,1,1,1,1,0,1,0,17.26
0,1,1,1,0,1,0,0,1,0,0,0,1,0,16.291
1,1,1,1,0,1,0,0,1,0,1,1,1,1,17.087
1,1,1,0,1,0,1,1,0,1,1,1,0,0,17.984
1,1,0,1,0,0,1,0,0,0,0,1,0,0,16.964
1,1,0,0,1,0,0,0,1,1,1,0,1,1,17.207
1,1,0,0,0,1,0,1,0,0,0,1,0,0,17.15
0,1,0,1,1,1,1,0,0,1,1,0,0,0,17.244
0,1,0,0,1,1,0,0,0,0,0,1,1,1,17.005
0,0,1,0,1,1,1,1,0,1,0,0,1,0,17.041
0,0,0,0,0,1,1,1,1,0,1,0,1,1,16.205
0,1,1,1,1,1,0,0,0,1,0,1,0,1,17.807
1,1,1,1,1,0,1,0,1,0,0,1,1,1,16.966
0,1,1,1,0,1,1,0,0,1,1,0,1,1,16.839
0,0,0,0,0,0,1,0,1,0,1,0,0,0,16.185
0,0,0,1,0,0,0,0,1,0,1,0,0,1,16.327
0,1,0,0,0,0,0,0,0,1,1,0,1,1,17.166
1,1,0,0,1,1,1,1,1,1,1,0,0,1,17.206
0,1,0,1,0,0,1,0,1,0,0,0,1,0,16.157
1,1,1,1,0,0,1,0,0,1,1,1,0,1,18.114
1,1,0,1,0,0,0,0,0,1,1,0,1,0,17.297
1,0,0,1,1,1,1,1,0,0,0,0,0,1,16.382
0,0,0,1,0,1,1,1,1,0,0,1,0,1,16.906
1,1,0,0,0,0,1,0,1,1,0,0,1,0,17.075
0,0,0,1,1,1,0,1,1,0,1,0,1,0,16.193
1,1,0,0,1,1,1,1,0,0,1,0,1,1,16.353
0,1,0,1,0,1,0,1,1,1,0,1,0,1,17.947
0,0,1,1,1,0,0,0,0,1,1,1,1,1,17.934
1,0,0,0,1,0,1,1,1,0,0,1,1,0,16.86
0,0,1,1,1,1,1,1,0,0,1,1,0,1,16.965
0,0,1,1,0,0,1,1,1,1,1,0,1,1,16.866
0,1,0,0,1,1,1,0,0,1,1,1,1,1,17.755
1,0,1,0,1,1,0,1,1,0,0,0,0,1,16.435
0,1,1,0,1,0,1,1,0,0,0,0,0,0,16.229
1,0,0,0,0,0,1,1,0,0,0,1,1,0,16.908
1,1,1,1,1,1,1,0,1,0,1,0,0,0,16.282
0,0,0,1,0,1,1,0,1,1,0,0,0,1,16.926
1,0,0,1,1,0,0,1,0,1,1,0,0,0,17.419
1,0,0,1,0,0,1,0,0,0,1,0,1,0,16.416
1,1,1,0,0,1,0,0,0,0,0,1,1,0,16.97
1,1,0,1,1,1,1,0,0,0,1,0,1,1,16.214
1,0,1,1,0,1,0,1,0,1,1,1,1,0,17.89
1,0,1,1,1,0,0,0,1,1,1,1,1,0,17.772
1,0,1,0,0,1,0,0,1,0,1,0,0,0,16.16
0,0,1,0,0,0,1,1,1,1,0,1,1,1,17.609
0,1,1,1,0,1,0,1,1,0,0,0,0,0,16.268
0,0,1,0,0,0,1,1,1,0,1,1,1,1,16.926
0,1,0,0,1,0,0,1,1,0,1,1,0,1,17.001
1,1,1,1,0,1,1,0,1,0,1,1,1,0,17.022
1,1,0,0,1,0,1,1,0,1,1,0,0,1,17.438
1,0,1,1,1,1,0,1,1,1,1,1,1,1,17.91
0,0,1,1,1,0,1,0,1,1,1,1,1,0,17.73
0,1,0,1,1,1,1,1,1,0,1,0,1,1,16.295
0,0,0,0,0,1,1,0,1,1,1,0,1,0,17.047
1,0,0,0,0,0,1,1,0,1,1,0,1,0,16.993
0,0,0,1,0,0,0,0,0,1,0,0,1,1,17.21
1,1,0,1,0,0,1,1,1,0,0,1,1,1,16.858
1,0,0,0,1,1,1,1,0,0,0,1,0,1,16.989
1,0,1,0,1,0,1,1,0,1,0,1,0,0,17.824
1,0,1,0,1,1,0,1,0,1,1,1,0,1,17.84
1,0,1,1,0,0,0,0,1,1,1,1,1,0,17.776
0,0,1,0,1,1,1,0,0,0,0,0,1,0,16.125
0,1,0,1,1,1,1,1,1,1,1,0,1,0,17.151
0,1,0,1,0,0,0,0,0,0,1,0,1,0,16.047
1,0,0,1,0,0,1,1,0,1,1,1,0,1,18.077
0,1,0,0,0,0,0,0,1,1,0,0,0,1,17.032
0,0,1,0,0,1,1,0,1,1,1,1,0,0,17.769
1,0,1,1,0,1,1,1,1,0,0,0,1,1,16.335
0,1,0,0,1,1,1,1,0,0,0,1,1,0,17.001
1,1,0,0,0,0,0,1,1,1,0,1,0,0,17.916
0,0,1,1,0,1,1,1,0,0,0,1,1,0,16.851
1,0,1,0,0,0,1,1,1,0,1,0,0,1,16.344
0,1,1,0,0,1,0,0,0,1,1,0,0,1,17.413
1,1,0,0,0,0,0,0,0,0,0,1,1,1,16.873
1,0,0,1,0,1,0,0,1,0,1,1,0,0,17.203
1,1,1,0,1,0,1,1,0,1,0,0,0,1,17.32
1,1,0,0,1,1,0,1,0,0,0,1,1,1,16.994
1,0,1,1,0,1,1,1,1,1,0,1,0,1,17.99
0,0,0,0,1,0,1,1,1,0,1,0,0,1,16.279
0,1,1,1,0,1,0,1,0,1,1,1,0,1,17.669
0,0,1,0,1,1,0,0,0,0,0,1,1,1,16.806
0,1,0,1,0,1,0,0,1,0,1,1,1,1,16.898
0,1,1,0,0,0,1,1,0,0,0,0,0,1,16.292
0,1,1,1,1,0,1,0,0,0,0,0,0,1,16.402
1,1,1,1,0,1,0,0,1,0,0,1,0,1,17.017
1,0,1,0,0,1,0,1,1,0,1,1,0,0,17.054
1,0,1,0,0,0,0,1,1,0,1,0,1,0,16.214
0,1,1,0,0,1,0,0,1,0,1,0,1,1,16.271
0,0,0,0,0,0,1,0,1,0,1,1,1,0,16.861
0,0,1,0,1,1,1,0,1,0,0,1,0,0,16.985
0,0,1,1,1,0,0,0,1,0,0,1,0,0,17.056
1,0,1,1,1,0,0,1,0,0,1,1,1,0,16.946
0,0,1,0,1,1,0,1,0,1,0,0,1,1,16.939
1,1,0,0,1,0,0,1,1,1,1,0,1,1,17.088
1,1,0,0,1,1,0,1,0,0,0,1,0,1,17.109
1,0,1,1,0,0,0,0,0,1,0,0,1,0,17.249
1,1,0,0,0,1,0,0,1,1,0,0,1,0,16.887
0,1,0,1,1,0,0,0,0,0,0,1,1,0,16.834
1,0,0,1,0,1,0,0,0,0,1,0,0,1,16.271
1,1,1,0,0,1,0,1,1,0,0,0,1,0,16.174
1,0,0,1,0,1,1,0,1,1,1,1,1,1,17.845
1,1,0,1,1,0,1,1,1,1,1,1,1,0,17.972
1,0,0,1,1,1,1,1,0,1,1,0,0,1,17.006
0,0,1,0,1,1,0,0,0,1,0,0,1,0,17.013
1,1,1,1,0,0,0,1,0,0,0,0,0,0,16.352
1,1,1,1,0,0,1,1,0,0,0,0,0,1,16.288
0,1,1,0,0,0,1,1,1,1,0,1,0,1,17.828
0,0,0,1,1,0,1,0,0,0,0,1,1,0,16.787
0,1,0,1,1,0,1,0,1,0,0,0,1,0,16.31
0,0,0,0,1,0,0,1,1,0,1,1,0,1,16.8
1,1,0,0,0,1,1,1,1,1,1,0,0,0,17.092
0,1,0,1,1,1,0,1,0,1,0,0,0,1,17.259
1,0,0,1,0,0,0,1,0,0,1,1,0,0,17.033
0,0,0,1,1,0,1,1,1,0,1,1,0,1,16.973
1,1,0,1,0,0,1,0,0,1,1,0,1,0,17.339
0,0,0,1,0,1,0,1,1,0,1,1,0,1,16.888
1,1,1,0,0,1,1,1,1,1,0,1,1,0,17.747
0,1,0,0,0,1,1,1,0,1,1,0,1,0,17.1
1,1,0,0,0,0,1,1,1,1,1,1,0,1,18.099
1,0,0,1,1,1,1,1,1,0,0,0,1,1,16.129
1,1,0,0,1,0,0,0,0,1,0,0,1,1,17.107
1,0,0,1,1,1,1,1,1,1,1,1,0,1,17.803
1,1,0,0,0,1,0,0,1,1,1,0,1,1,17.122
1,0,1,1,1,0,1,0,0,0,0,1,1,1,17.04
1,1,1,1,1,1,0,0,0,1,1,0,0,0,17.53
0,1,1,1,1,1,0,0,0,1,0,1,1,1,17.849
0,0,1,1,1,1,1,1,1,0,0,0,1,0,16.139
1,0,1,1,1,1,0,1,0,1,1,0,1,0,17.103
0,1,0,1,1,0,0,1,1,0,0,1,0,0,17.348
1,1,0,0,0,1,1,1,1,0,0,0,0,1,16.431
0,0,0,1,1,1,0,1,0,1,0,1,0,1,17.546
0,1,1,1,0,0,1,1,1,1,1,0,0,1,17.318
1,1,1,1,1,1,1,1,1,1,1,1,0,1,17.773
1,1,0,1,1,1,0,0,1,1,1,0,0,0,17.015
0,1,0,1,0,0,1,1,0,1,0,0,0,1,17.129
0,0,1,0,0,0,1,0,0,0,0,1,0,1,16.988
0,1,0,0,1,0,0,1,0,1,0,1,1,0,17.756
0,0,1,0,1,1,1,1,0,0,0,0,1,1,16.157
0,0,0,0,0,0,0,0,1,1,0,0,0,0,17.292
0,0,0,0,0,0,1,1,1,1,0,0,1,0,16.826
1,1,1,1,1,0,1,0,1,0,1,0,0,0,16.302
0,0,1,0,1,1,0,1,0,0,0,0,1,1,16.423
0,0,1,0,0,1,0,0,1,0,0,1,1,0,16.846
1,0,0,0,1,0,0,1,1,0,1,1,1,0,16.893
1,0,0,1,1,0,0,0,0,0,1,0,0,1,16.098
0,0,0,1,0,1,1,0,0,1,0,0,0,0,17.04
0,1,1,1,0,0,0,0,0,1,0,1,0,0,17.908
0,1,1,1,1,0,1,1,1,0,1,0,1,0,16.181
1,0,1,0,0,1,1,0,0,0,0,0,0,0,16.287
1,0,0,0,1,0,0,1,1,1,0,1,1,0,17.698
0,1,1,0,0,0,1,0,0,0,1,1,0,1,17.212
1,0,1,0,1,1,1,0,0,1,1,0,0,0,17.176
1,0,0,1,0,0,1,0,0,1,1,1,0,1,18.008
1,0,0,0,0,0,1,1,1,0,1,0,1,0,16.097
1,1,0,0,0,0,0,1,0,0,1,1,1,0,16.988
0,1,1,1,0,0,1,1,0,1,1,1,1,0,17.82
1,1,0,1,1,0,0,1,0,0,1,1,0,0,17.132
1,1,0,1,0,0,1,0,0,1,1,1,1,1,17.881
0,1,0,0,0,1,0,1,0,1,1,1,1,0,17.892
0,1,1,1,1,0,0,1,0,1,1,0,1,1,16.967
0,0,0,0,0,0,1,0,1,0,1,0,1,1,16.11
0,1,1,1,1,0,0,0,1,0,0,0,0,0,16.335
0,1,1,1,1,1,1,1,0,0,1,0,1,1,16.308
0,1,0,0,1,0,0,1,0,1,0,0,1,1,16.969
1,0,1,0,0,0,0,1,0,0,1,1,0,0,17.094
1,1,0,0,1,0,0,1,0,0,0,0,1,0,16.29
0,1,0,0,1,1,1,0,1,0,1,1,1,1,16.922
1,1,1,0,0,1,0,1,1,0,1,0,0,1,16.305
1,0,0,0,0,0,1,0,1,1,1,0,1,1,17.029
1,0,0,1,1,0,1,1,1,1,1,1,1,1,17.855
1,1,0,1,1,1,0,0,1,1,0,1,0,0,18.082
0,1,1,1,0,0,1,1,1,1,1,0,0,0,17.175
0,0,0,1,0,1,0,1,0,0,1,0,0,0,16.171
1,0,1,0,0,1,1,0,0,1,1,1,1,0,17.895
0,1,1,0,0,0,0,1,1,1,0,0,1,0,16.946
1,0,0,1,0,1,1,0,0,1,1,1,1,1,17.677
1,0,1,0,1,0,0,0,1,1,1,0,1,0,17.055
1,0,1,1,1,1,1,0,0,1,1,1,1,0,17.869
0,1,1,0,1,1,1,1,0,1,0,1,0,0,17.588
0,0,1,0,0,0,0,0,1,0,1,1,0,1,16.84
0,1,1,1,0,0,0,0,0,0,0,1,0,1,16.992
0,0,1,1,0,0,1,0,0,1,0,0,1,0,17.103
0,1,1,0,0,1,1,0,0,1,0,1,0,0,17.699
0,1,0,1,0,0,0,1,0,0,1,1,0,0,17.044
0,0,1,1,0,1,0,1,0,1,0,1,1,1,17.785
1,1,0,0,0,0,1,1,0,1,1,1,1,0,17.834
0,1,1,1,1,0,1,1,1,1,0,0,0,0,17.31
0,1,0,0,0,0,1,0,0,1,1,0,0,0,17.346
1,0,1,0,0,1,0,1,0,0,1,1,1,0,17.154
0,0,1,1,0,1,1,1,0,1,0,0,0,1,16.98
0,0,1,1,0,1,1,0,0,0,0,1,0,0,17.088
1,1,0,1,1,1,1,0,1,1,0,0,0,0,17.463
1,1,0,0,0,0,0,1,0,1,0,1,1,0,17.883
0,0,1,0,0,0,1,0,1,0,0,1,1,0,16.96
0,0,0,0,1,0,0,1,0,1,1,1,1,1,17.74
0,1,0,1,1,1,0,1,0,0,0,1,1,1,16.981
1,0,0,0,1,0,0,0,0,1,0,1,1,1,17.838
1,0,1,1,0,0,0,1,1,0,1,0,1,0,16.246
0,0,1,0,1,1,1,1,0,0,0,0,0,1,16.4
1,0,0,0,0,1,0,0,1,0,0,1,1,0,16.914
1,0,0,0,1,1,1,1,0,1,0,0,0,1,17.022
0,1,1,1,0,0,0,0,0,0,0,0,1,1,16.178
1,1,0,1,0,1,0,1,1,1,0,0,0,0,17.09
0,1,1,1,0,0,0,1,1,1,0,0,0,0,17.266
0,1,1,1,1,1,0,0,1,1,1,1,1,1,17.711
1,0,0,0,0,0,0,0,0,0,1,0,1,0,16.412
0,1,0,1,0,0,0,1,1,1,0,1,0,0,17.867
0,1,0,0,0,0,1,1,1,1,1,0,0,1,17.045
0,0,0,0,0,1,0,0,1,0,0,0,0,1,16.029
1,1,0,1,1,1,0,1,0,0,1,1,1,1,16.9
0,0,1,0,0,1,1,1,0,1,0,1,1,1,17.697
0,0,0,1,1,1,0,0,1,0,1,1,1,0,16.989
0,1,0,0,1,1,0,0,1,0,0,0,0,0,16.081
1,0,0,0,0,1,1,1,0,0,0,1,0,0,17.165
1,1,0,1,0,0,0,1,1,0,0,1,1,1,17.051
1,1,0,0,0,1,1,1,0,0,0,0,1,0,16.23
1,0,0,1,1,0,0,1,1,1,1,1,1,1,17.875
0,1,1,0,1,0,1,1,1,0,0,1,1,1,16.887
0,1,0,1,1,0,1,1,0,0,0,0,1,0,16.329
1,0,0,0,1,1,1,1,1,1,1,0,0,0,17.061
1,0,1,1,0,1,0,1,0,0,1,1,0,1,17.103
1,0,1,0,1,0,0,1,1,0,1,0,0,1,16.267
1,1,1,1,1,1,1,1,1,1,1,0,1,1,17.028
1,1,1,0,1,1,0,0,1,1,0,1,1,1,17.8
0,1,0,1,1,0,0,0,1,0,1,0,0,1,16.477
1,0,1,0,1,1,0,1,1,1,1,0,1,1,16.927
0,0,0,1,1,0,1,1,0,1,1,1,0,0,17.893
1,0,0,0,0,1,0,1,1,0,1,0,0,1,16.165
1,0,1,0,0,1,1,1,1,1,0,0,1,0,17.005
0,0,0,1,0,0,1,1,1,1,1,0,1,1,17.058
0,0,0,0,1,0,1,1,1,1,1,1,0,0,18.016
0,1,1,0,0,0,1,0,1,0,1,0,1,0,16.286
0,1,0,0,1,0,1,0,0,0,1,0,0,0,16.163
1,0,0,1,1,1,0,1,0,1,1,1,1,1,17.897
1,1,0,0,1,0,0,0,1,1,1,1,1,0,17.92
1,1,0,1,0,0,0,0,0,1,0,1,1,1,17.939
0,0,1,1,1,1,1,0,1,1,0,1,1,0,17.89
0,1,1,0,0,0,1,0,1,0,0,0,1,0,16.034
0,1,0,1,1,0,1,1,0,1,1,1,0,0,18.13
0,1,1,0,0,1,0,0,1,1,1,1,1,1,17.85
1,0,1,1,0,1,1,0,1,1,0,1,0,0,17.939
0,1,0,1,0,0,1,1,1,0,1,0,0,1,16.593
1,0,1,1,0,0,1,0,1,0,1,1,1,1,16.952
0,0,1,1,0,1,1,0,1,0,1,0,0,1,16.479
0,0,0,1,1,1,0,1,0,1,0,1,0,1,17.602
1,1,1,0,0,0,0,1,1,1,1,1,0,1,17.92
0,1,0,0,0,1,0,0,1,1,0,0,1,0,16.853
1,0,0,1,1,1,1,0,1,0,0,0,1,1,16.254
1,1,0,1,1,1,1,1,0,1,1,1,1,1,17.783
1,0,1,0,0,1,0,0,1,1,1,0,0,1,17.136
0,1,0,1,1,0,1,1,1,1,1,1,0,0,18.012
1,0,0,1,0,1,0,0,0,1,1,0,0,1,17.072
0,1,0,1,0,1,1,1,0,0,1,1,1,0,16.975
1,0,1,1,0,0,0,1,1,0,1,1,1,1,17.082
1,0,1,1,0,0,0,0,1,0,1,1,1,1,16.98
0,1,1,1,1,0,1,1,0,1,0,1,0,1,18.082
1,1,1,1,1,1,1,0,0,0,0,0,0,1,16.32
1,0,0,0,1,0,0,0,1,1,1,0,0,1,17.224
0,0,0,0,1,0,1,0,1,1,1,0,0,0,17.104
0,1,1,1,0,1,1,1,0,1,1,0,1,0,17.156
0,1,1,0,0,0,1,0,1,0,1,1,1,0,16.889
0,0,0,0,0,1,0,0,0,0,0,1,0,1,16.936
1,1,0,0,0,1,1,1,0,0,1,1,1,0,17.06
1,0,0,0,0,0,1,0,0,0,0,1,0,0,16.931
1,1,0,1,1,1,0,1,0,1,0,1,1,0,17.897
0,1,0,1,1,1,1,0,1,1,1,0,1,1,16.974
0,1,0,1,1,0,0,0,0,0,0,0,0,1,16.422
1,1,0,1,0,0,0,1,1,1,0,0,1,0,17.114
0,1,0,1,1,0,0,0,0,0,1,1,1,0,16.928
0,1,1,1,0,1,1,1,1,1,0,0,1,1,17.083
0,0,1,1,1,0,1,1,0,1,1,0,1,1,17.133
1,1,0,0,0,0,1,0,1,1,0,1,0,1,17.867
0,0,0,0,1,0,1,1,0,0,1,1,1,0,16.742
1,1,0,1,0,0,0,0,0,0,1,0,0,0,16.512
0,1,1,0,0,0,1,1,0,1,0,0,1,0,17.267
1,0,1,1,1,1,0,0,1,0,1,0,0,1,16.361
1,1,1,1,0,0,1,0,1,1,1,1,0,0,17.774
1,0,1,0,0,0,1,1,0,0,0,0,0,0,16.331
1,1,1,0,1,1,0,0,1,0,0,0,0,0,16.272
1,1,0,0,1,1,0,0,1,0,0,1,0,0,17.141
0,0,0,1,1,0,1,0,0,1,0,0,0,0,17.145
0,0,0,0,1,1,0,0,1,0,1,1,0,0,16.904
0,0,1,1,0,0,1,1,1,1,1,0,0,1,17.245
1,0,1,0,0,0,0,1,0,1,0,0,0,0,17.387
0,0,1,0,1,1,0,0,1,0,0,1,1,0,16.941
0,0,0,1,1,1,0,1,0,1,0,1,1,1,17.831
1,1,1,1,1,0,1,0,0,1,1,0,1,0,17.301
0,1,1,1,0,1,1,1,0,0,1,1,1,1,16.931
0,0,1,1,0,1,0,0,1,0,0,0,1,0,16.226
0,1,1,1,1,0,0,1,0,0,1,1,0,1,17.065
0,0,1,1,0,0,1,1,0,0,1,0,0,1,16.398
1,1,1,0,1,1,1,0,1,0,0,0,1,0,16.308
1,1,0,0,1,0,1,0,0,1,0,0,0,0,17.232
0,0,1,1,1,1,0,1,0,1,0,1,1,1,17.853
0,0,1,1,1,0,1,0,0,1,1,0,1,1,17.084
0,1,0,0,1,0,0,0,1,1,0,0,1,0,17.213
0,0,1,0,0,0,1,1,0,0,1,1,0,0,17.172
1,1,0,0,0,0,0,1,1,1,1,0,0,0,17.5
0,1,0,0,1,0,0,0,0,1,1,0,1,0,17.15
0,0,1,1,0,0,0,1,0,0,0,0,0,0,16.285
1,0,1,0,1,0,0,0,1,0,0,1,0,0,17.161
1,0,1,1,1,0,0,1,0,0,0,1,1,0,17.045
0,1,1,0,0,0,1,1,0,1,0,0,0,1,17.32
1,0,1,1,0,0,0,0,0,0,1,0,1,0,16.26
1,0,0,0,0,0,1,0,0,1,1,0,1,1,17.214
1,1,1,1,0,1,0,1,0,0,0,1,1,0,16.969
0,1,1,0,0,0,0,0,1,1,1,1,0,0,17.918
1,1,1,1,0,0,0,1,1,1,0,0,0,0,17.282
0,0,0,1,1,0,0,0,0,1,1,0,1,0,17.164
1,1,0,0,1,0,0,0,1,1,0,0,1,0,17.202
0,1,1,0,0,0,1,0,1,1,0,0,1,1,16.943
1,1,1,0,0,1,0,0,1,1,0,1,1,0,17.818
0,1,0,1,0,1,1,1,1,1,1,0,1,1,16.848
0,1,1,0,0,1,0,0,1,0,1,1,0,0,16.947
1,0,0,0,1,1,0,0,1,1,0,1,1,1,17.819
0,0,1,0,0,1,1,1,1,0,1,1,1,0,16.839
0,1,0,1,1,0,1,1,1,0,1,0,0,1,16.426
1,0,1,0,0,0,0,0,1,0,0,0,1,1,16.242
0,1,1,0,0,0,1,0,0,0,0,0,1,1,16.127
0,1,1,0,0,1,0,0,0,1,1,1,1,1,17.77
0,1,0,1,0,0,0,0,0,0,0,0,1,1,16.151
0,0,1,0,1,0,0,1,1,0,1,0,0,0,16.303
1,1,0,0,0,1,1,0,1,0,0,1,0,1,17.014
1,0,0,0,0,0,1,0,1,1,0,0,1,1,16.964
0,1,1,1,0,1,0,0,1,0,1,0,1,0,16.2
0,0,0,1,0,0,0,1,1,0,0,0,1,0,16.129
1,0,1,0,1,0,0,0,0,1,0,1,1,0,17.854
1,0,0,1,1,0,1,0,1,1,1,0,0,1,17.104
1,1,1,0,1,0,1,0,1,1,0,0,1,1,17.354
0,1,1,1,0,0,1,1,1,0,1,1,1,0,16.913
1,1,0,1,1,0,1,1,1,0,0,1,1,0,16.856
1,0,1,0,0,1,0,1,0,1,1,0,1,0,17.104
0,1,0,0,1,0,0,0,1,0,1,0,1,1,16.161
1,0,0,1,1,0,1,0,0,0,1,0,0,0,16.266
1,0,1,0,1,1,1,0,0,1,0,0,0,1,17.018
1,1,1,1,0,0,0,1,1,1,1,1,0,1,17.799
1,1,1,0,0,0,0,1,0,1,0,1,0,0,17.864
1,0,0,1,1,1,0,0,0,0,0,0,0,1,16.276
0,1,1,1,0,0,0,1,1,0,1,1,0,1,17.088
0,1,0,1,1,0,0,0,0,0,0,1,0,1,17.124
0,0,0,0,0,1,1,0,1,1,1,0,0,0,17.281
0,1,1,0,0,0,0,1,0,1,1,0,1,0,17.12
0,1,1,0,1,1,0,0,0,1,0,1,1,1,17.817
1,1,1,1,0,1,1,1,0,1,0,0,1,0,17.196
0,1,0,0,1,0,1,0,1,1,0,1,0,0,17.936
1,1,0,1,0,1,1,0,0,1,1,1,1,0,17.903
1,1,1,0,1,0,1,1,1,0,1,0,0,1,16.397
1,0,0,0,0,1,1,0,1,1,1,1,1,0,17.866
0,0,1,1,0,1,1,1,1,1,1,0,0,0,17.105
0,1,0,1,1,0,1,1,1,0,0,0,1,1,16.073
1,0,1,1,0,0,1,0,1,0,0,1,1,1,17.016
0,1,0,0,1,0,1,0,1,0,0,0,1,1,16.162
1,1,1,1,1,0,1,0,1,1,0,0,0,0,17.319
0,1,0,1,0,0,1,0,0,1,1,1,0,0,17.832
1,1,1,1,1,1,1,1,1,1,0,0,0,0,17.311
0,1,0,1,1,0,1,0,1,0,1,1,0,0,16.981
1,0,0,1,1,0,0,0,0,1,1,0,0,1,17.239
1,1,0,1,0,1,1,0,0,1,1,1,0,0,17.87
0,0,1,1,1,1,0,0,1,0,0,0,0,1,16.303
0,0,1,0,0,0,0,0,1,1,1,1,0,0,17.933
0,0,1,0,0,1,0,0,0,0,1,0,1,0,16.253
1,0,1,0,0,1,1,0,0,1,1,0,0,0,17.191
1,0,0,1,0,0,1,0,1,0,1,1,0,1,17.202
0,0,1,1,1,0,1,0,0,1,1,0,1,0,17.06
1,1,1,1,0,1,1,0,0,0,1,0,1,1,16.281
1,1,0,1,1,1,0,1,0,0,1,1,1,1,17.036
0,1,0,1,1,0,1,0,1,0,0,0,0,0,16.212
1,0,0,0,1,0,1,1,1,0,0,1,1,1,16.803
0,0,1,0,1,1,1,0,0,0,0,1,1,0,16.931
1,0,1,0,0,1,1,0,0,0,1,0,1,0,16.301
0,0,0,0,1,1,0,1,1,1,1,1,0,1,17.636
0,0,0,1,0,1,1,0,0,1,0,0,1,1,16.992
1,1,0,1,0,0,0,0,1,1,1,1,0,0,18.098
0,1,1,1,0,1,0,1,1,0,1,1,1,1,16.807
0,1,1,1,0,1,1,1,0,0,0,1,1,1,16.872
1,0,0,0,0,0,1,0,0,1,0,1,1,0,17.736
1,1,1,0,1,1,1,1,0,0,0,0,1,1,16.407
1,1,1,1,0,0,0,1,1,0,1,0,0,0,16.645
0,0,0,1,0,0,1,1,1,1,0,1,0,0,17.869
0,0,1,1,0,1,0,0,0,1,1,0,1,0,17.082
0,0,0,1,1,0,0,1,0,1,0,1,1,1,17.776
1,1,0,1,1,1,0,1,0,0,1,0,0,1,16.354
1,0,1,1,1,1,1,1,0,1,0,0,0,1,17.081
0,0,1,0,1,0,1,0,1,0,0,0,1,0,16.075
0,1,0,0,0,1,0,0,0,0,0,1,1,0,16.944
0,0,1,0,1,0,0,0,0,1,1,0,0,0,17.256
1,1,0,1,0,1,1,0,1,0,0,0,1,1,16.242
1,0,0,1,0,0,0,1,1,0,1,0,1,1,16.273
1,1,0,1,1,0,1,0,0,1,1,0,0,1,17.199
0,0,0,0,1,0,0,0,1,1,1,0,1,1,17.028
0,1,1,0,0,0,0,1,0,1,0,1,1,1,17.602
1,0,1,0,0,1,0,0,1,0,1,0,0,0,16.28
0,1,0,1,1,1,0,0,1,0,1,0,0,0,16.364
0,1,1,0,0,0,1,0,0,1,1,0,1,1,17.176
1,0,0,1,1,0,1,1,0,1,0,1,1,1,17.898
1,0,1,1,0,1,0,1,1,0,1,1,1,1,16.924
0,0,1,1,1,0,1,1,1,1,1,0,1,1,16.92
1,0,1,1,1,0,1,1,1,0,0,0,0,0,16.312
1,0,1,1,1,1,0,0,0,0,1,0,1,0,16.273
0,0,1,0,0,0,1,1,0,1,0,1,1,0,17.694
1,1,1,0,1,1,1,1,0,0,0,1,1,1,17.183
0,1,0,1,0,1,1,0,1,0,1,0,1,1,16.243
0,1,1,1,0,0,0,0,1,1,1,0,0,0,17.387
0,1,0,1,0,1,0,1,0,0,0,0,1,1,16.104
1,1,0,0,1,0,0,1,0,0,0,1,1,0,16.894
0,1,0,1,1,0,0,0,1,0,1,0,0,1,16.251
0,1,1,0,0,1,1,0,0,1,0,0,0,0,17.184
0,0,1,1,1,1,1,0,0,1,0,1,1,1,17.607
1,0,1,1,1,1,0,1,0,1,0,0,0,1,17.143
1,1,1,0,1,0,1,0,1,1,0,0,0,0,17.354
1,0,0,0,1,1,0,1,1,0,1,1,1,1,16.969
0,1,1,0,1,1,1,1,1,1,1,0,1,1,17.037
0,0,1,0,1,1,1,1,1,0,1,1,0,1,16.963
0,0,1,1,1,0,0,1,1,1,0,1,1,1,17.752
0,0,0,0,1,0,1,1,0,1,0,0,0,0,17.241
1,1,1,1,1,1,1,1,0,0,0,0,1,1,16.316
0,0,1,1,0,0,0,1,1,0,0,0,1,1,16.159
0,0,1,0,1,1,1,0,1,1,1,1,0,0,17.763
0,1,0,1,1,0,0,0,1,1,0,0,1,1,16.98
0,0,1,1,1,0,1,0,0,1,1,1,1,0,17.744
0,0,0,1,0,0,0,0,1,0,1,1,0,1,16.947
0,0,0,0,0,1,1,0,1,1,1,0,0,1,16.909
1,0,1,1,1,1,0,1,1,1,0,1,1,0,17.75
1,0,0,0,1,0,1,1,0,0,1,0,1,0,16.092
1,0,0,0,1,0,1,0,1,0,1,0,1,0,16.251
0,0,0,1,0,1,1,1,0,0,1,1,1,0,17.084
1,1,0,1,1,1,0,1,1,0,0,1,0,1,17.101
0,1,0,0,0,1,1,1,0,1,0,0,1,0,16.892
1,1,1,0,0,1,1,1,1,1,0,1,1,1,17.83
1,1,0,1,1,0,1,1,0,1,0,0,0,1,17.387
0,1,1,0,0,1,0,1,0,0,1,1,0,1,17.117
1,1,1,0,0,1,0,1,0,1,1,1,0,0,17.941
1,1,0,1,1,1,1,0,0,0,1,0,1,0,16.245
1,0,0,0,0,0,1,0,0,1,0,1,1,1,17.913
1,1,0,1,1,0,1,1,0,1,0,1,0,1,18.116
0,1,1,0,0,1,0,0,1,1,0,0,1,1,17.134
1,1,1,1,1,1,1,0,1,1,1,0,0,0,17.181
1,1,1,0,1,1,1,0,1,1,0,0,1,1,17.036
0,0,1,0,1,1,1,1,1,0,0,1,1,1,16.764
1,0,0,1,1,1,1,1,1,1,0,1,0,1,17.789
1,0,1,1,1,0,0,0,1,1,0,0,1,1,17.004
1,0,0,1,1,1,1,0,1,1,1,1,1,0,17.727
0,0,1,1,1,0,1,1,1,1,0,1,0,0,17.988
1,0,0,0,0,0,1,0,1,1,0,0,0,1,17.195
0,1,0,0,1,0,1,0,1,0,0,0,1,0,16.272
1,0,0,1,1,1,0,1,0,0,0,1,1,1,17.091
0,0,1,0,0,1,1,1,1,0,0,0,0,1,16.183
1,1,0,1,1,0,1,1,0,0,1,0,0,0,16.581
0,1,0,0,1,1,1,1,1,0,1,1,0,1,17.109
1,0,1,0,1,0,1,1,1,1,1,0,0,1,17.275
1,0,0,0,1,0,1,1,1,0,1,0,0,1,16.431
0,0,1,1,1,0,1,0,1,1,1,1,0,1,17.788
1,1,1,1,0,0,0,0,0,0,0,0,1,0,16.128
0,1,1,1,1,0,0,1,0,0,0,0,1,1,16.195
1,1,0,1,1,0,1,0,1,0,1,1,0,1,17.024
1,0,1,0,1,1,1,0,1,0,1,1,0,1,16.876
0,0,0,1,0,1,0,0,1,0,0,1,0,0,16.839
0,0,0,1,0,0,1,0,1,0,0,0,0,1,16.347
0,1,1,1,1,0,0,0,1,0,1,1,0,0,17.266
0,1,0,1,0,0,0,0,1,1,1,1,1,0,17.807
0,0,0,1,1,1,0,1,1,1,1,1,1,1,17.793
1,1,1,0,0,0,1,1,0,1,1,1,0,0,18.092
0,1,0,0,0,1,1,1,0,0,1,0,1,0,16.291
1,1,0,1,0,0,0,0,0,0,0,0,1,0,16.035
0,0,1,1,0,0,1,0,1,1,1,1,1,1,17.722
1,1,1,1,1,0,1,0,1,0,1,1,1,1,16.953
1,0,1,1,1,0,0,0,0,1,1,1,0,1,17.818
0,0,0,1,0,0,1,0,1,1,0,0,0,1,17.091
1,0,0,1,0,1,0,0,1,0,1,1,1,1,17.071
1,1,0,0,1,0,1,0,0,0,0,0,1,1,16.102
0,1,1,0,0,1,0,0,0,1,1,1,0,1,17.841
1,1,1,0,0,0,0,0,1,0,0,0,0,1,16.3
0,0,1,0,1,1,0,0,0,0,1,0,0,1,16.311
1,1,1,1,0,1,1,0,0,1,1,0,1,1,16.941
0,1,0,0,1,1,0,0,0,1,1,1,0,0,17.94
0,0,0,1,0,0,0,0,0,1,1,0,0,1,17.122
0,0,1,1,1,1,1,0,0,0,1,1,1,1,16.966
0,0,1,1,0,1,0,1,1,1,1,1,0,1,17.763
0,0,1,0,1,0,1,0,1,1,0,1,0,0,17.833
1,1,1,0,0,1,0,1,0,1,0,0,1,0,17.032
0,1,1,0,0,0,0,1,0,1,1,1,1,1,17.729
0,0,0,1,1,1,0,0,0,1,1,1,1,0,17.817
0,1,0,0,0,1,1,0,1,1,1,1,1,0,17.714
1,1,0,1,0,0,1,1,1,0,1,0,1,0,16.336
1,0,1,0,1,0,1,0,0,1,1,1,1,1,17.863
1,1,0,0,0,1,0,1,0,1,1,0,1,0,17.388
1,1,0,1,1,1,0,0,1,1,1,1,1,0,18.037
0,1,1,1,0,0,0,1,1,1,1,1,0,0,18.051
0,1,1,1,0,1,0,0,0,0,0,0,0,0,16.432
1,0,1,0,0,0,1,0,0,0,1,0,1,0,16.162
1,0,0,0,1,0,1,1,0,1,0,0,0,1,17.226
0,0,1,0,0,1,0,0,0,0,0,0,1,1,16.167
0,1,0,0,1,0,0,0,0,1,0,0,1,1,17.009
0,0,1,0,1,0,1,1,0,0,1,1,0,0,17.277
1,1,0,1,0,0,0,1,0,1,1,1,0,1,17.825
0,0,1,0,0,1,0,0,1,0,0,1,0,1,16.969
0,0,0,1,0,1,1,0,0,0,1,1,0,0,16.884
0,0,1,1,1,0,0,0,1,0,0,0,0,1,16.254
0,1,0,1,1,0,0,0,1,0,1,0,0,0,16.337
1,0,0,0,0,0,1,0,1,0,1,1,1,1,16.902
0,0,0,1,0,0,0,0,0,0,1,0,0,0,16.243
1,1,1,1,0,0,0,0,1,1,1,1,1,0,17.927
0,0,0,0,0,0,1,1,0,0,0,0,1,1,16.246
0,1,0,0,0,1,1,0,1,0,1,1,0,0,17.136
0,0,0,0,1,1,0,1,1,1,0,0,0,0,17.142
0,0,1,0,0,0,1,1,1,0,0,0,0,1,16.061
0,0,1,0,1,0,1,0,0,0,1,1,1,1,16.987
0,0,1,1,0,1,1,1,1,0,0,0,1,0,16.218
0,0,1,0,1,1,0,1,0,1,0,0,1,1,16.915
1,1,0,1,0,0,0,0,0,0,0,1,1,0,16.898
0,1,1,0,0,0,1,0,1,1,0,0,0,0,17.157
1,1,0,1,1,1,0,0,0,1,0,0,0,1,17.075
1,0,1,0,1,1,0,0,1,1,1,0,1,1,17.016
1,0,0,0,1,1,1,0,0,1,1,0,1,1,17.07
1,1,1,0,1,0,1,0,1,1,1,0,0,0,17.146
1,1,0,1,0,0,1,0,0,0,1,0,1,1,16.27
1,1,1,0,0,1,1,0,1,0,0,0,0,0,16.21
1,1,0,0,0,0,0,1,1,0,0,1,1,0,16.904
0,0,1,1,0,0,1,1,0,0,0,1,1,1,16.892
0,1,0,1,0,1,0,1,1,1,1,1,0,1,17.946
0,1,1,0,1,1,0,1,0,1,0,0,1,1,16.932
1,1,1,0,0,1,0,0,0,1,0,1,1,0,17.853
1,0,1,0,0,1,0,0,1,0,1,1,1,1,16.975
1,1,0,1,0,1,0,0,0,1,0,0,1,0,17.079
0,0,1,1,0,1,1,0,0,1,0,1,1,0,17.751
0,1,0,0,1,0,1,1,0,1,0,1,1,1,17.756
0,1,0,1,0,0,0,1,0,1,1,1,0,1,17.918
1,0,1,1,1,0,0,0,1,1,1,0,1,1,17.151
0,1,0,0,0,0,1,0,0,1,1,1,0,1,18.035
0,0,0,1,0,1,1,0,1,1,1,1,1,1,17.91
1,0,0,0,0,1,0,0,1,0,0,1,1,0,17.067
0,0,0,0,0,1,0,0,1,1,1,0,0,1,17.141
1,0,1,1,0,0,1,1,0,1,1,1,1,1,17.987
0,0,0,0,1,0,1,1,0,0,1,1,0,0,17.201
0,1,1,1,1,0,1,1,0,1,1,0,1,0,17.188
0,1,1,0,1,0,1,0,1,0,0,1,1,1,17.047
1,1,0,1,0,1,0,0,1,0,1,0,1,1,16.511
0,0,1,1,1,0,1,1,0,0,0,1,1,1,16.958
1,1,1,0,0,0,0,1,1,0,0,0,1,0,16.174
0,0,0,1,0,1,1,1,1,0,0,1,0,1,16.955
1,1,0,0,0,0,1,0,1,1,1,0,0,1,17.365
0,1,1,0,1,0,0,1,1,0,0,0,0,1,16.299
1,1,0,1,0,1,1,0,0,1,1,1,0,1,17.985
1,1,1,0,1,0,1,0,1,0,0,1,0,0,17.06
0,1,1,0,1,0,0,1,1,1,0,0,0,0,17.17
1,1,0,0,0,0,1,1,0,1,0,0,1,1,17.049
0,1,1,0,1,0,1,1,1,1,0,0,0,1,17.144
0,0,1,0,1,1,0,1,0,0,0,1,1,0,17.062
0,1,0,1,1,1,1,0,1,1,1,1,0,1,17.865
0,0,1,1,0,0,0,0,1,1,0,0,0,0,17.209
1,1,0,0,0,1,0,0,1,0,1,1,0,1,17.205
0,1,0,1,0,1,1,0,1,1,0,0,1,0,17.111
0,0,1,1,0,0,0,1,1,0,1,1,1,0,16.923
0,0,1,1,0,1,0,1,1,0,1,1,0,1,17.102
0,1,0,0,0,1,0,0,1,0,1,0,0,1,16.532
1,0,1,0,0,1,0,1,1,1,0,1,1,1,17.786
0,1,1,1,1,0,0,0,1,0,0,0,0,0,16.288
1,1,0,1,0,1,0,1,0,1,1,0,1,1,17.136
1,1,1,1,1,1,0,1,1,0,0,1,1,0,16.932
0,1,0,1,0,0,0,1,0,0,1,0,0,0,16.321
0,1,0,0,1,0,1,1,1,0,1,1,1,1,16.922
1,1,0,1,0,1,0,0,0,0,0,0,0,1,16.318
0,1,1,0,1,0,1,0,1,0,0,1,1,0,16.816
0,0,0,0,0,1,1,1,0,0,0,0,0,1,16.299
0,1,1,0,0,1,1,1,0,0,0,0,1,1,16.184
1,0,0,1,1,1,0,1,1,0,1,1,1,1,16.97
0,1,0,0,1,1,1,0,0,1,0,0,1,1,17.135
1,0,0,1,1,0,0,0,0,1,0,1,0,1,17.824
0,1,0,0,0,0,0,1,1,0,1,0,0,1,16.414
1,1,1,0,0,1,1,0,0,0,1,0,0,1,16.61
0,1,0,1,0,1,1,0,0,0,1,0,1,0,16.113
1,1,1,0,0,1,0,1,1,1,1,1,0,0,17.884
1,1,0,1,0,1,0,0,1,1,1,0,0,1,17.271
0,0,0,0,1,0,0,1,0,1,1,1,0,1,17.936
1,1,0,1,0,1,0,0,0,0,0,1,0,0,17.085
1,1,1,0,0,1,1,1,0,1,0,0,0,0,17.224
1,1,1,1,0,0,0,0,1,0,0,0,1,0,16.347
1,0,1,1,0,1,0,1,1,1,0,1,0,0,18.054
1,0,0,1,1,1,1,1,0,0,1,1,0,1,17.138
0,0,1,1,0,1,0,1,0,1,1,1,1,0,17.702
1,1,1,0,0,1,0,0,0,1,0,0,1,0,17.086
0,0,1,1,0,0,0,0,0,1,0,0,0,0,17.23
1,1,0,0,0,1,0,0,0,0,1,0,0,1,16.56
0,1,0,1,0,1,0,1,0,0,0,0,0,0,16.342
0,1,1,1,1,1,0,0,1,0,0,1,0,0,16.983
1,0,1,1,1,0,1,0,1,0,1,0,0,1,16.378
0,0,1,1,0,1,1,1,1,0,0,1,0,1,16.937
1,1,1,1,0,0,0,0,0,1,1,1,0,0,18.112
1,1,1,1,1,1,1,0,0,0,0,0,0,0,16.243
0,0,1,0,0,0,0,0,0,0,1,0,1,0,16.382
0,1,1,0,1,1,1,0,0,0,1,0,1,1,16.317
0,0,1,1,1,0,0,0,0,0,0,1,1,0,16.907
1,0,1,1,0,1,1,1,1,0,0,0,1,1,16.338
1,1,0,0,1,0,0,1,1,1,0,0,0,0,17.252
0,1,0,1,0,0,0,1,1,0,0,1,0,1,16.989
1,0,0,0,1,0,1,0,1,0,0,1,0,1,17.304
1,1,0,0,0,1,0,0,1,0,1,0,0,1,16.555
1,0,0,1,0,0,0,1,0,1,1,0,1,0,17.142
0,0,1,1,1,0,0,0,0,0,1,1,0,0,16.841
0,0,0,1,0,1,1,0,1,0,1,0,0,0,16.203
1,1,0,1,1,0,0,0,0,1,0,1,0,1,17.702
0,0,0,0,0,1,1,1,1,0,0,0,0,0,16.283
0,1,1,0,0,1,0,1,0,0,0,0,1,1,16.201
0,0,0,0,0,1,0,1,1,1,0,1,1,0,17.6
1,1,0,0,1,1,0,0,0,1,0,0,1,1,17.002
1,1,0,0,0,1,0,0,1,0,0,1,1,1,17.029
0,1,1,0,1,0,0,0,0,1,0,1,0,1,17.928
1,0,0,0,0,1,1,0,1,0,0,1,0,0,17.265
0,0,1,0,1,1,0,0,1,0,1,1,0,1,17.043
0,1,1,1,0,1,0,0,1,0,1,1,0,0,17.28
0,1,1,1,0,1,1,0,0,1,0,0,1,0,16.956
1,1,1,0,1,1,1,1,0,0,0,0,1,1,16.195
0,1,0,0,0,1,0,0,0,0,0,0,1,1,16.377
0,0,1,0,0,0,1,1,1,1,1,0,0,1,17.142
1,1,0,1,1,1,1,0,0,1,1,0,0,0,17.485
0,1,0,1,0,1,1,1,0,0,0,1,0,0,17.088
1,0,1,1,0,0,1,1,1,0,1,1,0,0,17.155
1,0,0,1,0,0,0,0,0,0,1,0,0,1,16.313
1,1,0,1,0,0,1,1,1,0,0,1,0,0,17.287
1,0,1,1,0,0,0,1,1,0,0,1,0,0,17.004
0,1,0,1,1,1,0,1,0,1,1,0,0,1,17.225
1,1,0,1,1,1,0,1,1,0,0,0,1,0,16.275
1,1,1,1,1,1,0,0,1,0,0,1,1,0,16.942
1,0,1,0,1,0,1,0,1,0,0,1,0,0,17.037
0,0,0,1,1,0,0,1,0,0,0,1,1,1,16.897
0,0,1,0,0,0,0,1,0,0,0,1,0,0,17.003
1,0,1,1,0,1,0,0,0,1,0,0,0,0,16.976
0,0,0,0,1,1,1,1,0,0,0,0,0,0,16.208
1,0,0,1,0,0,0,0,0,1,1,1,0,0,17.991
1,1,1,0,1,0,1,1,0,1,1,0,1,0,17.22
0,1,0,0,0,1,0,1,0,1,1,1,0,0,17.829
1,0,1,1,0,1,1,1,0,1,1,1,0,1,17.734
1,0,0,0,0,0,0,1,0,1,0,1,0,1,17.826
0,0,1,1,1,0,1,1,0,1,0,0,1,1,17.034
0,0,1,1,1,1,0,1,0,1,1,1,0,0,17.863
1,1,0,0,1,0,0,1,1,0,0,0,1,0,16.323
1,0,0,0,1,1,1,0,1,1,1,0,1,1,17.09
0,0,1,1,1,0,1,1,0,0,0,0,1,1,16.162
0,0,1,1,1,0,1,1,1,0,0,1,1,0,16.813
1,0,0,0,1,0,0,1,1,0,1,1,0,0,17.224
0,1,0,1,1,0,1,1,1,1,1,0,1,1,16.968
0,0,1,1,0,1,0,1,0,1,1,1,1,0,17.769
0,0,1,1,0,0,1,0,0,0,0,0,0,0,16.096
0,0,0,0,0,0,1,1,0,1,1,0,0,1,17.008
0,0,1,0,0,1,0,1,1,0,0,1,1,0,16.819
1,0,1,1,0,1,0,1,0,1,0,0,1,0,16.929
1,1,1,1,1,1,0,1,1,0,0,0,0,1,16.315
1,1,1,1,0,0,1,0,1,1,0,1,1,0,17.802
1,0,0,0,1,1,0,0,1,1,0,1,1,0,17.824
1,1,0,1,1,1,1,0,1,1,1,1,1,0,17.977
0,0,0,0,1,0,0,0,0,1,0,1,0,0,17.912
1,1,1,0,0,1,0,0,0,0,1,1,1,0,17.025
1,1,0,0,0,0,1,1,1,1,1,1,1,0,17.991
1,1,0,0,0,1,0,1,0,0,0,1,1,1,17.103
1,1,1,1,1,0,1,0,1,1,0,1,0,1,18.123
0,1,0,1,0,1,1,1,0,0,0,0,1,1,16.186
1,0,0,0,0,1,1,0,1,0,1,1,1,1,17.138
1,0,0,1,0,0,1,1,0,1,0,1,1,1,17.927
0,1,0,1,0,0,0,0,1,1,1,0,1,1,17.162
0,1,0,0,0,1,0,1,0,1,0,0,1,0,17.081
1,1,0,1,1,0,1,1,0,1,0,1,1,0,17.719
0,1,0,1,0,1,0,0,1,0,1,0,1,1,16.376
0,1,1,0,1,0,1,0,1,0,0,1,1,1,16.794
1,0,0,1,0,0,0,1,0,1,1,0,0,1,17.112
1,1,0,1,0,0,1,1,1,0,1,0,0,0,16.398
0,1,1,0,0,1,0,0,1,1,0,0,0,0,17.169
1,1,0,1,0,1,0,1,1,0,1,1,1,0,16.878
1,0,0,0,0,1,1,0,1,1,1,0,1,0,17.085
1,1,0,1,0,0,1,1,1,0,1,1,0,1,16.963
1,1,1,1,0,1,0,0,0,0,1,0,0,0,16.333
1,1,0,1,0,0,0,1,1,1,1,0,0,1,17.301
1,0,1,1,1,0,0,1,1,0,0,0,0,0,16.267
0,1,0,0,1,0,1,1,0,1,1,1,1,0,17.875
0,0,0,1,0,0,0,1,1,0,1,1,0,1,16.988
0,0,0,1,0,0,0,1,1,1,0,1,0,1,17.844
1,0,1,1,0,0,1,0,1,1,1,0,1,0,16.976
1,1,1,1,1,1,1,0,1,0,0,0,1,0,16.024
0,1,0,1,1,1,1,0,1,0,1,1,1,0,16.842
0,1,1,1,1,1,0,1,0,1,0,1,1,1,17.771
0,1,1,1,0,0,1,1,1,1,0,0,1,0,16.901
0,1,0,1,0,0,0,0,1,0,1,0,1,1,16.072
1,0,1,0,0,1,0,0,1,1,0,0,1,0,16.927
1,0,0,0,0,0,0,0,1,0,1,1,0,0,16.998
1,1,1,0,1,1,0,0,1,0,0,1,0,0,17.177
0,1,1,0,0,1,1,0,0,1,0,0,0,1,17.016
0,1,1,1,1,1,1,0,0,1,0,0,0,0,17.15
0,0,1,0,1,1,0,0,1,1,1,1,0,0,17.686
0,0,1,0,1,1,0,0,1,0,1,1,0,0,16.935
1,0,1,0,1,1,0,1,1,0,0,0,1,0,16.34
1,0,0,1,0,1,1,1,1,1,1,1,1,1,17.96
1,0,1,1,1,1,1,1,1,1,1,1,1,0,17.81
0,1,0,1,0,0,1,0,0,0,0,1,0,0,16.969
1,0,1,1,1,1,0,0,0,0,1,0,0,0,16.366
1,1,0,0,1,1,0,0,0,0,1,1,0,0,17.032
0,1,0,1,1,0,0,0,0,0,0,0,1,1,16.03
1,0,1,1,1,1,1,0,0,1,0,0,1,0,17.201
0,0,1,1,0,1,0,0,0,0,1,0,0,0,16.34
1,1,0,0,1,0,1,0,1,1,1,0,1,1,17.155
1,1,1,0,1,1,1,0,1,1,0,1,0,1,17.954
0,0,0,0,1,0,0,1,1,0,0,0,0,1,16.114
1,1,1,1,1,0,0,0,0,1,0,1,0,0,17.921
0,0,0,0,1,0,0,0,0,1,0,1,1,0,17.86
0,0,0,0,1,0,1,1,0,1,1,1,1,0,17.566
0,0,1,1,0,0,1,0,1,1,1,1,1,0,17.67
1,1,0,1,0,0,0,0,1,1,1,1,1,0,18.076
1,1,1,1,0,0,0,1,1,1,0,0,1,0,17.104
1,0,0,0,0,0,0,0,0,0,0,0,1,0,16.247
0,0,0,1,0,1,0,1,1,1,0,1,0,1,17.516
0,0,1,0,1,0,0,1,0,1,1,1,0,1,17.814
1,0,0,0,1,0,1,1,0,0,1,1,0,1,16.887
0,1,1,1,1,0,0,0,1,1,1,1,1,0,17.886
1,0,0,1,0,0,0,0,1,0,1,0,0,0,16.063
0,0,0,1,1,0,0,1,1,1,1,0,0,1,17.284
0,0,0,0,0,0,0,0,0,1,0,1,0,1,17.715
1,0,0,0,0,0,1,0,0,1,0,1,0,0,17.996
1,0,1,0,1,1,0,1,1,1,0,1,1,1,17.785
0,1,1,0,0,1,1,1,0,1,1,0,1,1,17.249
1,0,1,0,0,0,0,0,1,0,1,1,1,0,16.956
0,0,1,0,0,1,1,0,0,1,1,0,1,0,16.922
1,1,1,0,0,0,0,1,1,0,1,0,1,1,16.126
0,1,0,0,1,1,1,1,1,0,0,1,1,0,16.814
1,0,1,0,1,1,1,0,1,1,0,0,0,1,17.208
0,0,1,0,1,0,0,1,0,1,0,0,1,1,16.913
0,0,1,0,0,1,1,1,0,1,0,1,0,1,17.619
0,0,0,0,1,0,0,1,1,1,1,0,1,0,17.017
0,0,0,1,0,1,0,1,1,1,1,1,0,1,17.529
0,0,1,0,1,0,0,0,1,0,1,1,1,0,16.924
0,1,0,0,1,0,0,0,1,1,0,1,0,0,17.928
1,1,1,0,1,1,0,1,1,0,1,0,1,1,16.204
1,1,1,0,0,0,1,1,1,0,0,0,0,1,16.367
0,1,0,1,0,1,1,0,0,1,0,0,0,1,17.016
0,0,1,1,0,1,0,0,1,0,1,0,0,1,16.199
0,1,1,0,1,1,1,1,0,0,1,1,0,1,16.957
0,0,0,0,1,0,1,1,0,0,0,1,1,1,16.867
0,0,0,0,1,1,0,0,1,0,0,1,0,1,16.899
0,0,1,0,0,1,1,1,1,1,0,1,0,0,17.804
1,1,0,1,1,0,0,0,1,0,1,1,0,1,17.143
0,0,0,1,0,0,1,0,0,0,1,0,1,1,16.21
0,0,0,0,0,0,0,1,1,1,0,0,1,1,16.971
0,0,1,1,0,0,0,1,1,1,1,1,1,1,17.721
0,0,0,1,0,1,1,0,0,0,1,1,1,0,16.95
0,0,1,0,1,1,1,1,1,0,1,1,0,0,17.156
0,1,0,0,1,1,1,0,0,1,1,0,0,1,17.243
1,0,0,1,1,0,0,1,0,0,0,0,0,1,16.275
1,1,0,1,1,1,1,1,1,1,0,1,1,0,17.927
1,1,0,1,1,0,0,0,0,0,1,1,0,1,17.192
1,1,1,0,0,1,0,1,1,0,1,0,0,1,16.49
0,0,1,1,0,0,0,0,0,0,1,0,1,1,16.305
1,1,1,1,1,0,1,1,1,0,1,0,1,0,16.217
1,1,1,0,0,0,0,0,0,0,1,0,1,1,16.278
0,0,1,0,0,1,0,0,0,1,0,1,1,1,17.994
0,1,0,0,0,0,1,1,0,1,0,0,1,0,17.095
0,1,0,0,0,0,0,0,0,1,0,0,0,1,17.182
1,1,0,0,0,0,1,1,0,1,1,1,0,1,17.912
0,1,0,0,0,0,0,0,0,0,0,0,1,0,16.169
1,0,0,1,0,0,1,0,1,1,0,1,1,1,17.866
0,0,1,1,1,0,0,1,1,0,0,1,1,1,16.971
1,0,1,0,0,1,1,0,1,0,0,1,0,0,17.172
0,0,1,0,1,0,1,1,0,0,0,1,0,1,17.228
1,1,0,1,1,1,1,1,1,1,0,0,0,0,17.26
1,1,1,1,1,0,0,0,0,1,1,0,0,0,17.413
1,0,1,1,1,1,1,1,0,0,0,1,1,0,17.2
0,0,0,0,1,0,0,1,0,1,1,0,1,1,17.244
0,1,0,0,0,1,1,0,0,1,1,0,1,1,17.171
1,0,0,1,0,1,0,1,1,0,1,0,1,1,16.329
1,1,1,1,0,1,1,1,0,1,1,1,1,0,18.17
1,1,0,1,1,0,1,0,1,0,0,0,0,1,16.423
0,0,1,1,1,0,1,0,1,0,1,1,0,1,17.079
0,1,1,1,0,0,0,0,1,1,0,0,1,0,17.124
1,1,0,0,1,1,0,1,1,0,0,1,1,0,17.08
1,1,1,0,0,0,1,1,0,1,1,1,1,0,18.055
0,1,1,1,1,0,1,0,0,0,1,1,1,0,17.121
0,0,0,1,0,1,1,1,0,1,1,0,1,1,17.213
0,0,0,1,0,0,0,1,0,0,0,0,1,0,16.281
0,0,0,1,0,1,1,0,1,0,0,1,1,0,16.842
1,0,0,1,1,0,1,0,1,0,1,0,0,1,16.529
0,1,0,0,0,0,0,0,0,1,0,0,0,1,16.995
1,0,0,1,0,1,1,0,0,1,1,0,1,1,17.222
0,1,1,1,1,0,0,1,0,0,1,1,0,0,17.258
0,1,1,0,0,1,0,1,1,0,0,0,0,1,16.275
0,0,0,0,0,1,1,1,0,0,1,0,0,0,16.325
0,1,0,0,1,1,0,1,0,1,1,1,1,1,17.584
0,0,1,1,1,0,1,1,1,0,0,1,0,0,17.151
0,1,1,0,1,0,1,1,1,0,1,0,0,0,16.448
0,1,0,1,0,0,0,0,1,0,1,1,1,0,16.784
1,1,1,1,1,1,0,0,1,1,1,1,0,0,17.824
0,0,1,0,1,0,1,1,1,1,1,0,1,1,17.078
0,0,1,0,0,1,0,1,1,1,1,1,0,1,17.621
1,0,0,0,0,0,1,0,0,0,0,0,1,1,16.293
1,0,1,0,1,0,0,0,0,1,0,0,1,1,17.054
