SQLITE_SECURE_DELETE,SQLITE_ENABLE_ATOMIC_WRITE,SQLITE_ENABLE_STAT2,SQLITE_DISABLE_LFS,SQLITE_DISABLE_DIRSYNC,SQLITE_OMIT_AUTOMATIC_INDEX,SQLITE_OMIT_BETWEEN_OPTIMIZATION,SQLITE_OMIT_BTREECOUNT,SQLITE_OMIT_LIKE_OPTIMIZATION,SQLITE_OMIT_LOOKASIDE,SQLITE_OMIT_OR_OPTIMIZATION,SQLITE_OMIT_QUICKBALANCE,SQLITE_OMIT_SHARED_CACHE,SQLITE_OMIT_XFER_OPT,<$fillrandbatch
0,0,0,1,0,1,1,0,0,1,1,1,1,0,14.214
0,0,0,0,1,0,1,0,0,1,0,0,0,1,13.555
0,1,0,1,0,1,0,1,0,0,1,0,1,1,13.601
1,1,0,0,0,1,0,0,1,1,0,1,0,1,14.384
1,0,0,1,1,1,0,1,1,1,0,0,1,1,13.577
1,1,1,1,0,0,1,0,1,1,1,0,1,0,13.581
0,1,1,1,1,1,1,0,0,1,0,1,1,0,14.17
1,0,1,0,1,0,0,1,1,1,0,0,0,1,13.624
1,0,1,1,1,0,1,0,1,1,1,1,1,0,14.303
1,0,0,1,1,1,0,1,1,0,1,1,0,0,14.22
0,1,0,1,0,1,1,0,0,1,0,1,0,0,14.512
0,0,0,1,0,1,0,1,0,1,1,1,0,0,14.278
0,1,0,0,1,1,0,0,1,0,1,0,1,0,13.436
0,1,1,1,1,0,0,1,0,1,0,0,1,0,13.653
1,1,0,1,1,0,0,1,1,0,1,0,0,0,13.85
0,0,1,0,1,1,0,1,1,1,0,0,0,0,13.676
1,0,0,0,1,0,0,1,1,0,0,1,0,1,14.241
1,1,0,0,0,0,0,1,0,0,1,1,1,1,14.13
1,1,0,1,0,0,1,0,0,1,0,1,0,0,14.39
0,0,0,0,0,1,0,1,1,0,0,1,0,1,14.105
0,1,1,1,1,0,0,0,0,1,0,0,1,1,13.671
1,0,0,0,1,1,0,0,1,1,1,0,0,0,13.586
0,1,1,1,0,0,0,0,0,0,1,0,1,1,13.384
1,1,1,1,1,0,0,1,0,1,1,0,1,0,13.461
1,1,0,1,0,0,0,0,1,1,0,0,1,1,13.567
0,0,1,0,0,0,1,0,1,1,0,1,0,0,14.362
0,1,1,0,1,1,0,1,1,0,0,1,1,0,14.226
1,0,0,1,1,0,1,1,0,0,0,1,1,0,14.13
1,1,1,0,0,0,1,0,1,0,0,0,0,1,13.527
0,0,0,0,1,0,0,0,1,0,1,0,1,0,13.479
0,0,0,0,1,0,0,0,0,1,1,1,1,0,14.386
1,0,1,1,1,1,0,1,0,0,0,1,0,0,14.325
0,1,0,1,0,0,0,0,1,0,0,0,0,1,13.808
0,1,0,1,0,0,0,0,0,0,1,1,0,1,14.183
1,1,0,1,1,1,0,1,0,0,0,0,0,0,13.529
0,1,1,0,0,0,1,0,0,1,1,1,0,0,14.409
0,1,1,0,0,0,0,1,0,1,1,0,0,1,13.515
1,1,1,0,1,1,0,0,1,0,1,1,1,1,14.159
0,0,0,0,1,0,1,0,1,0,1,0,1,0,13.374
0,0,0,1,1,1,0,0,0,0,0,1,1,1,14.131
1,0,0,0,1,0,1,1,0,0,1,0,1,0,13.616
1,0,0,1,0,1,0,1,1,0,0,0,1,0,13.6
0,1,1,0,0,0,1,1,1,1,1,1,0,0,14.228
1,0,1,1,0,0,0,0,1,1,1,0,1,0,13.607
0,0,0,1,1,0,0,1,0,1,1,0,1,1,13.656
1,1,1,1,1,0,0,1,1,1,0,0,1,0,13.608
1,0,1,0,0,1,1,1,1,0,1,1,0,1,14.243
0,1,0,1,1,1,0,0,1,1,0,0,1,0,13.513
0,1,1,1,1,1,1,0,1,1,1,0,1,0,13.469
0,1,0,1,0,0,1,1,1,1,1,0,0,0,13.623
1,0,1,1,1,0,1,0,1,1,0,1,1,0,14.297
1,0,0,1,1,1,1,0,0,0,1,1,1,0,14.273
1,0,0,1,0,0,1,1,0,0,0,0,0,1,13.671
1,1,1,0,0,1,0,0,1,0,1,0,1,1,13.534
0,0,1,1,0,1,0,1,1,1,0,0,0,0,13.685
1,0,0,0,1,1,0,1,0,1,1,1,1,0,14.362
1,1,1,0,0,0,0,1,0,0,0,0,0,1,13.579
0,0,1,0,1,1,1,0,0,0,1,0,0,0,13.543
1,1,1,0,0,0,0,0,0,1,1,0,0,0,13.65
0,0,0,0,0,1,1,1,1,0,0,1,1,0,14.299
0,0,1,1,1,0,1,1,0,0,1,0,0,0,13.613
0,1,0,0,0,1,1,1,1,1,0,1,1,0,14.41
0,0,0,1,0,0,0,0,0,1,1,0,0,1,13.513
1,0,0,0,1,1,0,1,0,1,1,1,0,0,14.336
0,0,1,1,0,0,1,1,0,1,1,1,1,0,14.261
0,1,1,1,1,0,1,0,0,0,1,0,1,0,13.346
0,0,0,1,0,0,0,0,0,1,0,1,1,0,14.27
0,1,0,1,0,0,1,0,0,1,1,0,1,1,13.614
0,0,1,1,1,0,1,0,1,1,1,0,1,0,13.518
0,0,0,1,1,0,1,0,1,1,0,0,1,0,13.481
0,0,1,0,0,0,0,0,1,0,1,0,1,1,13.407
0,0,1,0,1,0,1,0,0,0,0,0,0,1,13.552
0,1,1,1,1,1,1,0,1,1,0,1,1,1,14.211
1,1,0,1,0,0,0,1,0,1,0,1,0,0,14.388
1,0,1,1,0,0,0,1,1,1,1,0,0,0,13.683
1,1,0,0,1,1,1,0,0,0,0,1,1,0,14.125
1,0,0,1,1,1,1,0,1,1,1,1,0,1,14.332
0,0,0,0,0,1,0,1,0,0,0,0,0,1,13.589
1,1,1,1,1,1,1,1,1,1,1,0,0,1,13.543
0,0,1,1,0,0,1,1,0,0,1,1,0,0,14.089
1,1,1,0,1,0,1,1,1,1,0,1,0,0,14.472
0,0,0,1,1,0,0,0,0,1,1,0,1,0,13.556
1,1,0,0,1,0,0,0,1,0,0,1,1,0,14.277
0,1,0,1,1,0,0,0,0,0,0,1,1,0,14.219
1,0,0,1,0,1,0,0,1,1,1,1,1,0,14.307
1,1,1,1,1,1,0,0,1,1,1,0,0,0,13.784
1,0,1,0,1,1,0,0,1,1,1,1,0,1,14.44
0,0,1,1,0,1,0,1,0,0,1,1,0,1,14.211
0,1,0,1,0,0,1,1,1,1,1,0,1,1,13.547
1,0,0,1,1,1,1,0,1,0,0,1,1,0,14.223
1,0,0,1,1,0,1,0,1,1,0,1,1,0,14.293
0,0,1,1,0,0,0,0,1,1,0,0,1,0,13.716
0,0,0,0,1,1,1,1,1,0,1,0,1,0,13.589
1,0,0,1,1,1,1,1,1,0,1,0,0,1,13.572
1,1,0,0,0,1,0,0,1,0,0,1,0,0,14.254
1,0,1,1,0,0,0,0,0,0,1,1,0,0,15.116
1,0,1,0,1,0,0,0,1,0,0,1,0,0,14.136
0,1,1,1,1,1,0,1,1,0,0,0,0,0,13.444
0,1,0,0,0,1,0,0,1,0,1,1,0,0,14.076
1,0,0,0,1,1,0,0,0,1,1,0,0,1,13.716
1,1,0,1,1,0,0,1,1,0,0,1,0,0,14.507
1,0,1,1,0,1,0,1,1,1,1,0,1,1,13.623
0,1,1,0,1,1,1,0,0,1,1,0,0,1,13.719
1,1,0,1,0,0,1,1,0,0,1,1,1,0,14.2
0,1,0,1,1,0,1,1,0,1,1,0,1,0,13.533
1,0,0,1,1,0,1,1,0,1,0,1,0,1,14.272
1,1,1,0,1,0,0,0,1,0,0,0,0,1,13.796
0,0,1,1,0,0,1,0,0,1,0,1,0,1,14.281
0,1,1,0,0,0,1,1,0,0,1,0,0,1,13.665
0,1,1,1,1,1,0,0,0,1,1,1,0,1,14.352
1,0,1,0,0,0,1,0,1,0,0,1,0,0,14.242
0,0,1,0,0,1,1,0,1,0,0,0,1,1,13.519
1,1,1,0,0,0,0,1,0,0,1,1,1,1,14.268
0,0,0,1,0,1,1,1,1,1,0,0,0,0,13.642
0,1,1,0,0,0,0,0,1,0,1,1,1,1,14.098
0,1,0,0,0,0,0,1,0,1,1,1,1,0,14.225
0,1,1,1,1,0,1,1,1,1,1,0,0,0,13.731
0,0,0,1,1,0,0,0,0,1,1,1,0,1,14.234
1,0,1,0,0,1,0,0,0,0,0,0,1,1,13.581
1,0,1,0,1,1,0,0,1,1,0,1,0,0,14.451
0,1,1,1,0,1,0,0,0,0,0,1,0,0,14.02
1,0,1,1,0,1,0,1,0,0,0,0,1,1,13.771
0,1,1,1,1,0,0,1,1,1,1,0,0,0,13.538
0,1,0,1,1,0,1,0,0,1,1,0,1,0,13.493
0,0,1,1,1,0,0,1,1,1,1,0,1,0,13.53
1,0,1,1,1,1,1,1,0,1,1,0,1,0,13.469
0,0,1,1,1,0,1,0,0,1,1,1,0,1,14.21
1,1,0,0,0,0,1,1,1,1,1,0,1,0,13.625
0,1,1,1,0,1,0,0,0,0,1,1,1,0,14.139
1,1,1,1,0,1,1,1,1,1,1,0,1,1,13.566
1,1,1,0,0,0,1,0,0,1,1,0,1,1,13.553
1,0,0,0,0,1,1,1,1,1,0,1,1,0,15.736
1,1,0,1,1,0,1,1,0,1,0,1,1,1,14.203
1,0,1,1,1,1,0,0,1,0,1,0,0,1,13.61
0,0,1,1,0,0,1,0,0,0,1,0,1,0,13.382
1,1,0,1,0,1,0,1,0,1,0,0,0,0,13.688
1,1,1,0,0,1,1,0,1,0,0,1,0,0,14.179
1,1,0,1,0,1,1,0,1,1,0,1,0,1,14.401
1,0,1,0,1,0,1,1,0,1,0,1,1,0,14.4
1,0,1,1,0,1,0,0,1,0,1,1,0,1,14.267
1,0,0,0,1,0,0,1,0,1,1,0,1,1,13.565
1,0,0,1,0,0,0,1,1,1,1,0,0,0,13.553
1,0,1,0,0,1,1,1,1,1,1,0,0,1,13.782
1,0,0,0,0,1,0,1,0,0,0,0,1,0,13.712
0,1,1,1,1,1,0,0,1,1,0,0,1,1,13.637
1,1,1,1,1,1,0,1,0,0,0,1,1,0,14.234
1,1,1,1,0,0,1,0,1,1,0,0,1,0,13.548
0,1,0,1,0,0,1,0,1,0,0,1,0,0,14.145
0,1,0,1,1,0,1,0,1,1,1,0,0,1,13.613
0,0,1,1,0,1,0,1,1,0,0,0,0,0,13.627
0,0,1,1,0,1,0,1,0,1,0,0,1,0,13.721
0,0,0,1,1,0,0,0,0,1,1,0,1,0,13.572
0,1,1,0,1,0,0,1,0,0,0,1,1,0,14.224
0,1,1,1,0,1,0,1,0,0,1,1,1,1,14.072
1,1,0,0,1,1,1,0,0,1,1,1,1,1,14.164
1,1,1,0,0,0,0,1,1,0,0,1,1,1,14.254
1,1,1,1,1,1,0,1,1,0,0,0,1,0,13.59
1,1,0,0,0,1,0,1,1,0,1,1,1,0,14.202
0,1,0,0,0,1,0,1,1,0,0,1,0,0,14.599
1,0,1,1,1,1,0,1,1,0,0,1,1,1,14.201
1,0,0,1,1,1,0,0,1,0,1,0,1,1,13.384
0,1,0,1,1,1,0,1,1,0,0,1,1,0,14.286
1,1,1,1,1,1,1,1,1,0,0,0,1,0,13.675
0,0,1,1,1,1,0,1,1,1,1,1,1,1,14.323
0,1,1,0,0,0,0,0,0,1,0,1,1,1,14.152
1,0,1,0,0,0,1,1,1,0,0,0,0,1,13.686
1,1,0,1,0,0,0,0,0,0,0,0,1,0,13.546
0,1,1,0,1,1,1,1,1,1,0,0,1,1,13.594
1,1,1,1,1,0,1,0,1,0,0,0,1,1,13.476
1,1,1,0,0,1,0,0,0,1,1,1,0,0,14.261
0,1,1,1,1,0,1,0,0,1,1,1,1,0,14.169
1,1,1,1,1,0,1,0,1,1,0,1,1,0,14.323
1,0,0,0,1,0,1,1,1,1,0,0,0,0,13.576
0,1,0,0,0,1,0,1,1,0,0,1,1,1,14.208
0,1,0,0,1,0,0,1,1,1,0,0,1,1,13.525
0,1,1,0,0,0,0,0,1,1,0,1,0,1,14.312
1,0,0,1,1,1,0,1,0,1,1,1,1,0,14.272
0,0,1,0,1,0,0,1,1,1,1,0,1,0,13.435
0,1,1,1,1,0,0,1,1,1,1,1,1,1,14.166
1,0,0,1,1,1,0,1,0,1,1,1,0,1,14.427
0,0,0,1,0,0,1,0,0,1,1,1,1,1,14.343
1,0,0,0,1,1,1,0,0,0,0,0,0,0,13.633
1,1,0,1,0,1,1,0,1,1,0,0,0,1,13.732
1,1,1,0,1,0,1,1,0,0,1,1,0,1,14.318
0,0,1,0,0,0,0,0,1,0,0,0,0,1,13.553
1,1,0,1,1,0,1,0,1,1,1,1,1,1,14.329
0,0,1,1,1,1,0,1,0,0,0,1,0,1,14.15
0,0,1,1,1,1,1,0,1,0,0,1,0,0,14.083
0,1,1,1,0,0,0,0,0,1,1,1,1,1,14.204
0,1,1,0,1,1,0,0,1,1,1,1,0,1,14.33
1,0,0,1,1,1,1,0,0,1,0,1,0,0,14.539
0,1,0,1,1,1,1,1,1,0,0,1,1,1,14.082
1,0,1,1,0,0,0,0,0,0,1,1,1,0,14.259
1,1,0,0,0,1,0,1,0,1,1,1,0,1,14.304
0,1,0,0,0,0,0,1,1,0,0,0,0,1,13.523
0,1,1,0,1,0,1,0,0,0,0,1,1,1,14.171
1,0,1,1,0,0,0,0,1,1,1,0,0,0,13.629
1,1,1,0,1,1,0,1,1,0,0,1,0,1,14.295
0,1,1,1,1,1,1,0,0,1,0,0,0,0,14.782
1,0,1,0,1,1,0,1,1,1,1,1,1,0,14.228
0,0,1,0,1,0,0,1,1,0,0,1,0,0,14.063
1,0,0,1,1,1,0,1,0,1,0,0,1,0,13.63
1,0,1,1,1,0,0,0,1,0,0,1,0,1,14.229
1,0,0,0,1,1,1,1,1,1,1,1,0,0,14.357
0,0,0,0,1,0,0,1,0,0,0,0,1,0,13.5
0,1,1,0,0,0,1,0,0,1,1,1,1,1,14.129
0,1,1,1,0,1,1,0,1,1,0,1,0,0,14.232
0,0,0,0,1,1,1,1,1,0,0,1,1,1,14.135
1,1,1,0,0,1,1,0,1,0,0,1,1,1,14.259
0,1,1,0,0,1,1,0,1,0,0,0,0,0,13.518
1,1,1,0,0,1,0,1,1,1,1,0,1,0,13.418
0,1,1,1,0,1,0,0,1,0,0,0,1,0,13.457
1,1,1,1,0,1,0,0,1,0,1,1,1,1,14.111
1,1,1,0,1,0,1,1,0,1,1,1,0,0,14.527
1,1,0,1,0,0,1,0,0,0,0,1,0,0,14.205
1,1,0,0,1,0,0,0,1,1,1,0,1,1,13.816
1,1,0,0,0,1,0,1,0,0,0,1,0,0,14.34
0,1,0,1,1,1,1,0,0,1,1,0,0,0,13.495
0,1,0,0,1,1,0,0,0,0,0,1,1,1,14.984
0,0,1,0,1,1,1,1,0,1,0,0,1,0,13.462
0,0,0,0,0,1,1,1,1,0,1,0,1,1,13.486
0,1,1,1,1,1,0,0,0,1,0,1,0,1,14.3
1,1,1,1,1,0,1,0,1,0,0,1,1,1,14.276
0,1,1,1,0,1,1,0,0,1,1,0,1,1,13.616
0,0,0,0,0,0,1,0,1,0,1,0,0,0,13.598
0,0,0,1,0,0,0,0,1,0,1,0,0,1,13.507
0,1,0,0,0,0,0,0,0,1,1,0,1,1,13.572
1,1,0,0,1,1,1,1,1,1,1,0,0,1,13.648
0,1,0,1,0,0,1,0,1,0,0,0,1,0,13.524
1,1,1,1,0,0,1,0,0,1,1,1,0,1,14.315
1,1,0,1,0,0,0,0,0,1,1,0,1,0,13.572
1,0,0,1,1,1,1,1,0,0,0,0,0,1,13.64
0,0,0,1,0,1,1,1,1,0,0,1,0,1,14.173
1,1,0,0,0,0,1,0,1,1,0,0,1,0,13.581
0,0,0,1,1,1,0,1,1,0,1,0,1,0,13.415
1,1,0,0,1,1,1,1,0,0,1,0,1,1,13.484
0,1,0,1,0,1,0,1,1,1,0,1,0,1,14.296
0,0,1,1,1,0,0,0,0,1,1,1,1,1,14.332
1,0,0,0,1,0,1,1,1,0,0,1,1,0,14.135
0,0,1,1,1,1,1,1,0,0,1,1,0,1,14.036
0,0,1,1,0,0,1,1,1,1,1,0,1,1,13.411
0,1,0,0,1,1,1,0,0,1,1,1,1,1,14.195
1,0,1,0,1,1,0,1,1,0,0,0,0,1,13.581
0,1,1,0,1,0,1,1,0,0,0,0,0,0,13.57
1,0,0,0,0,0,1,1,0,0,0,1,1,0,14.233
1,1,1,1,1,1,1,0,1,0,1,0,0,0,13.565
0,0,0,1,0,1,1,0,1,1,0,0,0,1,13.674
1,0,0,1,1,0,0,1,0,1,1,0,0,0,13.714
1,0,0,1,0,0,1,0,0,0,1,0,1,0,13.47
1,1,1,0,0,1,0,0,0,0,0,1,1,0,14.381
1,1,0,1,1,1,1,0,0,0,1,0,1,1,13.522
1,0,1,1,0,1,0,1,0,1,1,1,1,0,14.323
1,0,1,1,1,0,0,0,1,1,1,1,1,0,14.297
1,0,1,0,0,1,0,0,1,0,1,0,0,0,13.641
0,0,1,0,0,0,1,1,1,1,0,1,1,1,14.332
0,1,1,1,0,1,0,1,1,0,0,0,0,0,13.647
0,0,1,0,0,0,1,1,1,0,1,1,1,1,14.129
0,1,0,0,1,0,0,1,1,0,1,1,0,1,14.087
1,1,1,1,0,1,1,0,1,0,1,1,1,0,14.081
1,1,0,0,1,0,1,1,0,1,1,0,0,1,13.565
1,0,1,1,1,1,0,1,1,1,1,1,1,1,14.236
0,0,1,1,1,0,1,0,1,1,1,1,1,0,14.323
0,1,0,1,1,1,1,1,1,0,1,0,1,1,13.506
0,0,0,0,0,1,1,0,1,1,1,0,1,0,13.556
1,0,0,0,0,0,1,1,0,1,1,0,1,0,13.649
0,0,0,1,0,0,0,0,0,1,0,0,1,1,13.568
1,1,0,1,0,0,1,1,1,0,0,1,1,1,14.215
1,0,0,0,1,1,1,1,0,0,0,1,0,1,14.216
1,0,1,0,1,0,1,1,0,1,0,1,0,0,14.314
1,0,1,0,1,1,0,1,0,1,1,1,0,1,14.424
1,0,1,1,0,0,0,0,1,1,1,1,1,0,14.615
0,0,1,0,1,1,1,0,0,0,0,0,1,0,13.485
0,1,0,1,1,1,1,1,1,1,1,0,1,0,13.454
0,1,0,1,0,0,0,0,0,0,1,0,1,0,14.007
1,0,0,1,0,0,1,1,0,1,1,1,0,1,14.584
0,1,0,0,0,0,0,0,1,1,0,0,0,1,13.633
0,0,1,0,0,1,1,0,1,1,1,1,0,0,14.406
1,0,1,1,0,1,1,1,1,0,0,0,1,1,13.472
0,1,0,0,1,1,1,1,0,0,0,1,1,0,14.03
1,1,0,0,0,0,0,1,1,1,0,1,0,0,14.401
0,0,1,1,0,1,1,1,0,0,0,1,1,0,14.134
1,0,1,0,0,0,1,1,1,0,1,0,0,1,13.51
0,1,1,0,0,1,0,0,0,1,1,0,0,1,13.527
1,1,0,0,0,0,0,0,0,0,0,1,1,1,14.158
1,0,0,1,0,1,0,0,1,0,1,1,0,0,14.144
1,1,1,0,1,0,1,1,0,1,0,0,0,1,13.658
1,1,0,0,1,1,0,1,0,0,0,1,1,1,14.202
1,0,1,1,0,1,1,1,1,1,0,1,0,1,14.487
0,0,0,0,1,0,1,1,1,0,1,0,0,1,13.956
0,1,1,1,0,1,0,1,0,1,1,1,0,1,14.299
0,0,1,0,1,1,0,0,0,0,0,1,1,1,14.114
0,1,0,1,0,1,0,0,1,0,1,1,1,1,14.091
0,1,1,0,0,0,1,1,0,0,0,0,0,1,13.556
0,1,1,1,1,0,1,0,0,0,0,0,0,1,13.627
1,1,1,1,0,1,0,0,1,0,0,1,0,1,14.116
1,0,1,0,0,1,0,1,1,0,1,1,0,0,14.19
1,0,1,0,0,0,0,1,1,0,1,0,1,0,13.512
0,1,1,0,0,1,0,0,1,0,1,0,1,1,13.466
0,0,0,0,0,0,1,0,1,0,1,1,1,0,14.217
0,0,1,0,1,1,1,0,1,0,0,1,0,0,14.211
0,0,1,1,1,0,0,0,1,0,0,1,0,0,14.108
1,0,1,1,1,0,0,1,0,0,1,1,1,0,14.295
0,0,1,0,1,1,0,1,0,1,0,0,1,1,13.478
1,1,0,0,1,0,0,1,1,1,1,0,1,1,13.592
1,1,0,0,1,1,0,1,0,0,0,1,0,1,14.199
1,0,1,1,0,0,0,0,0,1,0,0,1,0,13.605
1,1,0,0,0,1,0,0,1,1,0,0,1,0,13.625
0,1,0,1,1,0,0,0,0,0,0,1,1,0,14.13
1,0,0,1,0,1,0,0,0,0,1,0,0,1,13.581
1,1,1,0,0,1,0,1,1,0,0,0,1,0,13.578
1,0,0,1,0,1,1,0,1,1,1,1,1,1,14.336
1,1,0,1,1,0,1,1,1,1,1,1,1,0,14.171
1,0,0,1,1,1,1,1,0,1,1,0,0,1,13.664
0,0,1,0,1,1,0,0,0,1,0,0,1,0,13.499
1,1,1,1,0,0,0,1,0,0,0,0,0,0,13.479
1,1,1,1,0,0,1,1,0,0,0,0,0,1,13.781
0,1,1,0,0,0,1,1,1,1,0,1,0,1,14.523
0,0,0,1,1,0,1,0,0,0,0,1,1,0,14.238
0,1,0,1,1,0,1,0,1,0,0,0,1,0,13.534
0,0,0,0,1,0,0,1,1,0,1,1,0,1,14.048
1,1,0,0,0,1,1,1,1,1,1,0,0,0,13.62
0,1,0,1,1,1,0,1,0,1,0,0,0,1,13.671
1,0,0,1,0,0,0,1,0,0,1,1,0,0,14.395
0,0,0,1,1,0,1,1,1,0,1,1,0,1,14.22
1,1,0,1,0,0,1,0,0,1,1,0,1,0,13.786
0,0,0,1,0,1,0,1,1,0,1,1,0,1,14.161
1,1,1,0,0,1,1,1,1,1,0,1,1,0,14.334
0,1,0,0,0,1,1,1,0,1,1,0,1,0,13.581
1,1,0,0,0,0,1,1,1,1,1,1,0,1,14.311
1,0,0,1,1,1,1,1,1,0,0,0,1,1,13.502
1,1,0,0,1,0,0,0,0,1,0,0,1,1,13.682
1,0,0,1,1,1,1,1,1,1,1,1,0,1,14.414
1,1,0,0,0,1,0,0,1,1,1,0,1,1,13.463
1,0,1,1,1,0,1,0,0,0,0,1,1,1,14.14
1,1,1,1,1,1,0,0,0,1,1,0,0,0,13.724
0,1,1,1,1,1,0,0,0,1,0,1,1,1,14.232
0,0,1,1,1,1,1,1,1,0,0,0,1,0,13.503
1,0,1,1,1,1,0,1,0,1,1,0,1,0,13.513
0,1,0,1,1,0,0,1,1,0,0,1,0,0,14.117
1,1,0,0,0,1,1,1,1,0,0,0,0,1,13.632
0,0,0,1,1,1,0,1,0,1,0,1,0,1,14.288
0,1,1,1,0,0,1,1,1,1,1,0,0,1,13.672
1,1,1,1,1,1,1,1,1,1,1,1,0,1,14.451
1,1,0,1,1,1,0,0,1,1,1,0,0,0,13.699
0,1,0,1,0,0,1,1,0,1,0,0,0,1,13.616
0,0,1,0,0,0,1,0,0,0,0,1,0,1,14.06
0,1,0,0,1,0,0,1,0,1,0,1,1,0,14.219
0,0,1,0,1,1,1,1,0,0,0,0,1,1,13.558
0,0,0,0,0,0,0,0,1,1,0,0,0,0,13.653
0,0,0,0,0,0,1,1,1,1,0,0,1,0,13.414
1,1,1,1,1,0,1,0,1,0,1,0,0,0,13.513
0,0,1,0,1,1,0,1,0,0,0,0,1,1,13.603
0,0,1,0,0,1,0,0,1,0,0,1,1,0,14.362
1,0,0,0,1,0,0,1,1,0,1,1,1,0,14.331
1,0,0,1,1,0,0,0,0,0,1,0,0,1,13.981
0,0,0,1,0,1,1,0,0,1,0,0,0,0,13.656
0,1,1,1,0,0,0,0,0,1,0,1,0,0,14.446
0,1,1,1,1,0,1,1,1,0,1,0,1,0,13.442
1,0,1,0,0,1,1,0,0,0,0,0,0,0,13.742
1,0,0,0,1,0,0,1,1,1,0,1,1,0,14.209
0,1,1,0,0,0,1,0,0,0,1,1,0,1,14.071
1,0,1,0,1,1,1,0,0,1,1,0,0,0,13.54
1,0,0,1,0,0,1,0,0,1,1,1,0,1,14.316
1,0,0,0,0,0,1,1,1,0,1,0,1,0,13.551
1,1,0,0,0,0,0,1,0,0,1,1,1,0,14.107
0,1,1,1,0,0,1,1,0,1,1,1,1,0,14.064
1,1,0,1,1,0,0,1,0,0,1,1,0,0,14.136
1,1,0,1,0,0,1,0,0,1,1,1,1,1,14.355
0,1,0,0,0,1,0,1,0,1,1,1,1,0,14.333
0,1,1,1,1,0,0,1,0,1,1,0,1,1,13.931
0,0,0,0,0,0,1,0,1,0,1,0,1,1,14.471
0,1,1,1,1,0,0,0,1,0,0,0,0,0,13.542
0,1,1,1,1,1,1,1,0,0,1,0,1,1,13.376
0,1,0,0,1,0,0,1,0,1,0,0,1,1,13.614
1,0,1,0,0,0,0,1,0,0,1,1,0,0,14.2
1,1,0,0,1,0,0,1,0,0,0,0,1,0,13.427
0,1,0,0,1,1,1,0,1,0,1,1,1,1,14.141
1,1,1,0,0,1,0,1,1,0,1,0,0,1,13.873
1,0,0,0,0,0,1,0,1,1,1,0,1,1,13.759
1,0,0,1,1,0,1,1,1,1,1,1,1,1,14.305
1,1,0,1,1,1,0,0,1,1,0,1,0,0,14.488
0,1,1,1,0,0,1,1,1,1,1,0,0,0,13.55
0,0,0,1,0,1,0,1,0,0,1,0,0,0,13.517
1,0,1,0,0,1,1,0,0,1,1,1,1,0,14.264
0,1,1,0,0,0,0,1,1,1,0,0,1,0,13.631
1,0,0,1,0,1,1,0,0,1,1,1,1,1,14.564
1,0,1,0,1,0,0,0,1,1,1,0,1,0,13.591
1,0,1,1,1,1,1,0,0,1,1,1,1,0,14.505
0,1,1,0,1,1,1,1,0,1,0,1,0,0,14.343
0,0,1,0,0,0,0,0,1,0,1,1,0,1,14.109
0,1,1,1,0,0,0,0,0,0,0,1,0,1,14.045
0,0,1,1,0,0,1,0,0,1,0,0,1,0,13.725
0,1,1,0,0,1,1,0,0,1,0,1,0,0,14.251
0,1,0,1,0,0,0,1,0,0,1,1,0,0,14.101
0,0,1,1,0,1,0,1,0,1,0,1,1,1,14.228
1,1,0,0,0,0,1,1,0,1,1,1,1,0,14.452
0,1,1,1,1,0,1,1,1,1,0,0,0,0,13.584
0,1,0,0,0,0,1,0,0,1,1,0,0,0,13.584
1,0,1,0,0,1,0,1,0,0,1,1,1,0,14.268
0,0,1,1,0,1,1,1,0,1,0,0,0,1,13.663
0,0,1,1,0,1,1,0,0,0,0,1,0,0,14.259
1,1,0,1,1,1,1,0,1,1,0,0,0,0,13.744
1,1,0,0,0,0,0,1,0,1,0,1,1,0,14.44
0,0,1,0,0,0,1,0,1,0,0,1,1,0,14.075
0,0,0,0,1,0,0,1,0,1,1,1,1,1,14.313
0,1,0,1,1,1,0,1,0,0,0,1,1,1,14.002
1,0,0,0,1,0,0,0,0,1,0,1,1,1,14.329
1,0,1,1,0,0,0,1,1,0,1,0,1,0,13.502
0,0,1,0,1,1,1,1,0,0,0,0,0,1,13.582
1,0,0,0,0,1,0,0,1,0,0,1,1,0,14.21
1,0,0,0,1,1,1,1,0,1,0,0,0,1,13.749
0,1,1,1,0,0,0,0,0,0,0,0,1,1,13.557
1,1,0,1,0,1,0,1,1,1,0,0,0,0,13.65
0,1,1,1,0,0,0,1,1,1,0,0,0,0,13.786
0,1,1,1,1,1,0,0,1,1,1,1,1,1,14.109
1,0,0,0,0,0,0,0,0,0,1,0,1,0,13.533
0,1,0,1,0,0,0,1,1,1,0,1,0,0,14.329
0,1,0,0,0,0,1,1,1,1,1,0,0,1,13.632
0,0,0,0,0,1,0,0,1,0,0,0,0,1,13.571
1,1,0,1,1,1,0,1,0,0,1,1,1,1,14.257
0,0,1,0,0,1,1,1,0,1,0,1,1,1,14.396
0,0,0,1,1,1,0,0,1,0,1,1,1,0,14.268
0,1,0,0,1,1,0,0,1,0,0,0,0,0,13.566
1,0,0,0,0,1,1,1,0,0,0,1,0,0,14.085
1,1,0,1,0,0,0,1,1,0,0,1,1,1,14.064
1,1,0,0,0,1,1,1,0,0,0,0,1,0,13.593
1,0,0,1,1,0,0,1,1,1,1,1,1,1,14.363
0,1,1,0,1,0,1,1,1,0,0,1,1,1,14.212
0,1,0,1,1,0,1,1,0,0,0,0,1,0,13.478
1,0,0,0,1,1,1,1,1,1,1,0,0,0,13.731
1,0,1,1,0,1,0,1,0,0,1,1,0,1,14.179
1,0,1,0,1,0,0,1,1,0,1,0,0,1,13.546
1,1,1,1,1,1,1,1,1,1,1,0,1,1,13.526
1,1,1,0,1,1,0,0,1,1,0,1,1,1,14.431
0,1,0,1,1,0,0,0,1,0,1,0,0,1,13.526
1,0,1,0,1,1,0,1,1,1,1,0,1,1,13.586
0,0,0,1,1,0,1,1,0,1,1,1,0,0,14.235
1,0,0,0,0,1,0,1,1,0,1,0,0,1,13.581
1,0,1,0,0,1,1,1,1,1,0,0,1,0,13.632
0,0,0,1,0,0,1,1,1,1,1,0,1,1,13.522
0,0,0,0,1,0,1,1,1,1,1,1,0,0,14.408
0,1,1,0,0,0,1,0,1,0,1,0,1,0,13.461
0,1,0,0,1,0,1,0,0,0,1,0,0,0,13.513
1,0,0,1,1,1,0,1,0,1,1,1,1,1,14.747
1,1,0,0,1,0,0,0,1,1,1,1,1,0,14.418
1,1,0,1,0,0,0,0,0,1,0,1,1,1,14.22
0,0,1,1,1,1,1,0,1,1,0,1,1,0,14.311
0,1,1,0,0,0,1,0,1,0,0,0,1,0,13.566
0,1,0,1,1,0,1,1,0,1,1,1,0,0,14.382
0,1,1,0,0,1,0,0,1,1,1,1,1,1,14.126
1,0,1,1,0,1,1,0,1,1,0,1,0,0,14.371
0,1,0,1,0,0,1,1,1,0,1,0,0,1,13.485
1,0,1,1,0,0,1,0,1,0,1,1,1,1,14.222
0,0,1,1,0,1,1,0,1,0,1,0,0,1,13.559
0,0,0,1,1,1,0,1,0,1,0,1,0,1,14.203
1,1,1,0,0,0,0,1,1,1,1,1,0,1,14.435
0,1,0,0,0,1,0,0,1,1,0,0,1,0,13.601
1,0,0,1,1,1,1,0,1,0,0,0,1,1,13.641
1,1,0,1,1,1,1,1,0,1,1,1,1,1,14.303
1,0,1,0,0,1,0,0,1,1,1,0,0,1,13.69
0,1,0,1,1,0,1,1,1,1,1,1,0,0,14.258
1,0,0,1,0,1,0,0,0,1,1,0,0,1,13.686
0,1,0,1,0,1,1,1,0,0,1,1,1,0,14.24
1,0,1,1,0,0,0,1,1,0,1,1,1,1,14.2
1,0,1,1,0,0,0,0,1,0,1,1,1,1,14.438
0,1,1,1,1,0,1,1,0,1,0,1,0,1,14.365
1,1,1,1,1,1,1,0,0,0,0,0,0,1,13.681
1,0,0,0,1,0,0,0,1,1,1,0,0,1,13.577
0,0,0,0,1,0,1,0,1,1,1,0,0,0,13.569
0,1,1,1,0,1,1,1,0,1,1,0,1,0,13.62
0,1,1,0,0,0,1,0,1,0,1,1,1,0,14.345
0,0,0,0,0,1,0,0,0,0,0,1,0,1,14.306
1,1,0,0,0,1,1,1,0,0,1,1,1,0,14.31
1,0,0,0,0,0,1,0,0,0,0,1,0,0,14.35
1,1,0,1,1,1,0,1,0,1,0,1,1,0,14.136
0,1,0,1,1,1,1,0,1,1,1,0,1,1,13.632
0,1,0,1,1,0,0,0,0,0,0,0,0,1,13.533
1,1,0,1,0,0,0,1,1,1,0,0,1,0,13.525
0,1,0,1,1,0,0,0,0,0,1,1,1,0,14.544
0,1,1,1,0,1,1,1,1,1,0,0,1,1,13.593
0,0,1,1,1,0,1,1,0,1,1,0,1,1,13.692
1,1,0,0,0,0,1,0,1,1,0,1,0,1,14.446
0,0,0,0,1,0,1,1,0,0,1,1,1,0,14.217
1,1,0,1,0,0,0,0,0,0,1,0,0,0,13.61
0,1,1,0,0,0,1,1,0,1,0,0,1,0,13.702
1,0,1,1,1,1,0,0,1,0,1,0,0,1,13.76
1,1,1,1,0,0,1,0,1,1,1,1,0,0,14.427
1,0,1,0,0,0,1,1,0,0,0,0,0,0,13.692
1,1,1,0,1,1,0,0,1,0,0,0,0,0,13.722
1,1,0,0,1,1,0,0,1,0,0,1,0,0,14.244
0,0,0,1,1,0,1,0,0,1,0,0,0,0,13.59
0,0,0,0,1,1,0,0,1,0,1,1,0,0,14.196
0,0,1,1,0,0,1,1,1,1,1,0,0,1,13.481
1,0,1,0,0,0,0,1,0,1,0,0,0,0,13.639
0,0,1,0,1,1,0,0,1,0,0,1,1,0,14.114
0,0,0,1,1,1,0,1,0,1,0,1,1,1,14.328
1,1,1,1,1,0,1,0,0,1,1,0,1,0,14.816
0,1,1,1,0,1,1,1,0,0,1,1,1,1,14.086
0,0,1,1,0,1,0,0,1,0,0,0,1,0,13.425
0,1,1,1,1,0,0,1,0,0,1,1,0,1,14.082
0,0,1,1,0,0,1,1,0,0,1,0,0,1,13.58
1,1,1,0,1,1,1,0,1,0,0,0,1,0,13.491
1,1,0,0,1,0,1,0,0,1,0,0,0,0,13.835
0,0,1,1,1,1,0,1,0,1,0,1,1,1,14.58
0,0,1,1,1,0,1,0,0,1,1,0,1,1,13.481
0,1,0,0,1,0,0,0,1,1,0,0,1,0,13.599
0,0,1,0,0,0,1,1,0,0,1,1,0,0,14.132
1,1,0,0,0,0,0,1,1,1,1,0,0,0,13.668
0,1,0,0,1,0,0,0,0,1,1,0,1,0,13.556
0,0,1,1,0,0,0,1,0,0,0,0,0,0,13.433
1,0,1,0,1,0,0,0,1,0,0,1,0,0,14.277
1,0,1,1,1,0,0,1,0,0,0,1,1,0,14.282
0,1,1,0,0,0,1,1,0,1,0,0,0,1,13.61
1,0,1,1,0,0,0,0,0,0,1,0,1,0,13.54
1,0,0,0,0,0,1,0,0,1,1,0,1,1,13.61
1,1,1,1,0,1,0,1,0,0,0,1,1,0,14.19
0,1,1,0,0,0,0,0,1,1,1,1,0,0,14.685
1,1,1,1,0,0,0,1,1,1,0,0,0,0,13.764
0,0,0,1,1,0,0,0,0,1,1,0,1,0,13.58
1,1,0,0,1,0,0,0,1,1,0,0,1,0,13.571
0,1,1,0,0,0,1,0,1,1,0,0,1,1,13.565
1,1,1,0,0,1,0,0,1,1,0,1,1,0,14.328
0,1,0,1,0,1,1,1,1,1,1,0,1,1,13.562
0,1,1,0,0,1,0,0,1,0,1,1,0,0,14.148
1,0,0,0,1,1,0,0,1,1,0,1,1,1,14.355
0,0,1,0,0,1,1,1,1,0,1,1,1,0,14.249
0,1,0,1,1,0,1,1,1,0,1,0,0,1,13.457
1,0,1,0,0,0,0,0,1,0,0,0,1,1,13.658
0,1,1,0,0,0,1,0,0,0,0,0,1,1,13.581
0,1,1,0,0,1,0,0,0,1,1,1,1,1,14.191
0,1,0,1,0,0,0,0,0,0,0,0,1,1,13.486
0,0,1,0,1,0,0,1,1,0,1,0,0,0,13.582
1,1,0,0,0,1,1,0,1,0,0,1,0,1,14.155
1,0,0,0,0,0,1,0,1,1,0,0,1,1,13.546
0,1,1,1,0,1,0,0,1,0,1,0,1,0,13.975
0,0,0,1,0,0,0,1,1,0,0,0,1,0,13.414
1,0,1,0,1,0,0,0,0,1,0,1,1,0,14.39
1,0,0,1,1,0,1,0,1,1,1,0,0,1,13.742
1,1,1,0,1,0,1,0,1,1,0,0,1,1,13.643
0,1,1,1,0,0,1,1,1,0,1,1,1,0,13.993
1,1,0,1,1,0,1,1,1,0,0,1,1,0,14.434
1,0,1,0,0,1,0,1,0,1,1,0,1,0,13.528
0,1,0,0,1,0,0,0,1,0,1,0,1,1,13.616
1,0,0,1,1,0,1,0,0,0,1,0,0,0,13.585
1,0,1,0,1,1,1,0,0,1,0,0,0,1,13.697
1,1,1,1,0,0,0,1,1,1,1,1,0,1,14.363
1,1,1,0,0,0,0,1,0,1,0,1,0,0,14.623
1,0,0,1,1,1,0,0,0,0,0,0,0,1,13.591
0,1,1,1,0,0,0,1,1,0,1,1,0,1,14.101
0,1,0,1,1,0,0,0,0,0,0,1,0,1,14.153
0,0,0,0,0,1,1,0,1,1,1,0,0,0,13.696
0,1,1,0,0,0,0,1,0,1,1,0,1,0,13.486
0,1,1,0,1,1,0,0,0,1,0,1,1,1,14.18
1,1,1,1,0,1,1,1,0,1,0,0,1,0,13.988
0,1,0,0,1,0,1,0,1,1,0,1,0,0,14.365
1,1,0,1,0,1,1,0,0,1,1,1,1,0,14.247
1,1,1,0,1,0,1,1,1,0,1,0,0,1,13.669
1,0,0,0,0,1,1,0,1,1,1,1,1,0,14.333
0,0,1,1,0,1,1,1,1,1,1,0,0,0,13.594
0,1,0,1,1,0,1,1,1,0,0,0,1,1,13.381
1,0,1,1,0,0,1,0,1,0,0,1,1,1,14.222
0,1,0,0,1,0,1,0,1,0,0,0,1,1,13.539
1,1,1,1,1,0,1,0,1,1,0,0,0,0,13.733
0,1,0,1,0,0,1,0,0,1,1,1,0,0,14.222
1,1,1,1,1,1,1,1,1,1,0,0,0,0,13.792
0,1,0,1,1,0,1,0,1,0,1,1,0,0,14.089
1,0,0,1,1,0,0,0,0,1,1,0,0,1,13.647
1,1,0,1,0,1,1,0,0,1,1,1,0,0,14.292
0,0,1,1,1,1,0,0,1,0,0,0,0,1,13.571
0,0,1,0,0,0,0,0,1,1,1,1,0,0,14.296
0,0,1,0,0,1,0,0,0,0,1,0,1,0,13.458
1,0,1,0,0,1,1,0,0,1,1,0,0,0,13.521
1,0,0,1,0,0,1,0,1,0,1,1,0,1,14.306
0,0,1,1,1,0,1,0,0,1,1,0,1,0,13.716
1,1,1,1,0,1,1,0,0,0,1,0,1,1,13.506
1,1,0,1,1,1,0,1,0,0,1,1,1,1,14.283
0,1,0,1,1,0,1,0,1,0,0,0,0,0,13.747
1,0,0,0,1,0,1,1,1,0,0,1,1,1,14.299
0,0,1,0,1,1,1,0,0,0,0,1,1,0,14.195
1,0,1,0,0,1,1,0,0,0,1,0,1,0,13.4
0,0,0,0,1,1,0,1,1,1,1,1,0,1,14.178
0,0,0,1,0,1,1,0,0,1,0,0,1,1,14.03
1,1,0,1,0,0,0,0,1,1,1,1,0,0,14.533
0,1,1,1,0,1,0,1,1,0,1,1,1,1,13.99
0,1,1,1,0,1,1,1,0,0,0,1,1,1,14.044
1,0,0,0,0,0,1,0,0,1,0,1,1,0,14.526
1,1,1,0,1,1,1,1,0,0,0,0,1,1,13.565
1,1,1,1,0,0,0,1,1,0,1,0,0,0,13.809
0,0,0,1,0,0,1,1,1,1,0,1,0,0,14.323
0,0,1,1,0,1,0,0,0,1,1,0,1,0,13.416
0,0,0,1,1,0,0,1,0,1,0,1,1,1,14.289
1,1,0,1,1,1,0,1,0,0,1,0,0,1,13.538
1,0,1,1,1,1,1,1,0,1,0,0,0,1,13.604
0,0,1,0,1,0,1,0,1,0,0,0,1,0,13.561
0,1,0,0,0,1,0,0,0,0,0,1,1,0,14.325
0,0,1,0,1,0,0,0,0,1,1,0,0,0,13.471
1,1,0,1,0,1,1,0,1,0,0,0,1,1,13.425
1,0,0,1,0,0,0,1,1,0,1,0,1,1,13.534
1,1,0,1,1,0,1,0,0,1,1,0,0,1,13.693
0,0,0,0,1,0,0,0,1,1,1,0,1,1,13.612
0,1,1,0,0,0,0,1,0,1,0,1,1,1,14.255
1,0,1,0,0,1,0,0,1,0,1,0,0,0,13.615
0,1,0,1,1,1,0,0,1,0,1,0,0,0,13.477
0,1,1,0,0,0,1,0,0,1,1,0,1,1,13.503
1,0,0,1,1,0,1,1,0,1,0,1,1,1,14.24
1,0,1,1,0,1,0,1,1,0,1,1,1,1,14.012
0,0,1,1,1,0,1,1,1,1,1,0,1,1,13.631
1,0,1,1,1,0,1,1,1,0,0,0,0,0,13.526
1,0,1,1,1,1,0,0,0,0,1,0,1,0,13.519
0,0,1,0,0,0,1,1,0,1,0,1,1,0,14.262
1,1,1,0,1,1,1,1,0,0,0,1,1,1,14.145
0,1,0,1,0,1,1,0,1,0,1,0,1,1,13.543
0,1,1,1,0,0,0,0,1,1,1,0,0,0,13.609
0,1,0,1,0,1,0,1,0,0,0,0,1,1,13.425
1,1,0,0,1,0,0,1,0,0,0,1,1,0,14.21
0,1,0,1,1,0,0,0,1,0,1,0,0,1,13.511
0,1,1,0,0,1,1,0,0,1,0,0,0,0,13.584
0,0,1,1,1,1,1,0,0,1,0,1,1,1,14.381
1,0,1,1,1,1,0,1,0,1,0,0,0,1,13.729
1,1,1,0,1,0,1,0,1,1,0,0,0,0,13.649
1,0,0,0,1,1,0,1,1,0,1,1,1,1,14.205
0,1,1,0,1,1,1,1,1,1,1,0,1,1,13.458
0,0,1,0,1,1,1,1,1,0,1,1,0,1,14.088
0,0,1,1,1,0,0,1,1,1,0,1,1,1,14.431
0,0,0,0,1,0,1,1,0,1,0,0,0,0,13.548
1,1,1,1,1,1,1,1,0,0,0,0,1,1,13.71
0,0,1,1,0,0,0,1,1,0,0,0,1,1,13.512
0,0,1,0,1,1,1,0,1,1,1,1,0,0,14.305
0,1,0,1,1,0,0,0,1,1,0,0,1,1,13.861
0,0,1,1,1,0,1,0,0,1,1,1,1,0,14.207
0,0,0,1,0,0,0,0,1,0,1,1,0,1,14.208
0,0,0,0,0,1,1,0,1,1,1,0,0,1,13.633
1,0,1,1,1,1,0,1,1,1,0,1,1,0,14.487
1,0,0,0,1,0,1,1,0,0,1,0,1,0,13.491
1,0,0,0,1,0,1,0,1,0,1,0,1,0,13.489
0,0,0,1,0,1,1,1,0,0,1,1,1,0,14.262
1,1,0,1,1,1,0,1,1,0,0,1,0,1,14.35
0,1,0,0,0,1,1,1,0,1,0,0,1,0,13.558
1,1,1,0,0,1,1,1,1,1,0,1,1,1,14.392
1,1,0,1,1,0,1,1,0,1,0,0,0,1,13.708
0,1,1,0,0,1,0,1,0,0,1,1,0,1,14.117
1,1,1,0,0,1,0,1,0,1,1,1,0,0,14.283
1,1,0,1,1,1,1,0,0,0,1,0,1,0,13.592
1,0,0,0,0,0,1,0,0,1,0,1,1,1,14.336
1,1,0,1,1,0,1,1,0,1,0,1,0,1,14.434
0,1,1,0,0,1,0,0,1,1,0,0,1,1,13.533
1,1,1,1,1,1,1,0,1,1,1,0,0,0,14.275
1,1,1,0,1,1,1,0,1,1,0,0,1,1,13.664
0,0,1,0,1,1,1,1,1,0,0,1,1,1,14.251
1,0,0,1,1,1,1,1,1,1,0,1,0,1,14.36
1,0,1,1,1,0,0,0,1,1,0,0,1,1,13.786
1,0,0,1,1,1,1,0,1,1,1,1,1,0,14.466
0,0,1,1,1,0,1,1,1,1,0,1,0,0,14.293
1,0,0,0,0,0,1,0,1,1,0,0,0,1,13.694
0,1,0,0,1,0,1,0,1,0,0,0,1,0,13.401
1,0,0,1,1,1,0,1,0,0,0,1,1,1,14.155
0,0,1,0,0,1,1,1,1,0,0,0,0,1,13.545
1,1,0,1,1,0,1,1,0,0,1,0,0,0,13.432
0,1,0,0,1,1,1,1,1,0,1,1,0,1,14.099
1,0,1,0,1,0,1,1,1,1,1,0,0,1,13.615
1,0,0,0,1,0,1,1,1,0,1,0,0,1,13.588
0,0,1,1,1,0,1,0,1,1,1,1,0,1,14.128
1,1,1,1,0,0,0,0,0,0,0,0,1,0,13.571
0,1,1,1,1,0,0,1,0,0,0,0,1,1,13.524
1,1,0,1,1,0,1,0,1,0,1,1,0,1,14.182
1,0,1,0,1,1,1,0,1,0,1,1,0,1,14.201
0,0,0,1,0,1,0,0,1,0,0,1,0,0,14.402
0,0,0,1,0,0,1,0,1,0,0,0,0,1,13.595
0,1,1,1,1,0,0,0,1,0,1,1,0,0,14.153
0,1,0,1,0,0,0,0,1,1,1,1,1,0,14.146
0,0,0,1,1,1,0,1,1,1,1,1,1,1,14.331
1,1,1,0,0,0,1,1,0,1,1,1,0,0,14.268
0,1,0,0,0,1,1,1,0,0,1,0,1,0,13.428
1,1,0,1,0,0,0,0,0,0,0,0,1,0,13.592
0,0,1,1,0,0,1,0,1,1,1,1,1,1,14.438
1,1,1,1,1,0,1,0,1,0,1,1,1,1,14.075
1,0,1,1,1,0,0,0,0,1,1,1,0,1,14.903
0,0,0,1,0,0,1,0,1,1,0,0,0,1,13.579
1,0,0,1,0,1,0,0,1,0,1,1,1,1,14.222
1,1,0,0,1,0,1,0,0,0,0,0,1,1,13.605
0,1,1,0,0,1,0,0,0,1,1,1,0,1,14.203
1,1,1,0,0,0,0,0,1,0,0,0,0,1,13.587
0,0,1,0,1,1,0,0,0,0,1,0,0,1,13.468
1,1,1,1,0,1,1,0,0,1,1,0,1,1,13.536
0,1,0,0,1,1,0,0,0,1,1,1,0,0,14.226
0,0,0,1,0,0,0,0,0,1,1,0,0,1,13.604
0,0,1,1,1,1,1,0,0,0,1,1,1,1,14.252
0,0,1,1,0,1,0,1,1,1,1,1,0,1,14.305
0,0,1,0,1,0,1,0,1,1,0,1,0,0,14.36
1,1,1,0,0,1,0,1,0,1,0,0,1,0,13.596
0,1,1,0,0,0,0,1,0,1,1,1,1,1,14.188
0,0,0,1,1,1,0,0,0,1,1,1,1,0,14.214
0,1,0,0,0,1,1,0,1,1,1,1,1,0,14.172
1,1,0,1,0,0,1,1,1,0,1,0,1,0,13.484
1,0,1,0,1,0,1,0,0,1,1,1,1,1,14.353
1,1,0,0,0,1,0,1,0,1,1,0,1,0,13.644
1,1,0,1,1,1,0,0,1,1,1,1,1,0,14.285
0,1,1,1,0,0,0,1,1,1,1,1,0,0,14.517
0,1,1,1,0,1,0,0,0,0,0,0,0,0,13.488
1,0,1,0,0,0,1,0,0,0,1,0,1,0,13.448
1,0,0,0,1,0,1,1,0,1,0,0,0,1,13.618
0,0,1,0,0,1,0,0,0,0,0,0,1,1,13.554
0,1,0,0,1,0,0,0,0,1,0,0,1,1,13.606
0,0,1,0,1,0,1,1,0,0,1,1,0,0,14.088
1,1,0,1,0,0,0,1,0,1,1,1,0,1,14.408
0,0,1,0,0,1,0,0,1,0,0,1,0,1,14.307
0,0,0,1,0,1,1,0,0,0,1,1,0,0,14.275
0,0,1,1,1,0,0,0,1,0,0,0,0,1,13.56
0,1,0,1,1,0,0,0,1,0,1,0,0,0,13.852
1,0,0,0,0,0,1,0,1,0,1,1,1,1,14.268
0,0,0,1,0,0,0,0,0,0,1,0,0,0,13.557
1,1,1,1,0,0,0,0,1,1,1,1,1,0,14.31
0,0,0,0,0,0,1,1,0,0,0,0,1,1,13.537
0,1,0,0,0,1,1,0,1,0,1,1,0,0,14.018
0,0,0,0,1,1,0,1,1,1,0,0,0,0,13.634
0,0,1,0,0,0,1,1,1,0,0,0,0,1,13.573
0,0,1,0,1,0,1,0,0,0,1,1,1,1,14.161
0,0,1,1,0,1,1,1,1,0,0,0,1,0,13.464
0,0,1,0,1,1,0,1,0,1,0,0,1,1,13.566
1,1,0,1,0,0,0,0,0,0,0,1,1,0,14.203
0,1,1,0,0,0,1,0,1,1,0,0,0,0,13.574
1,1,0,1,1,1,0,0,0,1,0,0,0,1,13.733
1,0,1,0,1,1,0,0,1,1,1,0,1,1,13.616
1,0,0,0,1,1,1,0,0,1,1,0,1,1,13.561
1,1,1,0,1,0,1,0,1,1,1,0,0,0,13.676
1,1,0,1,0,0,1,0,0,0,1,0,1,1,13.565
1,1,1,0,0,1,1,0,1,0,0,0,0,0,13.661
1,1,0,0,0,0,0,1,1,0,0,1,1,0,14.339
0,0,1,1,0,0,1,1,0,0,0,1,1,1,14.137
0,1,0,1,0,1,0,1,1,1,1,1,0,1,14.387
0,1,1,0,1,1,0,1,0,1,0,0,1,1,13.539
1,1,1,0,0,1,0,0,0,1,0,1,1,0,14.299
1,0,1,0,0,1,0,0,1,0,1,1,1,1,14.155
1,1,0,1,0,1,0,0,0,1,0,0,1,0,13.569
0,0,1,1,0,1,1,0,0,1,0,1,1,0,14.266
0,1,0,0,1,0,1,1,0,1,0,1,1,1,14.179
0,1,0,1,0,0,0,1,0,1,1,1,0,1,14.279
1,0,1,1,1,0,0,0,1,1,1,0,1,1,13.617
0,1,0,0,0,0,1,0,0,1,1,1,0,1,14.317
0,0,0,1,0,1,1,0,1,1,1,1,1,1,14.248
1,0,0,0,0,1,0,0,1,0,0,1,1,0,14.261
0,0,0,0,0,1,0,0,1,1,1,0,0,1,13.538
1,0,1,1,0,0,1,1,0,1,1,1,1,1,14.261
0,0,0,0,1,0,1,1,0,0,1,1,0,0,14.244
0,1,1,1,1,0,1,1,0,1,1,0,1,0,13.446
0,1,1,0,1,0,1,0,1,0,0,1,1,1,14.234
1,1,0,1,0,1,0,0,1,0,1,0,1,1,13.511
0,0,1,1,1,0,1,1,0,0,0,1,1,1,14.108
1,1,1,0,0,0,0,1,1,0,0,0,1,0,13.56
0,0,0,1,0,1,1,1,1,0,0,1,0,1,14.291
1,1,0,0,0,0,1,0,1,1,1,0,0,1,13.752
0,1,1,0,1,0,0,1,1,0,0,0,0,1,13.473
1,1,0,1,0,1,1,0,0,1,1,1,0,1,14.707
1,1,1,0,1,0,1,0,1,0,0,1,0,0,14.384
0,1,1,0,1,0,0,1,1,1,0,0,0,0,13.651
1,1,0,0,0,0,1,1,0,1,0,0,1,1,13.566
0,1,1,0,1,0,1,1,1,1,0,0,0,1,13.627
0,0,1,0,1,1,0,1,0,0,0,1,1,0,14.151
0,1,0,1,1,1,1,0,1,1,1,1,0,1,14.369
0,0,1,1,0,0,0,0,1,1,0,0,0,0,13.596
1,1,0,0,0,1,0,0,1,0,1,1,0,1,14.169
0,1,0,1,0,1,1,0,1,1,0,0,1,0,13.506
0,0,1,1,0,0,0,1,1,0,1,1,1,0,14.138
0,0,1,1,0,1,0,1,1,0,1,1,0,1,14.184
0,1,0,0,0,1,0,0,1,0,1,0,0,1,13.508
1,0,1,0,0,1,0,1,1,1,0,1,1,1,14.464
0,1,1,1,1,0,0,0,1,0,0,0,0,0,13.564
1,1,0,1,0,1,0,1,0,1,1,0,1,1,13.553
1,1,1,1,1,1,0,1,1,0,0,1,1,0,14.137
0,1,0,1,0,0,0,1,0,0,1,0,0,0,13.528
0,1,0,0,1,0,1,1,1,0,1,1,1,1,14.109
1,1,0,1,0,1,0,0,0,0,0,0,0,1,13.571
0,1,1,0,1,0,1,0,1,0,0,1,1,0,14.194
0,0,0,0,0,1,1,1,0,0,0,0,0,1,13.626
0,1,1,0,0,1,1,1,0,0,0,0,1,1,13.482
1,0,0,1,1,1,0,1,1,0,1,1,1,1,14.184
0,1,0,0,1,1,1,0,0,1,0,0,1,1,13.517
1,0,0,1,1,0,0,0,0,1,0,1,0,1,14.421
0,1,0,0,0,0,0,1,1,0,1,0,0,1,13.503
1,1,1,0,0,1,1,0,0,0,1,0,0,1,13.494
0,1,0,1,0,1,1,0,0,0,1,0,1,0,13.96
1,1,1,0,0,1,0,1,1,1,1,1,0,0,14.4
1,1,0,1,0,1,0,0,1,1,1,0,0,1,13.666
0,0,0,0,1,0,0,1,0,1,1,1,0,1,14.442
1,1,0,1,0,1,0,0,0,0,0,1,0,0,14.287
1,1,1,0,0,1,1,1,0,1,0,0,0,0,13.571
1,1,1,1,0,0,0,0,1,0,0,0,1,0,13.705
1,0,1,1,0,1,0,1,1,1,0,1,0,0,14.389
1,0,0,1,1,1,1,1,0,0,1,1,0,1,14.264
0,0,1,1,0,1,0,1,0,1,1,1,1,0,14.179
1,1,1,0,0,1,0,0,0,1,0,0,1,0,13.609
0,0,1,1,0,0,0,0,0,1,0,0,0,0,13.535
1,1,0,0,0,1,0,0,0,0,1,0,0,1,13.68
0,1,0,1,0,1,0,1,0,0,0,0,0,0,13.632
0,1,1,1,1,1,0,0,1,0,0,1,0,0,14.104
1,0,1,1,1,0,1,0,1,0,1,0,0,1,13.566
0,0,1,1,0,1,1,1,1,0,0,1,0,1,14.209
1,1,1,1,0,0,0,0,0,1,1,1,0,0,14.402
1,1,1,1,1,1,1,0,0,0,0,0,0,0,13.543
0,0,1,0,0,0,0,0,0,0,1,0,1,0,13.502
0,1,1,0,1,1,1,0,0,0,1,0,1,1,13.436
0,0,1,1,1,0,0,0,0,0,0,1,1,0,14.659
1,0,1,1,0,1,1,1,1,0,0,0,1,1,13.609
1,1,0,0,1,0,0,1,1,1,0,0,0,0,13.764
0,1,0,1,0,0,0,1,1,0,0,1,0,1,14.356
1,0,0,0,1,0,1,0,1,0,0,1,0,1,14.361
1,1,0,0,0,1,0,0,1,0,1,0,0,1,13.583
1,0,0,1,0,0,0,1,0,1,1,0,1,0,13.688
0,0,1,1,1,0,0,0,0,0,1,1,0,0,14.159
0,0,0,1,0,1,1,0,1,0,1,0,0,0,13.588
1,1,0,1,1,0,0,0,0,1,0,1,0,1,14.619
0,0,0,0,0,1,1,1,1,0,0,0,0,0,13.603
0,1,1,0,0,1,0,1,0,0,0,0,1,1,13.469
0,0,0,0,0,1,0,1,1,1,0,1,1,0,14.29
1,1,0,0,1,1,0,0,0,1,0,0,1,1,13.59
1,1,0,0,0,1,0,0,1,0,0,1,1,1,14.087
0,1,1,0,1,0,0,0,0,1,0,1,0,1,14.396
1,0,0,0,0,1,1,0,1,0,0,1,0,0,14.231
0,0,1,0,1,1,0,0,1,0,1,1,0,1,14.192
0,1,1,1,0,1,0,0,1,0,1,1,0,0,14.211
0,1,1,1,0,1,1,0,0,1,0,0,1,0,13.545
1,1,1,0,1,1,1,1,0,0,0,0,1,1,13.604
0,1,0,0,0,1,0,0,0,0,0,0,1,1,13.647
0,0,1,0,0,0,1,1,1,1,1,0,0,1,13.649
1,1,0,1,1,1,1,0,0,1,1,0,0,0,13.622
0,1,0,1,0,1,1,1,0,0,0,1,0,0,14.181
1,0,1,1,0,0,1,1,1,0,1,1,0,0,14.26
1,0,0,1,0,0,0,0,0,0,1,0,0,1,13.461
1,1,0,1,0,0,1,1,1,0,0,1,0,0,14.313
1,0,1,1,0,0,0,1,1,0,0,1,0,0,14.421
0,1,0,1,1,1,0,1,0,1,1,0,0,1,13.656
1,1,0,1,1,1,0,1,1,0,0,0,1,0,13.793
1,1,1,1,1,1,0,0,1,0,0,1,1,0,14.194
1,0,1,0,1,0,1,0,1,0,0,1,0,0,14.243
0,0,0,1,1,0,0,1,0,0,0,1,1,1,14.045
0,0,1,0,0,0,0,1,0,0,0,1,0,0,14.159
1,0,1,1,0,1,0,0,0,1,0,0,0,0,13.637
0,0,0,0,1,1,1,1,0,0,0,0,0,0,14.178
1,0,0,1,0,0,0,0,0,1,1,1,0,0,14.362
1,1,1,0,1,0,1,1,0,1,1,0,1,0,13.553
0,1,0,0,0,1,0,1,0,1,1,1,0,0,14.17
1,0,1,1,0,1,1,1,0,1,1,1,0,1,14.366
1,0,0,0,0,0,0,1,0,1,0,1,0,1,14.44
0,0,1,1,1,0,1,1,0,1,0,0,1,1,13.573
0,0,1,1,1,1,0,1,0,1,1,1,0,0,14.35
1,1,0,0,1,0,0,1,1,0,0,0,1,0,13.539
1,0,0,0,1,1,1,0,1,1,1,0,1,1,13.573
0,0,1,1,1,0,1,1,0,0,0,0,1,1,13.578
0,0,1,1,1,0,1,1,1,0,0,1,1,0,14.147
1,0,0,0,1,0,0,1,1,0,1,1,0,0,14.118
0,1,0,1,1,0,1,1,1,1,1,0,1,1,13.512
0,0,1,1,0,1,0,1,0,1,1,1,1,0,14.186
0,0,1,1,0,0,1,0,0,0,0,0,0,0,13.565
0,0,0,0,0,0,1,1,0,1,1,0,0,1,13.735
0,0,1,0,0,1,0,1,1,0,0,1,1,0,14.072
1,0,1,1,0,1,0,1,0,1,0,0,1,0,13.55
1,1,1,1,1,1,0,1,1,0,0,0,0,1,13.524
1,1,1,1,0,0,1,0,1,1,0,1,1,0,14.362
1,0,0,0,1,1,0,0,1,1,0,1,1,0,14.299
1,1,0,1,1,1,1,0,1,1,1,1,1,0,14.335
0,0,0,0,1,0,0,0,0,1,0,1,0,0,14.37
1,1,1,0,0,1,0,0,0,0,1,1,1,0,14.156
1,1,0,0,0,0,1,1,1,1,1,1,1,0,14.976
1,1,0,0,0,1,0,1,0,0,0,1,1,1,14.202
1,1,1,1,1,0,1,0,1,1,0,1,0,1,14.361
0,1,0,1,0,1,1,1,0,0,0,0,1,1,13.384
1,0,0,0,0,1,1,0,1,0,1,1,1,1,14.345
1,0,0,1,0,0,1,1,0,1,0,1,1,1,14.418
0,1,0,1,0,0,0,0,1,1,1,0,1,1,13.518
0,1,0,0,0,1,0,1,0,1,0,0,1,0,13.508
1,1,0,1,1,0,1,1,0,1,0,1,1,0,14.315
0,1,0,1,0,1,0,0,1,0,1,0,1,1,13.475
0,1,1,0,1,0,1,0,1,0,0,1,1,1,14.221
1,0,0,1,0,0,0,1,0,1,1,0,0,1,13.67
1,1,0,1,0,0,1,1,1,0,1,0,0,0,13.548
0,1,1,0,0,1,0,0,1,1,0,0,0,0,13.552
1,1,0,1,0,1,0,1,1,0,1,1,1,0,14.038
1,0,0,0,0,1,1,0,1,1,1,0,1,0,13.591
1,1,0,1,0,0,1,1,1,0,1,1,0,1,14.261
1,1,1,1,0,1,0,0,0,0,1,0,0,0,13.595
1,1,0,1,0,0,0,1,1,1,1,0,0,1,13.563
1,0,1,1,1,0,0,1,1,0,0,0,0,0,13.701
0,1,0,0,1,0,1,1,0,1,1,1,1,0,14.504
0,0,0,1,0,0,0,1,1,0,1,1,0,1,14.079
0,0,0,1,0,0,0,1,1,1,0,1,0,1,14.427
1,0,1,1,0,0,1,0,1,1,1,0,1,0,13.584
1,1,1,1,1,1,1,0,1,0,0,0,1,0,13.775
0,1,0,1,1,1,1,0,1,0,1,1,1,0,14.177
0,1,1,1,1,1,0,1,0,1,0,1,1,1,14.599
0,1,1,1,0,0,1,1,1,1,0,0,1,0,13.759
0,1,0,1,0,0,0,0,1,0,1,0,1,1,13.463
1,0,1,0,0,1,0,0,1,1,0,0,1,0,13.589
1,0,0,0,0,0,0,0,1,0,1,1,0,0,14.232
1,1,1,0,1,1,0,0,1,0,0,1,0,0,14.182
0,1,1,0,0,1,1,0,0,1,0,0,0,1,13.659
0,1,1,1,1,1,1,0,0,1,0,0,0,0,13.58
0,0,1,0,1,1,0,0,1,1,1,1,0,0,14.391
0,0,1,0,1,1,0,0,1,0,1,1,0,0,14.71
1,0,1,0,1,1,0,1,1,0,0,0,1,0,13.521
1,0,0,1,0,1,1,1,1,1,1,1,1,1,14.339
1,0,1,1,1,1,1,1,1,1,1,1,1,0,14.472
0,1,0,1,0,0,1,0,0,0,0,1,0,0,14.179
1,0,1,1,1,1,0,0,0,0,1,0,0,0,13.617
1,1,0,0,1,1,0,0,0,0,1,1,0,0,14.23
0,1,0,1,1,0,0,0,0,0,0,0,1,1,13.442
1,0,1,1,1,1,1,0,0,1,0,0,1,0,13.515
0,0,1,1,0,1,0,0,0,0,1,0,0,0,13.599
1,1,0,0,1,0,1,0,1,1,1,0,1,1,13.533
1,1,1,0,1,1,1,0,1,1,0,1,0,1,14.911
0,0,0,0,1,0,0,1,1,0,0,0,0,1,13.684
1,1,1,1,1,0,0,0,0,1,0,1,0,0,14.405
0,0,0,0,1,0,0,0,0,1,0,1,1,0,14.332
0,0,0,0,1,0,1,1,0,1,1,1,1,0,14.336
0,0,1,1,0,0,1,0,1,1,1,1,1,0,14.344
1,1,0,1,0,0,0,0,1,1,1,1,1,0,14.51
1,1,1,1,0,0,0,1,1,1,0,0,1,0,13.506
1,0,0,0,0,0,0,0,0,0,0,0,1,0,13.548
0,0,0,1,0,1,0,1,1,1,0,1,0,1,14.431
0,0,1,0,1,0,0,1,0,1,1,1,0,1,14.205
1,0,0,0,1,0,1,1,0,0,1,1,0,1,14.211
0,1,1,1,1,0,0,0,1,1,1,1,1,0,14.095
1,0,0,1,0,0,0,0,1,0,1,0,0,0,13.547
0,0,0,1,1,0,0,1,1,1,1,0,0,1,13.517
0,0,0,0,0,0,0,0,0,1,0,1,0,1,14.373
1,0,0,0,0,0,1,0,0,1,0,1,0,0,14.448
1,0,1,0,1,1,0,1,1,1,0,1,1,1,14.26
0,1,1,0,0,1,1,1,0,1,1,0,1,1,13.621
1,0,1,0,0,0,0,0,1,0,1,1,1,0,14.268
0,0,1,0,0,1,1,0,0,1,1,0,1,0,13.46
1,1,1,0,0,0,0,1,1,0,1,0,1,1,13.503
0,1,0,0,1,1,1,1,1,0,0,1,1,0,14.106
1,0,1,0,1,1,1,0,1,1,0,0,0,1,13.684
0,0,1,0,1,0,0,1,0,1,0,0,1,1,13.514
0,0,1,0,0,1,1,1,0,1,0,1,0,1,14.251
0,0,0,0,1,0,0,1,1,1,1,0,1,0,13.48
0,0,0,1,0,1,0,1,1,1,1,1,0,1,14.479
0,0,1,0,1,0,0,0,1,0,1,1,1,0,14.106
0,1,0,0,1,0,0,0,1,1,0,1,0,0,14.462
1,1,1,0,1,1,0,1,1,0,1,0,1,1,13.503
1,1,1,0,0,0,1,1,1,0,0,0,0,1,13.601
0,1,0,1,0,1,1,0,0,1,0,0,0,1,13.735
0,0,1,1,0,1,0,0,1,0,1,0,0,1,13.535
0,1,1,0,1,1,1,1,0,0,1,1,0,1,14.226
0,0,0,0,1,0,1,1,0,0,0,1,1,1,14.15
0,0,0,0,1,1,0,0,1,0,0,1,0,1,14.155
0,0,1,0,0,1,1,1,1,1,0,1,0,0,14.318
1,1,0,1,1,0,0,0,1,0,1,1,0,1,14.388
0,0,0,1,0,0,1,0,0,0,1,0,1,1,13.511
0,0,0,0,0,0,0,1,1,1,0,0,1,1,13.504
0,0,1,1,0,0,0,1,1,1,1,1,1,1,14.391
0,0,0,1,0,1,1,0,0,0,1,1,1,0,14.169
0,0,1,0,1,1,1,1,1,0,1,1,0,0,14.167
0,1,0,0,1,1,1,0,0,1,1,0,0,1,13.627
1,0,0,1,1,0,0,1,0,0,0,0,0,1,13.641
1,1,0,1,1,1,1,1,1,1,0,1,1,0,14.454
1,1,0,1,1,0,0,0,0,0,1,1,0,1,14.239
1,1,1,0,0,1,0,1,1,0,1,0,0,1,13.522
0,0,1,1,0,0,0,0,0,0,1,0,1,1,13.524
1,1,1,1,1,0,1,1,1,0,1,0,1,0,13.433
1,1,1,0,0,0,0,0,0,0,1,0,1,1,13.423
0,0,1,0,0,1,0,0,0,1,0,1,1,1,14.31
0,1,0,0,0,0,1,1,0,1,0,0,1,0,13.712
0,1,0,0,0,0,0,0,0,1,0,0,0,1,13.645
1,1,0,0,0,0,1,1,0,1,1,1,0,1,14.3
0,1,0,0,0,0,0,0,0,0,0,0,1,0,13.475
1,0,0,1,0,0,1,0,1,1,0,1,1,1,14.301
0,0,1,1,1,0,0,1,1,0,0,1,1,1,14.147
1,0,1,0,0,1,1,0,1,0,0,1,0,0,14.18
0,0,1,0,1,0,1,1,0,0,0,1,0,1,14.158
1,1,0,1,1,1,1,1,1,1,0,0,0,0,13.759
1,1,1,1,1,0,0,0,0,1,1,0,0,0,13.681
1,0,1,1,1,1,1,1,0,0,0,1,1,0,14.55
0,0,0,0,1,0,0,1,0,1,1,0,1,1,13.609
0,1,0,0,0,1,1,0,0,1,1,0,1,1,13.527
1,0,0,1,0,1,0,1,1,0,1,0,1,1,13.488
1,1,1,1,0,1,1,1,0,1,1,1,1,0,14.227
1,1,0,1,1,0,1,0,1,0,0,0,0,1,13.675
0,0,1,1,1,0,1,0,1,0,1,1,0,1,14.096
0,1,1,1,0,0,0,0,1,1,0,0,1,0,13.509
1,1,0,0,1,1,0,1,1,0,0,1,1,0,14.251
1,1,1,0,0,0,1,1,0,1,1,1,1,0,14.133
0,1,1,1,1,0,1,0,0,0,1,1,1,0,13.996
0,0,0,1,0,1,1,1,0,1,1,0,1,1,13.569
0,0,0,1,0,0,0,1,0,0,0,0,1,0,13.446
0,0,0,1,0,1,1,0,1,0,0,1,1,0,14.285
1,0,0,1,1,0,1,0,1,0,1,0,0,1,13.566
0,1,0,0,0,0,0,0,0,1,0,0,0,1,13.7
1,0,0,1,0,1,1,0,0,1,1,0,1,1,13.605
0,1,1,1,1,0,0,1,0,0,1,1,0,0,14.029
0,1,1,0,0,1,0,1,1,0,0,0,0,1,13.57
0,0,0,0,0,1,1,1,0,0,1,0,0,0,13.496
0,1,0,0,1,1,0,1,0,1,1,1,1,1,14.138
0,0,1,1,1,0,1,1,1,0,0,1,0,0,14.06
0,1,1,0,1,0,1,1,1,0,1,0,0,0,13.489
0,1,0,1,0,0,0,0,1,0,1,1,1,0,14.072
1,1,1,1,1,1,0,0,1,1,1,1,0,0,14.393
0,0,1,0,1,0,1,1,1,1,1,0,1,1,13.44
0,0,1,0,0,1,0,1,1,1,1,1,0,1,14.378
1,0,0,0,0,0,1,0,0,0,0,0,1,1,13.513
1,0,1,0,1,0,0,0,0,1,0,0,1,1,13.672
