storm-obj2,368,,,,,,,,,,,,,,,,,,,,
../Data/storm-obj2_feature6.csv,X,0.419,0.437,0.376,,,,,,,,,,,,,,,,,
../Data/storm-obj2_feature8.csv,0.419,X,0.911,0.897,,,,,,,,,,,,,,,,,
../Data/storm-obj2_feature7.csv,0.437,0.911,X,0.895,,,,,,,,,,,,,,,,,
../Data/storm-obj2_feature9.csv,0.376,0.897,0.895,X,,,,,,,,,,,,,,,,,
spear,16384,,,,,,,,,,,,,,,,,,,,
../Data/spear_7.csv,X,0.95,0.955,1,0.954,0.99,0.874,0.958,0.954,0.975,,,,,,,,,,,
../Data/spear_4.csv,0.95,X,0.961,0.951,0.955,0.966,0.874,0.965,0.959,0.973,,,,,,,,,,,
../Data/spear_3.csv,0.955,0.961,X,0.956,0.987,0.972,0.902,0.996,0.986,0.988,,,,,,,,,,,
../Data/spear_1.csv,1,0.951,0.956,X,0.954,0.992,0.875,0.96,0.955,0.976,,,,,,,,,,,
../Data/spear_5.csv,0.954,0.955,0.987,0.954,X,0.966,0.895,0.991,0.982,0.983,,,,,,,,,,,
../Data/spear_0.csv,0.99,0.966,0.972,0.992,0.966,X,0.889,0.975,0.971,0.99,,,,,,,,,,,
../Data/spear_9.csv,0.874,0.874,0.902,0.875,0.895,0.889,X,0.905,0.897,0.901,,,,,,,,,,,
../Data/spear_2.csv,0.958,0.965,0.996,0.96,0.991,0.975,0.905,X,0.991,0.992,,,,,,,,,,,
../Data/spear_8.csv,0.954,0.959,0.986,0.955,0.982,0.971,0.897,0.991,X,0.992,,,,,,,,,,,
../Data/spear_6.csv,0.975,0.973,0.988,0.976,0.983,0.99,0.901,0.992,0.992,X,,,,,,,,,,,
x264,1992,,,,,,,,,,,,,,,,,,,,
../Data/x264_11.csv,X,0.053,-0.007,0.999,-0.013,0.006,0.98,0.981,0.046,0.006,0.046,0.057,0.998,0.063,0.022,0.998,0.003,0.053,0.055,0.055,-0.001
../Data/x264_4.csv,0.053,X,0.55,0.092,0.462,0.196,0.084,0.081,0.657,0.746,0.6,0.919,0.092,0.943,0.064,0.045,0.646,0.996,0.883,0.957,0.544
../Data/x264_18.csv,-0.007,0.55,X,0.015,0.839,0.109,0.131,0.124,0.482,0.932,0.427,0.609,0.006,0.569,0.11,0.006,0.974,0.525,0.626,0.598,0.327
../Data/x264_7.csv,0.999,0.092,0.015,X,0.007,0.012,0.982,0.981,0.074,0.036,0.071,0.095,0.999,0.1,0.025,0.997,0.029,0.093,0.091,0.094,0.022
../Data/x264_12.csv,-0.013,0.462,0.839,0.007,X,0.103,0.106,0.1,0.413,0.782,0.362,0.516,-0.001,0.481,0.078,-0.001,0.816,0.443,0.531,0.507,0.29
../Data/x264_19.csv,0.006,0.196,0.109,0.012,0.103,X,0.011,0.01,0.138,0.138,0.14,0.182,0.011,0.188,0.335,0.006,0.119,0.198,0.188,0.198,0.084
../Data/x264_6.csv,0.98,0.084,0.131,0.982,0.106,0.011,X,0.996,0.087,0.12,0.079,0.1,0.979,0.098,0.038,0.982,0.132,0.079,0.104,0.095,0.023
../Data/x264_9.csv,0.981,0.081,0.124,0.981,0.1,0.01,0.996,X,0.075,0.122,0.066,0.087,0.981,0.088,0.036,0.981,0.127,0.077,0.087,0.083,0.017
../Data/x264_20.csv,0.046,0.657,0.482,0.074,0.413,0.138,0.087,0.075,X,0.525,0.51,0.711,0.062,0.704,0.055,0.055,0.512,0.662,0.735,0.72,0.414
../Data/x264_0.csv,0.006,0.746,0.932,0.036,0.782,0.138,0.12,0.122,0.525,X,0.469,0.712,0.035,0.695,0.101,0.007,0.959,0.723,0.688,0.721,0.405
../Data/x264_17.csv,0.046,0.6,0.427,0.071,0.362,0.14,0.079,0.066,0.51,0.469,X,0.658,0.06,0.65,0.079,0.054,0.453,0.607,0.672,0.662,0.38
../Data/x264_2.csv,0.057,0.919,0.609,0.095,0.516,0.182,0.1,0.087,0.711,0.712,0.658,X,0.084,0.95,0.07,0.064,0.666,0.925,0.958,0.971,0.545
../Data/x264_10.csv,0.998,0.092,0.006,0.999,-0.001,0.011,0.979,0.981,0.062,0.035,0.06,0.084,X,0.092,0.024,0.994,0.023,0.092,0.076,0.084,0.017
../Data/x264_13.csv,0.063,0.943,0.569,0.1,0.481,0.188,0.098,0.088,0.704,0.695,0.65,0.95,0.092,X,0.053,0.065,0.636,0.949,0.949,0.971,0.559
../Data/x264_15.csv,0.022,0.064,0.11,0.025,0.078,0.335,0.038,0.036,0.055,0.101,0.079,0.07,0.024,0.053,X,0.024,0.101,0.059,0.067,0.073,0.027
../Data/x264_8.csv,0.998,0.045,0.006,0.997,-0.001,0.006,0.982,0.981,0.055,0.007,0.054,0.064,0.994,0.065,0.024,X,0.012,0.047,0.067,0.059,0.001
../Data/x264_3.csv,0.003,0.646,0.974,0.029,0.816,0.119,0.132,0.127,0.512,0.959,0.453,0.666,0.023,0.636,0.101,0.012,X,0.621,0.669,0.667,0.365
../Data/x264_1.csv,0.053,0.996,0.525,0.093,0.443,0.198,0.079,0.077,0.662,0.723,0.607,0.925,0.092,0.949,0.059,0.047,0.621,X,0.89,0.96,0.551
../Data/x264_14.csv,0.055,0.883,0.626,0.091,0.531,0.188,0.104,0.087,0.735,0.688,0.672,0.958,0.076,0.949,0.067,0.067,0.669,0.89,X,0.967,0.54
../Data/x264_5.csv,0.055,0.957,0.598,0.094,0.507,0.198,0.095,0.083,0.72,0.721,0.662,0.971,0.084,0.971,0.073,0.059,0.667,0.96,0.967,X,0.561
../Data/x264_16.csv,-0.001,0.544,0.327,0.022,0.29,0.084,0.023,0.017,0.414,0.405,0.38,0.545,0.017,0.559,0.027,0.001,0.365,0.551,0.54,0.561,X
sqlite,977,,,,,,,,,,,,,,,,,,,,
../Data/sqlite_14.csv,X,0.875,0.957,0.934,0.507,-0.124,0.606,0.982,0.972,0.57,0.82,0.96,0.995,,,,,,,,
../Data/sqlite_49.csv,0.875,X,0.867,0.864,0.552,0.081,0.541,0.868,0.883,0.504,0.746,0.871,0.87,,,,,,,,
../Data/sqlite_19.csv,0.957,0.867,X,0.932,0.588,-0.064,0.581,0.941,0.964,0.551,0.808,0.943,0.961,,,,,,,,
../Data/sqlite_70.csv,0.934,0.864,0.932,X,0.748,-0.019,0.57,0.932,0.938,0.549,0.801,0.926,0.932,,,,,,,,
../Data/sqlite_33.csv,0.507,0.552,0.588,0.748,X,0.173,0.31,0.514,0.56,0.306,0.508,0.547,0.512,,,,,,,,
../Data/sqlite_50.csv,-0.124,0.081,-0.064,-0.019,0.173,X,-0.073,-0.121,-0.077,-0.087,-0.042,-0.078,-0.124,,,,,,,,
../Data/sqlite_59.csv,0.606,0.541,0.581,0.57,0.31,-0.073,X,0.597,0.594,0.33,0.498,0.591,0.605,,,,,,,,
../Data/sqlite_3.csv,0.982,0.868,0.941,0.932,0.514,-0.121,0.597,X,0.962,0.564,0.83,0.956,0.978,,,,,,,,
../Data/sqlite_16.csv,0.972,0.883,0.964,0.938,0.56,-0.077,0.594,0.962,X,0.557,0.822,0.965,0.967,,,,,,,,
../Data/sqlite_46.csv,0.57,0.504,0.551,0.549,0.306,-0.087,0.33,0.564,0.557,X,0.475,0.559,0.564,,,,,,,,
../Data/sqlite_7.csv,0.82,0.746,0.808,0.801,0.508,-0.042,0.498,0.83,0.822,0.475,X,0.815,0.819,,,,,,,,
../Data/sqlite_2.csv,0.96,0.871,0.943,0.926,0.547,-0.078,0.591,0.956,0.965,0.559,0.815,X,0.957,,,,,,,,
../Data/sqlite_17.csv,0.995,0.87,0.961,0.932,0.512,-0.124,0.605,0.978,0.967,0.564,0.819,0.957,X,,,,,,,,
storm-obj1,368,,,,,,,,,,,,,,,,,,,,
../Data/storm-obj1_feature6.csv,X,0.471,0.48,0.01,,,,,,,,,,,,,,,,,
../Data/storm-obj1_feature8.csv,0.471,X,0.366,0.511,,,,,,,,,,,,,,,,,
../Data/storm-obj1_feature7.csv,0.48,0.366,X,0.009,,,,,,,,,,,,,,,,,
../Data/storm-obj1_feature9.csv,0.01,0.511,0.009,X,,,,,,,,,,,,,,,,,
sac,288,,,,,,,,,,,,,,,,,,,,
../Data/sac_9.csv,X,0.577,0.897,0.506,0.281,0.19,,,,,,,,,,,,,,,
../Data/sac_4.csv,0.577,X,0.604,0.102,0.216,0.121,,,,,,,,,,,,,,,
../Data/sac_8.csv,0.897,0.604,X,0.561,0.339,0.275,,,,,,,,,,,,,,,
../Data/sac_5.csv,0.506,0.102,0.561,X,0.757,0.775,,,,,,,,,,,,,,,
../Data/sac_6.csv,0.281,0.216,0.339,0.757,X,0.969,,,,,,,,,,,,,,,
../Data/sac_7.csv,0.19,0.121,0.275,0.775,0.969,X,,,,,,,,,,,,,,,