SQLITE_SECURE_DELETE,SQLITE_ENABLE_ATOMIC_WRITE,SQLITE_ENABLE_STAT2,SQLITE_DISABLE_LFS,SQLITE_DISABLE_DIRSYNC,SQLITE_OMIT_AUTOMATIC_INDEX,SQLITE_OMIT_BETWEEN_OPTIMIZATION,SQLITE_OMIT_BTREECOUNT,SQLITE_OMIT_LIKE_OPTIMIZATION,SQLITE_OMIT_LOOKASIDE,SQLITE_OMIT_OR_OPTIMIZATION,SQLITE_OMIT_QUICKBALANCE,SQLITE_OMIT_SHARED_CACHE,SQLITE_OMIT_XFER_OPT,<$fillrandom.5
0,0,0,1,0,1,1,0,0,1,1,1,1,0,0.185057709996
0,0,0,0,1,0,1,0,0,1,0,0,0,1,0.171883808563
0,1,0,1,0,1,0,1,0,0,1,0,1,1,0.0799928789722
1,1,0,0,0,1,0,0,1,1,0,1,0,1,0.4362519657
1,0,0,1,1,1,0,1,1,1,0,0,1,1,0.0367029641278
1,1,1,1,0,0,1,0,1,1,1,0,1,0,0.163249562353
0,1,1,1,1,1,1,0,0,1,0,1,1,0,0.23626976827
1,0,1,0,1,0,0,1,1,1,0,0,0,1,0.141886478948
1,0,1,1,1,0,1,0,1,1,1,1,1,0,0.288787348307
1,0,0,1,1,1,0,1,1,0,1,1,0,0,0.128831261312
0,1,0,1,0,1,1,0,0,1,0,1,0,0,0.305432750794
0,0,0,1,0,1,0,1,0,1,1,1,0,0,0.144408509628
0,1,0,0,1,1,0,0,1,0,1,0,1,0,0.210278016794
0,1,1,1,1,0,0,1,0,1,0,0,1,0,0.0783016348693
1,1,0,1,1,0,0,1,1,0,1,0,0,0,0.0143904103492
0,0,1,0,1,1,0,1,1,1,0,0,0,0,0.0342996172448
1,0,0,0,1,0,0,1,1,0,0,1,0,1,0.1382369522
1,1,0,0,0,0,0,1,0,0,1,1,1,1,0.258730676794
1,1,0,1,0,0,1,0,0,1,0,1,0,0,0.345310506483
0,0,0,0,0,1,0,1,1,0,0,1,0,1,0.221641990327
0,1,1,1,1,0,0,0,0,1,0,0,1,1,0.298549090585
1,0,0,0,1,1,0,0,1,1,1,0,0,0,0.348455627096
0,1,1,1,0,0,0,0,0,0,1,0,1,1,0.00798148532772
1,1,1,1,1,0,0,1,0,1,1,0,1,0,0.0368216479245
1,1,0,1,0,0,0,0,1,1,0,0,1,1,0.349998516453
0,0,1,0,0,0,1,0,1,1,0,1,0,0,0.419339524671
0,1,1,0,1,1,0,1,1,0,0,1,1,0,0.243895202208
1,0,0,1,1,0,1,1,0,0,0,1,1,0,0.32172210189
1,1,1,0,0,0,1,0,1,0,0,0,0,1,0.0105628579058
0,0,0,0,1,0,0,0,1,0,1,0,1,0,0.373260540605
0,0,0,0,1,0,0,0,0,1,1,1,1,0,0.343797288075
1,0,1,1,1,1,0,1,0,0,0,1,0,0,0.419220840875
0,1,0,1,0,0,0,0,1,0,0,0,0,1,0.00626057027564
0,1,0,1,0,0,0,0,0,0,1,1,0,1,0.128682906566
1,1,0,1,1,1,0,1,0,0,0,0,0,0,0.0144794231967
0,1,1,0,0,0,1,0,0,1,1,1,0,0,0.22585526511
0,1,1,0,0,0,0,1,0,1,1,0,0,1,0.0434382695902
1,1,1,0,1,1,0,0,1,0,1,1,1,1,0.118535441949
0,0,0,0,1,0,1,0,1,0,1,0,1,0,0.00293742396819
0,0,0,1,1,1,0,0,0,0,0,1,1,1,0.475150580067
1,0,0,0,1,0,1,1,0,0,1,0,1,0,0.0
1,0,0,1,0,1,0,1,1,0,0,0,1,0,0.291161024241
0,1,1,0,0,0,1,1,1,1,1,1,0,0,0.322196837077
1,0,1,1,0,0,0,0,1,1,1,0,1,0,0.329021155387
0,0,0,1,1,0,0,1,0,1,1,0,1,1,0.376138622675
1,1,1,1,1,0,0,1,1,1,0,0,1,0,0.0929294128119
1,0,1,0,0,1,1,1,1,0,1,1,0,1,0.295077589532
0,1,0,1,1,1,0,0,1,1,0,0,1,0,0.338515859122
0,1,1,1,1,1,1,0,1,1,1,0,1,0,0.315224164021
0,1,0,1,0,0,1,1,1,1,1,0,0,0,0.144438180577
1,0,1,1,1,0,1,0,1,1,0,1,1,0,0.55368958253
1,0,0,1,1,1,1,0,0,0,1,1,1,0,0.452155594457
1,0,0,1,0,0,1,1,0,0,0,0,0,1,0.0419843930807
1,1,1,0,0,1,0,0,1,0,1,0,1,1,0.278432187046
0,0,1,1,0,1,0,1,1,1,0,0,0,0,0.0487196985432
1,0,0,0,1,1,0,1,0,1,1,1,1,0,0.370323116637
1,1,1,0,0,0,0,1,0,0,0,0,0,1,0.0117496958728
0,0,1,0,1,1,1,0,0,0,1,0,0,0,0.0106815417025
1,1,1,0,0,0,0,0,0,1,1,0,0,0,0.189003946236
0,0,0,0,0,1,1,1,1,0,0,1,1,0,0.300062308993
0,0,1,1,1,0,1,1,0,0,1,0,0,0,0.015043171231
0,1,0,0,0,1,1,1,1,1,0,1,1,0,0.198498649972
0,0,0,1,0,0,0,0,0,1,1,0,0,1,0.066640951844
1,0,0,0,1,1,0,1,0,1,1,1,0,0,0.296027059906
0,0,1,1,0,0,1,1,0,1,1,1,1,0,0.221641990327
0,1,1,1,1,0,1,0,0,0,1,0,1,0,0.0855710174168
0,0,0,1,0,0,0,0,0,1,0,1,1,0,0.323027623654
0,1,0,1,0,0,1,0,0,1,1,0,1,1,0.0381865115865
0,0,1,1,1,0,1,0,1,1,1,0,1,0,0.204521852654
0,0,0,1,1,0,1,0,1,1,0,0,1,0,0.097558080883
0,0,1,0,0,0,0,0,1,0,1,0,1,1,0.0376227635522
0,0,1,0,1,0,1,0,0,0,0,0,0,1,0.0191674331662
0,1,1,1,1,1,1,0,1,1,0,1,1,1,0.144823902917
1,1,0,1,0,0,0,1,0,1,0,1,0,0,0.238584102305
1,0,1,1,0,0,0,1,1,1,1,0,0,0,0.041183277453
1,1,0,0,1,1,1,0,0,0,0,1,1,0,0.124024567546
1,0,0,1,1,1,1,0,1,1,1,1,0,1,0.252381093671
0,0,0,0,0,1,0,1,0,0,0,0,0,1,0.00999910987152
1,1,1,1,1,1,1,1,1,1,1,0,0,1,0.206569148147
0,0,1,1,0,0,1,1,0,0,1,1,0,0,0.243568821767
1,1,1,0,1,0,1,1,1,1,0,1,0,0,0.138563332641
0,0,0,1,1,0,0,0,0,1,1,0,1,0,0.0665816099457
1,1,0,0,1,0,0,0,1,0,0,1,1,0,0.0972910423404
0,1,0,1,1,0,0,0,0,0,0,1,1,0,0.196896418716
1,0,0,1,0,1,0,0,1,1,1,1,1,0,0.153458149126
1,1,1,1,1,1,0,0,1,1,1,0,0,0,0.0482152924072
1,0,1,0,1,1,0,0,1,1,1,1,0,1,0.247722754651
0,0,1,1,0,1,0,1,0,0,1,1,0,1,0.313888971308
0,1,0,1,0,0,1,1,1,1,1,0,1,1,0.0772928225974
1,0,0,1,1,1,1,0,1,0,0,1,1,0,0.368542859686
1,0,0,1,1,0,1,0,1,1,0,1,1,0,0.530516571225
0,0,1,1,0,0,0,0,1,1,0,0,1,0,0.0569385514643
0,0,0,0,1,1,1,1,1,0,1,0,1,0,0.0102661484141
1,0,0,1,1,1,1,1,1,0,1,0,0,1,0.0161113254013
1,1,0,0,0,1,0,0,1,0,0,1,0,0,0.526629676883
1,0,1,1,0,0,0,0,0,0,1,1,0,0,0.358395395069
1,0,1,0,1,0,0,0,1,0,0,1,0,0,0.288282942171
0,1,1,1,1,1,0,1,1,0,0,0,0,0,0.018455330386
0,1,0,0,0,1,0,0,1,0,1,1,0,0,0.489006913331
1,0,0,0,1,1,0,0,0,1,1,0,0,1,0.318784677922
1,1,0,1,1,0,0,1,1,0,0,1,0,0,0.768002848411
1,0,1,1,0,1,0,1,1,1,1,0,1,1,0.270688069311
0,1,1,0,1,1,1,0,0,1,1,0,0,1,0.0517461353589
1,1,0,1,0,0,1,1,0,0,1,1,1,0,0.40070616859
0,1,0,1,1,0,1,1,0,1,1,0,1,0,0.277660742367
1,0,0,1,1,0,1,1,0,1,0,1,0,1,0.648013529953
1,1,1,0,1,0,0,0,1,0,0,0,0,1,0.0145981069934
0,0,1,1,0,0,1,0,0,1,0,1,0,1,0.142064504644
0,1,1,0,0,0,1,1,0,0,1,0,0,1,0.182595021215
0,1,1,1,1,1,0,0,0,1,1,1,0,1,0.226062961754
1,0,1,0,0,0,1,0,1,0,0,1,0,0,0.258018574014
0,0,1,0,0,1,1,0,1,0,0,0,1,1,0.334065216746
1,1,1,0,0,0,0,1,0,0,1,1,1,1,0.181497196095
0,0,0,1,0,1,1,1,1,1,0,0,0,0,0.179746610094
0,1,1,0,0,0,0,0,1,0,1,1,1,1,0.405720559001
0,1,0,0,0,0,0,1,0,1,1,1,1,0,0.243064415631
0,1,1,1,1,0,1,1,1,1,1,0,0,0,0.054505533632
0,0,0,1,1,0,0,0,0,1,1,1,0,1,0.224876123787
1,0,1,0,0,1,0,0,0,0,0,0,1,1,0.113610064386
1,0,1,0,1,1,0,0,1,1,0,1,0,0,0.206865857639
0,1,1,1,0,1,0,0,0,0,0,1,0,0,0.243628163665
1,0,1,1,0,1,0,1,0,0,0,0,1,1,0.150491054209
0,1,1,1,1,0,0,1,1,1,1,0,0,0,0.0434382695902
0,1,0,1,1,0,1,0,0,1,1,0,1,0,0.0376524345014
0,0,1,1,1,0,0,1,1,1,1,0,1,0,0.184256594368
1,0,1,1,1,1,1,1,0,1,1,0,1,0,0.132213749518
0,0,1,1,1,0,1,0,0,1,1,1,0,1,0.253033854553
1,1,0,0,0,0,1,1,1,1,1,0,1,0,0.14325134261
0,1,1,1,0,1,0,0,0,0,1,1,1,0,0.0882117318933
1,1,1,1,0,1,1,1,1,1,1,0,1,1,0.263448357713
1,1,1,0,0,0,1,0,0,1,1,0,1,1,0.127258701006
1,0,0,0,0,1,1,1,1,1,0,1,1,0,0.121205827374
1,1,0,1,1,0,1,1,0,1,0,1,1,1,0.282971842269
1,0,1,1,1,1,0,0,1,0,1,0,0,1,0.295908376109
0,0,1,1,0,0,1,0,0,0,1,0,1,0,0.166691392458
1,1,0,1,0,1,0,1,0,1,0,0,0,0,0.0498471946118
1,1,1,0,0,1,1,0,1,0,0,1,0,0,0.367177996024
1,1,0,1,0,1,1,0,1,1,0,1,0,1,0.148058036377
1,0,1,0,1,0,1,1,0,1,0,1,1,0,0.401536955167
1,0,1,1,0,1,0,0,1,0,1,1,0,1,0.253775628282
1,0,0,0,1,0,0,1,0,1,1,0,1,1,0.0409755808088
1,0,0,1,0,0,0,1,1,1,1,0,0,0,0.169539803578
1,0,1,0,0,1,1,1,1,1,1,0,0,1,0.0434976114886
1,0,0,0,0,1,0,1,0,0,0,0,1,0,0.0777675577842
0,1,1,1,1,1,0,0,1,1,0,0,1,1,0.0382161825357
1,1,1,1,1,1,0,1,0,0,0,1,1,0,0.216597928968
1,1,1,1,0,0,1,0,1,1,0,0,1,0,0.170845325342
0,1,0,1,0,0,1,0,1,0,0,1,0,0,0.242708364241
0,1,0,1,1,0,1,0,1,1,1,0,0,1,0.181437854197
0,0,1,1,0,1,0,1,1,0,0,0,0,0,0.0979141322731
0,0,1,1,0,1,0,1,0,1,0,0,1,0,0.0901106726404
0,0,0,1,1,0,0,0,0,1,1,0,1,0,0.160312138385
0,1,1,0,1,0,0,1,0,0,0,1,1,0,0.0930777675578
0,1,1,1,0,1,0,1,0,0,1,1,1,1,0.320535263923
1,1,0,0,1,1,1,0,0,1,1,1,1,1,0.295255615227
1,1,1,0,0,0,0,1,1,0,0,1,1,1,0.147523959291
1,1,1,1,1,1,0,1,1,0,0,0,1,0,0.2208408747
1,1,0,0,0,1,0,1,1,0,1,1,1,0,0.16517817405
0,1,0,0,0,1,0,1,1,0,0,1,0,0,0.133044536095
1,0,1,1,1,1,0,1,1,0,0,1,1,1,0.103907664006
1,0,0,1,1,1,0,0,1,0,1,0,1,1,0.17737293416
0,1,0,1,1,1,0,1,1,0,0,1,1,0,0.65133667626
1,1,1,1,1,1,1,1,1,0,0,0,1,0,0.147405275495
0,0,1,1,1,1,0,1,1,1,1,1,1,1,0.224282704804
0,1,1,0,0,0,0,0,0,1,0,1,1,1,0.258997715337
1,0,1,0,0,0,1,1,1,0,0,0,0,1,0.015725603062
1,1,0,1,0,0,0,0,0,0,0,0,1,0,0.00234400498472
0,1,1,0,1,1,1,1,1,1,0,0,1,1,0.134587425452
1,1,1,1,1,0,1,0,1,0,0,0,1,1,0.185502774234
1,1,1,0,0,1,0,0,0,1,1,1,0,0,0.164525413168
0,1,1,1,1,0,1,0,0,1,1,1,1,0,0.218823250156
1,1,1,1,1,0,1,0,1,1,0,1,1,0,0.247604070854
1,0,0,0,1,0,1,1,1,1,0,0,0,0,0.293979764413
0,1,0,0,0,1,0,1,1,0,0,1,1,1,0.249859062991
0,1,0,0,1,0,0,1,1,1,0,0,1,1,0.0402931489778
0,1,1,0,0,0,0,0,1,1,0,1,0,1,0.285375189152
1,0,0,1,1,1,0,1,0,1,1,1,1,0,0.363795507818
0,0,1,0,1,0,0,1,1,1,1,0,1,0,0.0320446251076
0,1,1,1,1,0,0,1,1,1,1,1,1,1,0.276177194908
1,0,0,1,1,1,0,1,0,1,1,1,0,1,0.301278817909
0,0,0,1,0,0,1,0,0,1,1,1,1,1,0.490787170282
1,0,0,0,1,1,1,0,0,0,0,0,0,0,0.0174761890633
1,1,0,1,0,1,1,0,1,1,0,0,0,1,0.0480966086105
1,1,1,0,1,0,1,1,0,0,1,1,0,1,0.224104679109
0,0,1,0,0,0,0,0,1,0,0,0,0,1,0.130641189212
1,1,0,1,1,0,1,0,1,1,1,1,1,1,0.180785093315
0,0,1,1,1,1,0,1,0,0,0,1,0,1,0.0951547339999
0,0,1,1,1,1,1,0,1,0,0,1,0,0,0.147434946444
0,1,1,1,0,0,0,0,0,1,1,1,1,1,0.160045099843
0,1,1,0,1,1,0,0,1,1,1,1,0,1,0.304008545233
1,0,0,1,1,1,1,0,0,1,0,1,0,0,0.209506572115
0,1,0,1,1,1,1,1,1,0,0,1,1,1,0.0952140758983
1,0,1,1,0,0,0,0,0,0,1,1,1,0,0.174109129751
1,1,0,0,0,1,0,1,0,1,1,1,0,1,0.44417410913
0,1,0,0,0,0,0,1,1,0,0,0,0,1,0.0108595673976
0,1,1,0,1,0,1,0,0,0,0,1,1,1,0.199685487939
1,0,1,1,0,0,0,0,1,1,1,0,0,0,0.0453075393882
1,1,1,0,1,1,0,1,1,0,0,1,0,1,0.261430733169
0,1,1,1,1,1,1,0,0,1,0,0,0,0,0.0450108298964
1,0,1,0,1,1,0,1,1,1,1,1,1,0,0.144171142035
0,0,1,0,1,0,0,1,1,0,0,1,0,0,0.124499302733
1,0,0,1,1,1,0,1,0,1,0,0,1,0,0.0373260540605
1,0,1,1,1,0,0,0,1,0,0,1,0,1,0.105153843871
1,0,0,0,1,1,1,1,1,1,1,1,0,0,0.567901967184
0,0,0,0,1,0,0,1,0,0,0,0,1,0,0.103818651159
0,1,1,0,0,0,1,0,0,1,1,1,1,1,0.386078390648
0,1,1,1,0,1,1,0,1,1,0,1,0,0,0.396285197163
0,0,0,0,1,1,1,1,1,0,0,1,1,1,0.160579176928
1,1,1,0,0,1,1,0,1,0,0,1,1,1,0.391270806753
0,1,1,0,0,1,1,0,1,0,0,0,0,0,0.194671097528
1,1,1,0,0,1,0,1,1,1,1,0,1,0,0.0388986143667
0,1,1,1,0,1,0,0,1,0,0,0,1,0,0.113313354894
1,1,1,1,0,1,0,0,1,0,1,1,1,1,0.230038868943
1,1,1,0,1,0,1,1,0,1,1,1,0,0,0.458801887072
1,1,0,1,0,0,1,0,0,0,0,1,0,0,0.296798504584
1,1,0,0,1,0,0,0,1,1,1,0,1,1,0.33249265644
1,1,0,0,0,1,0,1,0,0,0,1,0,0,0.223362905379
0,1,0,1,1,1,1,0,0,1,1,0,0,0,0.207666973266
0,1,0,0,1,1,0,0,0,0,0,1,1,1,0.193424917663
0,0,1,0,1,1,1,1,0,1,0,0,1,0,0.344835771296
0,0,0,0,0,1,1,1,1,0,1,0,1,1,0.00667596356407
0,1,1,1,1,1,0,0,0,1,0,1,0,1,0.411625077886
1,1,1,1,1,0,1,0,1,0,0,1,1,1,0.300002967095
0,1,1,1,0,1,1,0,0,1,1,0,1,1,0.0315698899208
0,0,0,0,0,0,1,0,1,0,1,0,0,0,0.016051983503
0,0,0,1,0,0,0,0,1,0,1,0,0,1,0.00679464736077
0,1,0,0,0,0,0,0,0,1,1,0,1,1,0.0386909177225
1,1,0,0,1,1,1,1,1,1,1,0,0,1,0.253567931638
0,1,0,1,0,0,1,0,1,0,0,0,1,0,0.00899029759962
1,1,1,1,0,0,1,0,0,1,1,1,0,1,0.164614426015
1,1,0,1,0,0,0,0,0,1,1,0,1,0,0.291161024241
1,0,0,1,1,1,1,1,0,0,0,0,0,1,0.104590095837
0,0,0,1,0,1,1,1,1,0,0,1,0,1,0.384980565528
1,1,0,0,0,0,1,0,1,1,0,0,1,0,0.570305314067
0,0,0,1,1,1,0,1,1,0,1,0,1,0,0.197519508649
1,1,0,0,1,1,1,1,0,0,1,0,1,1,0.245052369225
0,1,0,1,0,1,0,1,1,1,0,1,0,1,0.619114025458
0,0,1,1,1,0,0,0,0,1,1,1,1,1,0.428240809423
1,0,0,0,1,0,1,1,1,0,0,1,1,0,0.442423523129
0,0,1,1,1,1,1,1,0,0,1,1,0,1,0.335815802748
0,0,1,1,0,0,1,1,1,1,1,0,1,1,0.453995193306
0,1,0,0,1,1,1,0,0,1,1,1,1,1,0.374951784708
1,0,1,0,1,1,0,1,1,0,0,0,0,1,0.219060617749
0,1,1,0,1,0,1,1,0,0,0,0,0,0,0.116132095066
1,0,0,0,0,0,1,1,0,0,0,1,1,0,0.332195946948
1,1,1,1,1,1,1,0,1,0,1,0,0,0,0.190873216034
0,0,0,1,0,1,1,0,1,1,0,0,0,1,0.036910660772
1,0,0,1,1,0,0,1,0,1,1,0,0,0,0.427973770881
1,0,0,1,0,0,1,0,0,0,1,0,1,0,0.00931667804053
1,1,1,0,0,1,0,0,0,0,0,1,1,0,0.204729549298
1,1,0,1,1,1,1,0,0,0,1,0,1,1,0.208705456488
1,0,1,1,0,1,0,1,0,1,1,1,1,0,0.148236062072
1,0,1,1,1,0,0,0,1,1,1,1,1,0,0.168976055544
1,0,1,0,0,1,0,0,1,0,1,0,0,0,0.243776518411
0,0,1,0,0,0,1,1,1,1,0,1,1,1,0.123253122867
0,1,1,1,0,1,0,1,1,0,0,0,0,0,0.299676586654
0,0,1,0,0,0,1,1,1,0,1,1,1,1,0.218289173071
0,1,0,0,1,0,0,1,1,0,1,1,0,1,0.164673767914
1,1,1,1,0,1,1,0,1,0,1,1,1,0,0.0965492686111
1,1,0,0,1,0,1,1,0,1,1,0,0,1,0.190190784203
1,0,1,1,1,1,0,1,1,1,1,1,1,1,0.43770584221
0,0,1,1,1,0,1,0,1,1,1,1,1,0,0.335756460849
0,1,0,1,1,1,1,1,1,0,1,0,1,1,0.00584517698721
0,0,0,0,0,1,1,0,1,1,1,0,1,0,0.190428151797
1,0,0,0,0,0,1,1,0,1,1,0,1,0,0.237723644779
0,0,0,1,0,0,0,0,0,1,0,0,1,1,0.158502210486
1,1,0,1,0,0,1,1,1,0,0,1,1,1,0.0996647182743
1,0,0,0,1,1,1,1,0,0,0,1,0,1,0.421327478266
1,0,1,0,1,0,1,1,0,1,0,1,0,0,0.276948639587
1,0,1,0,1,1,0,1,0,1,1,1,0,1,0.137613862267
1,0,1,1,0,0,0,0,1,1,1,1,1,0,0.270480372667
0,0,1,0,1,1,1,0,0,0,0,0,1,0,0.151232827938
0,1,0,1,1,1,1,1,1,1,1,0,1,0,0.0381865115865
0,1,0,1,0,0,0,0,0,0,1,0,1,0,0.231522416402
1,0,0,1,0,0,1,1,0,1,1,1,0,1,0.43553986292
0,1,0,0,0,0,0,0,1,1,0,0,0,1,0.434442037801
0,0,1,0,0,1,1,0,1,1,1,1,0,0,0.315639557309
1,0,1,1,0,1,1,1,1,0,0,0,1,1,0.0194938136071
0,1,0,0,1,1,1,1,0,0,0,1,1,0,0.220900216598
1,1,0,0,0,0,0,1,1,1,0,1,0,0,0.477286888408
0,0,1,1,0,1,1,1,0,0,0,1,1,0,0.421505503961
1,0,1,0,0,0,1,1,1,0,1,0,0,1,0.0132925852298
0,1,1,0,0,1,0,0,0,1,1,0,0,1,0.213096756965
1,1,0,0,0,0,0,0,0,0,0,1,1,1,0.57342076373
1,0,0,1,0,1,0,0,1,0,1,1,0,0,0.181823576536
1,1,1,0,1,0,1,1,0,1,0,0,0,1,0.145565676646
1,1,0,0,1,1,0,1,0,0,0,1,1,1,0.0938788831855
1,0,1,1,0,1,1,1,1,1,0,1,0,1,0.205055929739
0,0,0,0,1,0,1,1,1,0,1,0,0,1,0.0205916387265
0,1,1,1,0,1,0,1,0,1,1,1,0,1,0.186867637896
0,0,1,0,1,1,0,0,0,0,0,1,1,1,0.144823902917
0,1,0,1,0,1,0,0,1,0,1,1,1,1,0.252292080824
0,1,1,0,0,0,1,1,0,0,0,0,0,1,0.286027950034
0,1,1,1,1,0,1,0,0,0,0,0,0,1,0.0183366465893
1,1,1,1,0,1,0,0,1,0,0,1,0,1,0.254695427707
1,0,1,0,0,1,0,1,1,0,1,1,0,0,0.106963771771
1,0,1,0,0,0,0,1,1,0,1,0,1,0,0.0184256594368
0,1,1,0,0,1,0,0,1,0,1,0,1,1,0.207934011809
0,0,0,0,0,0,1,0,1,0,1,1,1,0,0.352164495742
0,0,1,0,1,1,1,0,1,0,0,1,0,0,0.318191258938
0,0,1,1,1,0,0,0,1,0,0,1,0,0,0.207607631368
1,0,1,1,1,0,0,1,0,0,1,1,1,0,0.335163041866
0,0,1,0,1,1,0,1,0,1,0,0,1,1,0.0308874580898
1,1,0,0,1,0,0,1,1,1,1,0,1,1,0.122926742426
1,1,0,0,1,1,0,1,0,0,0,1,0,1,0.414058095718
1,0,1,1,0,0,0,0,0,1,0,0,1,0,0.0392546657568
1,1,0,0,0,1,0,0,1,1,0,0,1,0,0.230602616978
0,1,0,1,1,0,0,0,0,0,0,1,1,0,0.300448031333
1,0,0,1,0,1,0,0,0,0,1,0,0,1,0.230691629825
1,1,1,0,0,1,0,1,1,0,0,0,1,0,0.00477702281696
1,0,0,1,0,1,1,0,1,1,1,1,1,1,0.142390885084
1,1,0,1,1,0,1,1,1,1,1,1,1,0,0.407738183544
1,0,0,1,1,1,1,1,0,1,1,0,0,1,0.0446251075572
0,0,1,0,1,1,0,0,0,1,0,0,1,0,0.274871673145
1,1,1,1,0,0,0,1,0,0,0,0,0,0,0.220425481411
1,1,1,1,0,0,1,1,0,0,0,0,0,1,0.0621309675697
0,1,1,0,0,0,1,1,1,1,0,1,0,1,0.197994243836
0,0,0,1,1,0,1,0,0,0,0,1,1,0,0.268700115717
0,1,0,1,1,0,1,0,1,0,0,0,1,0,0.167878230425
0,0,0,0,1,0,0,1,1,0,1,1,0,1,0.373557250096
1,1,0,0,0,1,1,1,1,1,1,0,0,0,0.0462866807109
0,1,0,1,1,1,0,1,0,1,0,0,0,1,0.226508025992
1,0,0,1,0,0,0,1,0,0,1,1,0,0,0.456695249681
0,0,0,1,1,0,1,1,1,0,1,1,0,1,0.395780791028
1,1,0,1,0,0,1,0,0,1,1,0,1,0,0.0525175800374
0,0,0,1,0,1,0,1,1,0,1,1,0,1,0.198676675667
1,1,1,0,0,1,1,1,1,1,0,1,1,0,0.236685161558
0,1,0,0,0,1,1,1,0,1,1,0,1,0,0.0356941518559
1,1,0,0,0,0,1,1,1,1,1,1,0,1,0.340859864107
1,0,0,1,1,1,1,1,1,0,0,0,1,1,0.00320446251076
1,1,0,0,1,0,0,0,0,1,0,0,1,1,0.0461976678634
1,0,0,1,1,1,1,1,1,1,1,1,0,1,0.524256000949
1,1,0,0,0,1,0,0,1,1,1,0,1,1,0.148799810106
1,0,1,1,1,0,1,0,0,0,0,1,1,1,0.0972317004421
1,1,1,1,1,1,0,0,0,1,1,0,0,0,0.0519241610539
0,1,1,1,1,1,0,0,0,1,0,1,1,1,0.461620627244
0,0,1,1,1,1,1,1,1,0,0,0,1,0,0.00712102780168
1,0,1,1,1,1,0,1,0,1,1,0,1,0,0.343352223838
0,1,0,1,1,0,0,1,1,0,0,1,0,0,0.437082752277
1,1,0,0,0,1,1,1,1,0,0,0,0,1,0.166513366763
0,0,0,1,1,1,0,1,0,1,0,1,0,1,0.302109604486
0,1,1,1,0,0,1,1,1,1,1,0,0,1,0.0496691689167
1,1,1,1,1,1,1,1,1,1,1,1,0,1,0.306115182625
1,1,0,1,1,1,0,0,1,1,1,0,0,0,0.04596030027
0,1,0,1,0,0,1,1,0,1,0,0,0,1,0.160786873572
0,0,1,0,0,0,1,0,0,0,0,1,0,1,0.295938047058
0,1,0,0,1,0,0,1,0,1,0,1,1,0,0.345547874076
0,0,1,0,1,1,1,1,0,0,0,0,1,1,0.115598017981
0,0,0,0,0,0,0,0,1,1,0,0,0,0,0.156039521704
0,0,0,0,0,0,1,1,1,1,0,0,1,0,0.0377414473489
1,1,1,1,1,0,1,0,1,0,1,0,0,0,0.186630270302
0,0,1,0,1,1,0,1,0,0,0,0,1,1,0.0110375930926
0,0,1,0,0,1,0,0,1,0,0,1,1,0,0.292911610242
1,0,0,0,1,0,0,1,1,0,1,1,1,0,0.133459929383
1,0,0,1,1,0,0,0,0,0,1,0,0,1,0.190962228882
0,0,0,1,0,1,1,0,0,1,0,0,0,0,0.0311841675815
0,1,1,1,0,0,0,0,0,1,0,1,0,0,0.31489778358
0,1,1,1,1,0,1,1,1,0,1,0,1,0,0.0994273506809
1,0,1,0,0,1,1,0,0,0,0,0,0,0,0.127525739548
1,0,0,0,1,0,0,1,1,1,0,1,1,0,0.336379550782
0,1,1,0,0,0,1,0,0,0,1,1,0,1,0.166068302525
1,0,1,0,1,1,1,0,0,1,1,0,0,0,0.226003619856
1,0,0,1,0,0,1,0,0,1,1,1,0,1,0.244488621191
1,0,0,0,0,0,1,1,1,0,1,0,1,0,0.159332997063
1,1,0,0,0,0,0,1,0,0,1,1,1,0,0.106162656143
0,1,1,1,0,0,1,1,0,1,1,1,1,0,0.360591045308
1,1,0,1,1,0,0,1,0,0,1,1,0,0,0.407560157849
1,1,0,1,0,0,1,0,0,1,1,1,1,1,0.566062368335
0,1,0,0,0,1,0,1,0,1,1,1,1,0,0.209031836928
0,1,1,1,1,0,0,1,0,1,1,0,1,1,0.130937898703
0,0,0,0,0,0,1,0,1,0,1,0,1,1,0.00195828264546
0,1,1,1,1,0,0,0,1,0,0,0,0,0,0.255941607572
0,1,1,1,1,1,1,1,0,0,1,0,1,1,0.0781829510726
0,1,0,0,1,0,0,1,0,1,0,0,1,1,0.0392249948076
1,0,1,0,0,0,0,1,0,0,1,1,0,0,0.105035160075
1,1,0,0,1,0,0,1,0,0,0,0,1,0,0.184761000504
0,1,0,0,1,1,1,0,1,0,1,1,1,1,0.239800611222
1,1,1,0,0,1,0,1,1,0,1,0,0,1,0.0309764709373
1,0,0,0,0,0,1,0,1,1,1,0,1,1,0.114737560455
1,0,0,1,1,0,1,1,1,1,1,1,1,1,0.232649912471
1,1,0,1,1,1,0,0,1,1,0,1,0,0,0.616324956235
0,1,1,1,0,0,1,1,1,1,1,0,0,0,0.0669970032341
0,0,0,1,0,1,0,1,0,0,1,0,0,0,0.243420467021
1,0,1,0,0,1,1,0,0,1,1,1,1,0,0.17811470789
0,1,1,0,0,0,0,1,1,1,0,0,1,0,0.047147138237
1,0,0,1,0,1,1,0,0,1,1,1,1,1,0.232501557725
1,0,1,0,1,0,0,0,1,1,1,0,1,0,0.179123520161
1,0,1,1,1,1,1,0,0,1,1,1,1,0,0.282526778032
0,1,1,0,1,1,1,1,0,1,0,1,0,0,0.146544817969
0,0,1,0,0,0,0,0,1,0,1,1,0,1,0.23267958342
0,1,1,1,0,0,0,0,0,0,0,1,0,1,0.274604634602
0,0,1,1,0,0,1,0,0,1,0,0,1,0,0.253478918791
0,1,1,0,0,1,1,0,0,1,0,1,0,0,0.3141856808
0,1,0,1,0,0,0,1,0,0,1,1,0,0,0.344183010415
0,0,1,1,0,1,0,1,0,1,0,1,1,1,0.35296561137
1,1,0,0,0,0,1,1,0,1,1,1,1,0,0.125804824496
0,1,1,1,1,0,1,1,1,1,0,0,0,0,0.0479185829155
0,1,0,0,0,0,1,0,0,1,1,0,0,0,0.0447734623031
1,0,1,0,0,1,0,1,0,0,1,1,1,0,0.0940865798297
0,0,1,1,0,1,1,1,0,1,0,0,0,1,0.221107913242
0,0,1,1,0,1,1,0,0,0,0,1,0,0,0.255822923775
1,1,0,1,1,1,1,0,1,1,0,0,0,0,0.167284811441
1,1,0,0,0,0,0,1,0,1,0,1,1,0,0.177788327449
0,0,1,0,0,0,1,0,1,0,0,1,1,0,0.32350235884
0,0,0,0,1,0,0,1,0,1,1,1,1,1,0.300151321841
0,1,0,1,1,1,0,1,0,0,0,1,1,1,0.111355072249
1,0,0,0,1,0,0,0,0,1,0,1,1,1,0.315372518767
1,0,1,1,0,0,0,1,1,0,1,0,1,0,0.162863840014
0,0,1,0,1,1,1,1,0,0,0,0,0,1,0.137435836572
1,0,0,0,0,1,0,0,1,0,0,1,1,0,0.537489244281
1,0,0,0,1,1,1,1,0,1,0,0,0,1,0.0433492567427
0,1,1,1,0,0,0,0,0,0,0,0,1,1,0.068005815506
1,1,0,1,0,1,0,1,1,1,0,0,0,0,0.042192089725
0,1,1,1,0,0,0,1,1,1,0,0,0,0,0.215351749102
0,1,1,1,1,1,0,0,1,1,1,1,1,1,0.331098121829
1,0,0,0,0,0,0,0,0,0,1,0,1,0,0.10915942201
0,1,0,1,0,0,0,1,1,1,0,1,0,0,0.180518054773
0,1,0,0,0,0,1,1,1,1,1,0,0,1,0.0481559505089
0,0,0,0,0,1,0,0,1,0,0,0,0,1,0.0953624306442
1,1,0,1,1,1,0,1,0,0,1,1,1,1,0.186630270302
0,0,1,0,0,1,1,1,0,1,0,1,1,1,0.216983651307
0,0,0,1,1,1,0,0,1,0,1,1,1,0,0.096875649052
0,1,0,0,1,1,0,0,1,0,0,0,0,0,0.0106518707533
1,0,0,0,0,1,1,1,0,0,0,1,0,0,0.191674331662
1,1,0,1,0,0,0,1,1,0,0,1,1,1,0.106726404178
1,1,0,0,0,1,1,1,0,0,0,0,1,0,0.00631991217399
1,0,0,1,1,0,0,1,1,1,1,1,1,1,0.167907901374
0,1,1,0,1,0,1,1,1,0,0,1,1,1,0.362608669851
0,1,0,1,1,0,1,1,0,0,0,0,1,0,0.00792214342937
1,0,0,0,1,1,1,1,1,1,1,0,0,0,0.355428300151
1,0,1,1,0,1,0,1,0,0,1,1,0,1,0.275138711687
1,0,1,0,1,0,0,1,1,0,1,0,0,1,0.159006616622
1,1,1,1,1,1,1,1,1,1,1,0,1,1,0.190190784203
1,1,1,0,1,1,0,0,1,1,0,1,1,1,0.276740942943
0,1,0,1,1,0,0,0,1,0,1,0,0,1,0.0144497522476
1,0,1,0,1,1,0,1,1,1,1,0,1,1,0.294009435362
0,0,0,1,1,0,1,1,0,1,1,1,0,0,0.157315372519
1,0,0,0,0,1,0,1,1,0,1,0,0,1,0.218140818325
1,0,1,0,0,1,1,1,1,1,0,0,1,0,0.112007833131
0,0,0,1,0,0,1,1,1,1,1,0,1,1,0.193395246714
0,0,0,0,1,0,1,1,1,1,1,1,0,0,0.535501290686
0,1,1,0,0,0,1,0,1,0,1,0,1,0,0.265911046494
0,1,0,0,1,0,1,0,0,0,1,0,0,0,0.0115419992286
1,0,0,1,1,1,0,1,0,1,1,1,1,1,0.175800373854
1,1,0,0,1,0,0,0,1,1,1,1,1,0,0.359997626324
1,1,0,1,0,0,0,0,0,1,0,1,1,1,0.308459187609
0,0,1,1,1,1,1,0,1,1,0,1,1,0,0.462688781414
0,1,1,0,0,0,1,0,1,0,0,0,1,0,0.201821796279
0,1,0,1,1,0,1,1,0,1,1,1,0,0,0.172328872801
0,1,1,0,0,1,0,0,1,1,1,1,1,1,0.181289499451
1,0,1,1,0,1,1,0,1,1,0,1,0,0,0.316262647242
0,1,0,1,0,0,1,1,1,0,1,0,0,1,0.0245378749666
1,0,1,1,0,0,1,0,1,0,1,1,1,1,0.127051004362
0,0,1,1,0,1,1,0,1,0,1,0,0,1,0.271044120701
0,0,0,1,1,1,0,1,0,1,0,1,0,1,0.190932557933
1,1,1,0,0,0,0,1,1,1,1,1,0,1,0.424977005014
0,1,0,0,0,1,0,0,1,1,0,0,1,0,0.36875055633
1,0,0,1,1,1,1,0,1,0,0,0,1,1,0.013500281874
1,1,0,1,1,1,1,1,0,1,1,1,1,1,0.146188766579
1,0,1,0,0,1,0,0,1,1,1,0,0,1,0.0419250511824
0,1,0,1,1,0,1,1,1,1,1,1,0,0,0.541613506216
1,0,0,1,0,1,0,0,0,1,1,0,0,1,0.0384238791799
0,1,0,1,0,1,1,1,0,0,1,1,1,0,0.454084206154
1,0,1,1,0,0,0,1,1,0,1,1,1,1,0.153398807228
1,0,1,1,0,0,0,0,1,0,1,1,1,1,0.372014360739
0,1,1,1,1,0,1,1,0,1,0,1,0,1,0.425392398303
1,1,1,1,1,1,1,0,0,0,0,0,0,1,0.0218971604902
1,0,0,0,1,0,0,0,1,1,1,0,0,1,0.437260777972
0,0,0,0,1,0,1,0,1,1,1,0,0,0,0.0469394415927
0,1,1,1,0,1,1,1,0,1,1,0,1,0,0.0287511497493
0,1,1,0,0,0,1,0,1,0,1,1,1,0,0.271874907278
0,0,0,0,0,1,0,0,0,0,0,1,0,1,0.712874224846
1,1,0,0,0,1,1,1,0,0,1,1,1,0,1.0
1,0,0,0,0,0,1,0,0,0,0,1,0,0,0.389668575498
1,1,0,1,1,1,0,1,0,1,0,1,1,0,0.289143399697
0,1,0,1,1,1,1,0,1,1,1,0,1,1,0.0385128920274
0,1,0,1,1,0,0,0,0,0,0,0,0,1,0.0174168471649
1,1,0,1,0,0,0,1,1,1,0,0,1,0,0.199032727057
0,1,0,1,1,0,0,0,0,0,1,1,1,0,0.160223125538
0,1,1,1,0,1,1,1,1,1,0,0,1,1,0.0492834465775
0,0,1,1,1,0,1,1,0,1,1,0,1,1,0.12927632555
1,1,0,0,0,0,1,0,1,1,0,1,0,1,0.311188914933
0,0,0,0,1,0,1,1,0,0,1,1,1,0,0.0993976797318
1,1,0,1,0,0,0,0,0,0,1,0,0,0,0.0983888674599
0,1,1,0,0,0,1,1,0,1,0,0,1,0,0.138652345489
1,0,1,1,1,1,0,0,1,0,1,0,0,1,0.012639824348
1,1,1,1,0,0,1,0,1,1,1,1,0,0,0.219179301546
1,0,1,0,0,0,1,1,0,0,0,0,0,0,0.251490965196
1,1,1,0,1,1,0,0,1,0,0,0,0,0,0.0138860042133
1,1,0,0,1,1,0,0,1,0,0,1,0,0,0.12209595585
0,0,0,1,1,0,1,0,0,1,0,0,0,0,0.0439426757262
0,0,0,0,1,1,0,0,1,0,1,1,0,0,0.138889713082
0,0,1,1,0,0,1,1,1,1,1,0,0,1,0.0495208141708
1,0,1,0,0,0,0,1,0,1,0,0,0,0,0.486840934041
0,0,1,0,1,1,0,0,1,0,0,1,1,0,0.59929383141
0,0,0,1,1,1,0,1,0,1,0,1,1,1,0.817642346379
1,1,1,1,1,0,1,0,0,1,1,0,1,0,0.0448624751506
0,1,1,1,0,1,1,1,0,0,1,1,1,1,0.180369700027
0,0,1,1,0,1,0,0,1,0,0,0,1,0,0.292852268344
0,1,1,1,1,0,0,1,0,0,1,1,0,1,0.207815328012
0,0,1,1,0,0,1,1,0,0,1,0,0,1,0.302614010622
1,1,1,0,1,1,1,0,1,0,0,0,1,0,0.102394445598
1,1,0,0,1,0,1,0,0,1,0,0,0,0,0.190190784203
0,0,1,1,1,1,0,1,0,1,0,1,1,1,0.428952912204
0,0,1,1,1,0,1,0,0,1,1,0,1,1,0.247900780346
0,1,0,0,1,0,0,0,1,1,0,0,1,0,0.323383675044
0,0,1,0,0,0,1,1,0,0,1,1,0,0,0.116636501202
1,1,0,0,0,0,0,1,1,1,1,0,0,0,0.17666083138
0,1,0,0,1,0,0,0,0,1,1,0,1,0,0.22404533721
0,0,1,1,0,0,0,1,0,0,0,0,0,0,0.0127585081447
1,0,1,0,1,0,0,0,1,0,0,1,0,0,0.111770465537
1,0,1,1,1,0,0,1,0,0,0,1,1,0,0.22407500816
0,1,1,0,0,0,1,1,0,1,0,0,0,1,0.0552176364122
1,0,1,1,0,0,0,0,0,0,1,0,1,0,0.0129662047889
1,0,0,0,0,0,1,0,0,1,1,0,1,1,0.0472064801353
1,1,1,1,0,1,0,1,0,0,0,1,1,0,0.392724683263
0,1,1,0,0,0,0,0,1,1,1,1,0,0,0.183158769249
1,1,1,1,0,0,0,1,1,1,0,0,0,0,0.217547399341
0,0,0,1,1,0,0,0,0,1,1,0,1,0,0.191911699255
1,1,0,0,1,0,0,0,1,1,0,0,1,0,0.040827226063
0,1,1,0,0,0,1,0,1,1,0,0,1,1,0.22766519301
1,1,1,0,0,1,0,0,1,1,0,1,1,0,0.315817583004
0,1,0,1,0,1,1,1,1,1,1,0,1,1,0.214342936831
0,1,1,0,0,1,0,0,1,0,1,1,0,0,0.527015399223
1,0,0,0,1,1,0,0,1,1,0,1,1,1,0.424353915082
0,0,1,0,0,1,1,1,1,0,1,1,1,0,0.1113254013
0,1,0,1,1,0,1,1,1,0,1,0,0,1,0.275257395484
1,0,1,0,0,0,0,0,1,0,0,0,1,1,0.148681126309
0,1,1,0,0,0,1,0,0,0,0,0,1,1,0.00896062665045
0,1,1,0,0,1,0,0,0,1,1,1,1,1,0.879268907812
0,1,0,1,0,0,0,0,0,0,0,0,1,1,0.251668990891
0,0,1,0,1,0,0,1,1,0,1,0,0,0,0.0241521526274
1,1,0,0,0,1,1,0,1,0,0,1,0,1,0.258730676794
1,0,0,0,0,0,1,0,1,1,0,0,1,1,0.261519746017
0,1,1,1,0,1,0,0,1,0,1,0,1,0,0.00525175800374
0,0,0,1,0,0,0,1,1,0,0,0,1,0,0.0518648191556
1,0,1,0,1,0,0,0,0,1,0,1,1,0,0.181912589384
1,0,0,1,1,0,1,0,1,1,1,0,0,1,0.0511230454262
1,1,1,0,1,0,1,0,1,1,0,0,1,1,0.242263300003
0,1,1,1,0,0,1,1,1,0,1,1,1,0,0.37557487464
1,1,0,1,1,0,1,1,1,0,0,1,1,0,0.104441741091
1,0,1,0,0,1,0,1,0,1,1,0,1,0,0.038957956265
0,1,0,0,1,0,0,0,1,0,1,0,1,1,0.148918493903
1,0,0,1,1,0,1,0,0,0,1,0,0,0,0.017772898555
1,0,1,0,1,1,1,0,0,1,0,0,0,1,0.201821796279
1,1,1,1,0,0,0,1,1,1,1,1,0,1,0.365249384328
1,1,1,0,0,0,0,1,0,1,0,1,0,0,0.475565973355
1,0,0,1,1,1,0,0,0,0,0,0,0,1,0.173129988428
0,1,1,1,0,0,0,1,1,0,1,1,0,1,0.361718541376
0,1,0,1,1,0,0,0,0,0,0,1,0,1,0.180102661484
0,0,0,0,0,1,1,0,1,1,1,0,0,0,0.0513307420704
0,1,1,0,0,0,0,1,0,1,1,0,1,0,0.240750081595
0,1,1,0,1,1,0,0,0,1,0,1,1,1,0.643740913272
1,1,1,1,0,1,1,1,0,1,0,0,1,0,0.25315253835
0,1,0,0,1,0,1,0,1,1,0,1,0,0,0.198320624277
1,1,0,1,0,1,1,0,0,1,1,1,1,0,0.149126190547
1,1,1,0,1,0,1,1,1,0,1,0,0,1,0.259442779575
1,0,0,0,0,1,1,0,1,1,1,1,1,0,0.132925852298
0,0,1,1,0,1,1,1,1,1,1,0,0,0,0.313621932766
0,1,0,1,1,0,1,1,1,0,0,0,1,1,0.417173545382
1,0,1,1,0,0,1,0,1,0,0,1,1,1,0.262380203543
0,1,0,0,1,0,1,0,1,0,0,0,1,1,0.20143607394
1,1,1,1,1,0,1,0,1,1,0,0,0,0,0.126576269175
0,1,0,1,0,0,1,0,0,1,1,1,0,0,0.338990594309
1,1,1,1,1,1,1,1,1,1,0,0,0,0,0.265762691749
0,1,0,1,1,0,1,0,1,0,1,1,0,0,0.278758567487
1,0,0,1,1,0,0,0,0,1,1,0,0,1,0.427499035694
1,1,0,1,0,1,1,0,0,1,1,1,0,0,0.397709402724
0,0,1,1,1,1,0,0,1,0,0,0,0,1,0.534700175059
0,0,1,0,0,0,0,0,1,1,1,1,0,0,0.227487167314
0,0,1,0,0,1,0,0,0,0,1,0,1,0,0.0127881790938
1,0,1,0,0,1,1,0,0,1,1,0,0,0,0.303949203335
1,0,0,1,0,0,1,0,1,0,1,1,0,1,0.163991336083
0,0,1,1,1,0,1,0,0,1,1,0,1,0,0.230216894638
1,1,1,1,0,1,1,0,0,0,1,0,1,1,0.275613446874
1,1,0,1,1,1,0,1,0,0,1,1,1,1,0.214788001068
0,1,0,1,1,0,1,0,1,0,0,0,0,0,0.242085274308
1,0,0,0,1,0,1,1,1,0,0,1,1,1,0.157345043468
0,0,1,0,1,1,1,0,0,0,0,1,1,0,0.322137495178
1,0,1,0,0,1,1,0,0,0,1,0,1,0,0.0148948164852
0,0,0,0,1,1,0,1,1,1,1,1,0,1,0.22908939857
0,0,0,1,0,1,1,0,0,1,0,0,1,1,0.0363765836869
1,1,0,1,0,0,0,0,1,1,1,1,0,0,0.186600599353
0,1,1,1,0,1,0,1,1,0,1,1,1,1,0.30270302347
0,1,1,1,0,1,1,1,0,0,0,1,1,1,0.0885381123342
1,0,0,0,0,0,1,0,0,1,0,1,1,0,0.219446340088
1,1,1,0,1,1,1,1,0,0,0,0,1,1,0.177610301754
1,1,1,1,0,0,0,1,1,0,1,0,0,0,0.0240334688307
0,0,0,1,0,0,1,1,1,1,0,1,0,0,0.372489095926
0,0,1,1,0,1,0,0,0,1,1,0,1,0,0.0385425629766
0,0,0,1,1,0,0,1,0,1,0,1,1,1,0.267661632496
1,1,0,1,1,1,0,1,0,0,1,0,0,1,0.125419102157
1,0,1,1,1,1,1,1,0,1,0,0,0,1,0.240423701154
0,0,1,0,1,0,1,0,1,0,0,0,1,0,0.174910245379
0,1,0,0,0,1,0,0,0,0,0,1,1,0,0.316054950598
0,0,1,0,1,0,0,0,0,1,1,0,0,0,0.222710144498
1,1,0,1,0,1,1,0,1,0,0,0,1,1,0.00688366020829
1,0,0,1,0,0,0,1,1,0,1,0,1,1,0.201109693499
1,1,0,1,1,0,1,0,0,1,1,0,0,1,0.258552651099
0,0,0,0,1,0,0,0,1,1,1,0,1,1,0.0381568406373
0,1,1,0,0,0,0,1,0,1,0,1,1,1,0.567219535353
1,0,1,0,0,1,0,0,1,0,1,0,0,0,0.170400261104
0,1,0,1,1,1,0,0,1,0,1,0,0,0,0.0199092068955
0,1,1,0,0,0,1,0,0,1,1,0,1,1,0.0459306293208
1,0,0,1,1,0,1,1,0,1,0,1,1,1,0.38922351126
1,0,1,1,0,1,0,1,1,0,1,1,1,1,0.516215173723
0,0,1,1,1,0,1,1,1,1,1,0,1,1,0.0286621369018
1,0,1,1,1,0,1,1,1,0,0,0,0,0,0.0471768091861
1,0,1,1,1,1,0,0,0,0,1,0,1,0,0.00836720766697
0,0,1,0,0,0,1,1,0,1,0,1,1,0,0.500519241611
1,1,1,0,1,1,1,1,0,0,0,1,1,1,0.260718630389
0,1,0,1,0,1,1,0,1,0,1,0,1,1,0.00459899712192
0,1,1,1,0,0,0,0,1,1,1,0,0,0,0.248998605465
0,1,0,1,0,1,0,1,0,0,0,0,1,1,0.00919799424384
1,1,0,0,1,0,0,1,0,0,0,1,1,0,0.191258938373
0,1,0,1,1,0,0,0,1,0,1,0,0,1,0.0188707236745
0,1,1,0,0,1,1,0,0,1,0,0,0,0,0.191911699255
0,0,1,1,1,1,1,0,0,1,0,1,1,1,0.326588137555
1,0,1,1,1,1,0,1,0,1,0,0,0,1,0.234370827523
1,1,1,0,1,0,1,0,1,1,0,0,0,0,0.0526956057324
1,0,0,0,1,1,0,1,1,0,1,1,1,1,0.381182684034
0,1,1,0,1,1,1,1,1,1,1,0,1,1,0.0349227071774
0,0,1,0,1,1,1,1,1,0,1,1,0,1,0.448921460998
0,0,1,1,1,0,0,1,1,1,0,1,1,1,0.462243717177
0,0,0,0,1,0,1,1,0,1,0,0,0,0,0.224668427143
1,1,1,1,1,1,1,1,0,0,0,0,1,1,0.307183336795
0,0,1,1,0,0,0,1,1,0,0,0,1,1,0.0167047443848
0,0,1,0,1,1,1,0,1,1,1,1,0,0,0.462006349583
0,1,0,1,1,0,0,0,1,1,0,0,1,1,0.0419843930807
0,0,1,1,1,0,1,0,0,1,1,1,1,0,0.2100406492
0,0,0,1,0,0,0,0,1,0,1,1,0,1,0.475180251016
0,0,0,0,0,1,1,0,1,1,1,0,0,1,0.0439723466754
1,0,1,1,1,1,0,1,1,1,0,1,1,0,0.238287392814
1,0,0,0,1,0,1,1,0,0,1,0,1,0,0.00557813844465
1,0,0,0,1,0,1,0,1,0,1,0,1,0,0.00988042607483
0,0,0,1,0,1,1,1,0,0,1,1,1,0,0.146248108477
1,1,0,1,1,1,0,1,1,0,0,1,0,1,0.40394030205
0,1,0,0,0,1,1,1,0,1,0,0,1,0,0.164288045575
1,1,1,0,0,1,1,1,1,1,0,1,1,1,0.186986321692
1,1,0,1,1,0,1,1,0,1,0,0,0,1,0.205679019672
0,1,1,0,0,1,0,1,0,0,1,1,0,1,0.113639735335
1,1,1,0,0,1,0,1,0,1,1,1,0,0,0.218882592054
1,1,0,1,1,1,1,0,0,0,1,0,1,0,0.013500281874
1,0,0,0,0,0,1,0,0,1,0,1,1,1,0.179865293891
1,1,0,1,1,0,1,1,0,1,0,1,0,1,0.241343500579
0,1,1,0,0,1,0,0,1,1,0,0,1,1,0.0396997299944
1,1,1,1,1,1,1,0,1,1,1,0,0,0,0.176156425244
1,1,1,0,1,1,1,0,1,1,0,0,1,1,0.0361392160935
0,0,1,0,1,1,1,1,1,0,0,1,1,1,0.148058036377
1,0,0,1,1,1,1,1,1,1,0,1,0,1,0.505385277275
1,0,1,1,1,0,0,0,1,1,0,0,1,1,0.105450553363
1,0,0,1,1,1,1,0,1,1,1,1,1,0,0.214520962526
0,0,1,1,1,0,1,1,1,1,0,1,0,0,0.550069726731
1,0,0,0,0,0,1,0,1,1,0,0,0,1,0.462985490906
0,1,0,0,1,0,1,0,1,0,0,0,1,0,0.341601637836
1,0,0,1,1,1,0,1,0,0,0,1,1,1,0.443491677299
0,0,1,0,0,1,1,1,1,0,0,0,0,1,0.252143726078
1,1,0,1,1,0,1,1,0,0,1,0,0,0,0.01759487286
0,1,0,0,1,1,1,1,1,0,1,1,0,1,0.751861852061
1,0,1,0,1,0,1,1,1,1,1,0,0,1,0.315016467377
1,0,0,0,1,0,1,1,1,0,1,0,0,1,0.0852446369759
0,0,1,1,1,0,1,0,1,1,1,1,0,1,0.490727828383
1,1,1,1,0,0,0,0,0,0,0,0,1,0,0.307747084829
0,1,1,1,1,0,0,1,0,0,0,0,1,1,0.380826632644
1,1,0,1,1,0,1,0,1,0,1,1,0,1,0.301338159808
1,0,1,0,1,1,1,0,1,0,1,1,0,1,0.353499688455
0,0,0,1,0,1,0,0,1,0,0,1,0,0,0.366495564193
0,0,0,1,0,0,1,0,1,0,0,0,0,1,0.360234993917
0,1,1,1,1,0,0,0,1,0,1,1,0,0,0.183692846334
0,1,0,1,0,0,0,0,1,1,1,1,1,0,0.138177610302
0,0,0,1,1,1,0,1,1,1,1,1,1,1,0.141441414711
1,1,1,0,0,0,1,1,0,1,1,1,0,0,0.21042637154
0,1,0,0,0,1,1,1,0,0,1,0,1,0,0.133548942231
1,1,0,1,0,0,0,0,0,0,0,0,1,0,0.150758092751
0,0,1,1,0,0,1,0,1,1,1,1,1,1,0.206331780554
1,1,1,1,1,0,1,0,1,0,1,1,1,1,0.10088122719
1,0,1,1,1,0,0,0,0,1,1,1,0,1,0.222324422158
0,0,0,1,0,0,1,0,1,1,0,0,0,1,0.158472539537
1,0,0,1,0,1,0,0,1,0,1,1,1,1,0.10699344272
1,1,0,0,1,0,1,0,0,0,0,0,1,1,0.11921787378
0,1,1,0,0,1,0,0,0,1,1,1,0,1,0.359048155951
1,1,1,0,0,0,0,0,1,0,0,0,0,1,0.101088923835
0,0,1,0,1,1,0,0,0,0,1,0,0,1,0.0934041479987
1,1,1,1,0,1,1,0,0,1,1,0,1,1,0.0339435658547
0,1,0,0,1,1,0,0,0,1,1,1,0,0,0.406610687476
0,0,0,1,0,0,0,0,0,1,1,0,0,1,0.170993680088
0,0,1,1,1,1,1,0,0,0,1,1,1,1,0.0932557932528
0,0,1,1,0,1,0,1,1,1,1,1,0,1,0.373972643385
0,0,1,0,1,0,1,0,1,1,0,1,0,0,0.16443640032
1,1,1,0,0,1,0,1,0,1,0,0,1,0,0.0381865115865
0,1,1,0,0,0,0,1,0,1,1,1,1,1,0.210159332997
0,0,0,1,1,1,0,0,0,1,1,1,1,0,0.433166186986
0,1,0,0,0,1,1,0,1,1,1,1,1,0,0.292792926446
1,1,0,1,0,0,1,1,1,0,1,0,1,0,0.249799721093
1,0,1,0,1,0,1,0,0,1,1,1,1,1,0.183900542978
1,1,0,0,0,1,0,1,0,1,1,0,1,0,0.0387502596208
1,1,0,1,1,1,0,0,1,1,1,1,1,0,0.268907812361
0,1,1,1,0,0,0,1,1,1,1,1,0,0,0.512892027416
0,1,1,1,0,1,0,0,0,0,0,0,0,0,0.0136486366199
1,0,1,0,0,0,1,0,0,0,1,0,1,0,0.00979141322731
1,0,0,0,1,0,1,1,0,1,0,0,0,1,0.0427855087084
0,0,1,0,0,1,0,0,0,0,0,0,1,1,0.0112452897368
0,1,0,0,1,0,0,0,0,1,0,0,1,1,0.327151885589
0,0,1,0,1,0,1,1,0,0,1,1,0,0,0.248879921669
1,1,0,1,0,0,0,1,0,1,1,1,0,1,0.401210574726
0,0,1,0,0,1,0,0,1,0,0,1,0,1,0.116132095066
0,0,0,1,0,1,1,0,0,0,1,1,0,0,0.122273981545
0,0,1,1,1,0,0,0,1,0,0,0,0,1,0.0253983324927
0,1,0,1,1,0,0,0,1,0,1,0,0,0,0.0112156187876
1,0,0,0,0,0,1,0,1,0,1,1,1,1,0.0932261223037
0,0,0,1,0,0,0,0,0,0,1,0,0,0,0.0122244310595
1,1,1,1,0,0,0,0,1,1,1,1,1,0,0.251579978043
0,0,0,0,0,0,1,1,0,0,0,0,1,1,0.0187520398778
0,1,0,0,0,1,1,0,1,0,1,1,0,0,0.27970803786
0,0,0,0,1,1,0,1,1,1,0,0,0,0,0.190724861288
0,0,1,0,0,0,1,1,1,0,0,0,0,1,0.0137376494674
0,0,1,0,1,0,1,0,0,0,1,1,1,1,0.254131679672
0,0,1,1,0,1,1,1,1,0,0,0,1,0,0.00629024122482
0,0,1,0,1,1,0,1,0,1,0,0,1,1,0.196302999733
1,1,0,1,0,0,0,0,0,0,0,1,1,0,0.269174850903
0,1,1,0,0,0,1,0,1,1,0,0,0,0,0.169035397442
1,1,0,1,1,1,0,0,0,1,0,0,0,1,0.104530753939
1,0,1,0,1,1,0,0,1,1,1,0,1,1,0.0373557250096
1,0,0,0,1,1,1,0,0,1,1,0,1,1,0.0784499896152
1,1,1,0,1,0,1,0,1,1,1,0,0,0,0.0391063110109
1,1,0,1,0,0,1,0,0,0,1,0,1,1,0.0667893065899
1,1,1,0,0,1,1,0,1,0,0,0,0,0,0.160252796487
1,1,0,0,0,0,0,1,1,0,0,1,1,0,0.0999910987152
0,0,1,1,0,0,1,1,0,0,0,1,1,1,0.203067976145
0,1,0,1,0,1,0,1,1,1,1,1,0,1,0.208913153132
0,1,1,0,1,1,0,1,0,1,0,0,1,1,0.234430169421
1,1,1,0,0,1,0,0,0,1,0,1,1,0,0.140373260541
1,0,1,0,0,1,0,0,1,0,1,1,1,1,0.276028840163
1,1,0,1,0,1,0,0,0,1,0,0,1,0,0.150787763701
0,0,1,1,0,1,1,0,0,1,0,1,1,0,0.126309230632
0,1,0,0,1,0,1,1,0,1,0,1,1,1,0.123223451918
0,1,0,1,0,0,0,1,0,1,1,1,0,1,0.126872978667
1,0,1,1,1,0,0,0,1,1,1,0,1,1,0.20036791977
0,1,0,0,0,0,1,0,0,1,1,1,0,1,0.18025101623
0,0,0,1,0,1,1,0,1,1,1,1,1,1,0.126516927277
1,0,0,0,0,1,0,0,1,0,0,1,1,0,0.337240008308
0,0,0,0,0,1,0,0,1,1,1,0,0,1,0.0402041361303
1,0,1,1,0,0,1,1,0,1,1,1,1,1,0.126487256327
0,0,0,0,1,0,1,1,0,0,1,1,0,0,0.27433759606
0,1,1,1,1,0,1,1,0,1,1,0,1,0,0.18203127318
0,1,1,0,1,0,1,0,1,0,0,1,1,1,0.256564697505
1,1,0,1,0,1,0,0,1,0,1,0,1,1,0.144616206272
0,0,1,1,1,0,1,1,0,0,0,1,1,1,0.130997240602
1,1,1,0,0,0,0,1,1,0,0,0,1,0,0.111740794588
0,0,0,1,0,1,1,1,1,0,0,1,0,1,0.202682253805
1,1,0,0,0,0,1,0,1,1,1,0,0,1,0.0458712874225
0,1,1,0,1,0,0,1,1,0,0,0,0,1,0.10806159689
1,1,0,1,0,1,1,0,0,1,1,1,0,1,0.289024715901
1,1,1,0,1,0,1,0,1,0,0,1,0,0,0.151410853633
0,1,1,0,1,0,0,1,1,1,0,0,0,0,0.0330831083286
1,1,0,0,0,0,1,1,0,1,0,0,1,1,0.236863187253
0,1,1,0,1,0,1,1,1,1,0,0,0,1,0.118594783847
0,0,1,0,1,1,0,1,0,0,0,1,1,0,0.092603032371
0,1,0,1,1,1,1,0,1,1,1,1,0,1,0.28834228407
0,0,1,1,0,0,0,0,1,1,0,0,0,0,0.15835385574
1,1,0,0,0,1,0,0,1,0,1,1,0,1,0.301486514554
0,1,0,1,0,1,1,0,1,1,0,0,1,0,0.167789217577
0,0,1,1,0,0,0,1,1,0,1,1,1,0,0.195383200309
0,0,1,1,0,1,0,1,1,0,1,1,0,1,0.242233629054
0,1,0,0,0,1,0,0,1,0,1,0,0,1,0.079280776192
1,0,1,0,0,1,0,1,1,1,0,1,1,1,0.238821469899
0,1,1,1,1,0,0,0,1,0,0,0,0,0,0.2118505771
1,1,0,1,0,1,0,1,0,1,1,0,1,1,0.0343589591431
1,1,1,1,1,1,0,1,1,0,0,1,1,0,0.375070468504
0,1,0,1,0,0,0,1,0,0,1,0,0,0,0.00893095570127
0,1,0,0,1,0,1,1,1,0,1,1,1,1,0.133964335519
1,1,0,1,0,1,0,0,0,0,0,0,0,1,0.0930184256594
0,1,1,0,1,0,1,0,1,0,0,1,1,0,0.244815001632
0,0,0,0,0,1,1,1,0,0,0,0,0,1,0.231018010266
0,1,1,0,0,1,1,1,0,0,0,0,1,1,0.011274960686
1,0,0,1,1,1,0,1,1,0,1,1,1,1,0.211909918998
0,1,0,0,1,1,1,0,0,1,0,0,1,1,0.11527163754
1,0,0,1,1,0,0,0,0,1,0,1,0,1,0.143548052102
0,1,0,0,0,0,0,1,1,0,1,0,0,1,0.0235290626947
1,1,1,0,0,1,1,0,0,0,1,0,0,1,0.0229059727621
0,1,0,1,0,1,1,0,0,0,1,0,1,0,0.196688722072
1,1,1,0,0,1,0,1,1,1,1,1,0,0,0.413850399074
1,1,0,1,0,1,0,0,1,1,1,0,0,1,0.0431712310477
0,0,0,0,1,0,0,1,0,1,1,1,0,1,0.139957867252
1,1,0,1,0,1,0,0,0,0,0,1,0,0,0.111384743198
1,1,1,0,0,1,1,1,0,1,0,0,0,0,0.171053021986
1,1,1,1,0,0,0,0,1,0,0,0,1,0,0.223244221583
1,0,1,1,0,1,0,1,1,1,0,1,0,0,0.354063436489
1,0,0,1,1,1,1,1,0,0,1,1,0,1,0.118832151441
0,0,1,1,0,1,0,1,0,1,1,1,1,0,0.357742634187
1,1,1,0,0,1,0,0,0,1,0,0,1,0,0.143933774441
0,0,1,1,0,0,0,0,0,1,0,0,0,0,0.0457526036258
1,1,0,0,0,1,0,0,0,0,1,0,0,1,0.04596030027
0,1,0,1,0,1,0,1,0,0,0,0,0,0,0.15369551672
0,1,1,1,1,1,0,0,1,0,0,1,0,0,0.104412070142
1,0,1,1,1,0,1,0,1,0,1,0,0,1,0.0204136130315
0,0,1,1,0,1,1,1,1,0,0,1,0,1,0.141055692372
1,1,1,1,0,0,0,0,0,1,1,1,0,0,0.181437854197
1,1,1,1,1,1,1,0,0,0,0,0,0,0,0.161677002047
0,0,1,0,0,0,0,0,0,0,1,0,1,0,0.0126694952972
0,1,1,0,1,1,1,0,0,0,1,0,1,1,0.246980980922
0,0,1,1,1,0,0,0,0,0,0,1,1,0,0.124796012224
1,0,1,1,0,1,1,1,1,0,0,0,1,1,0.0666112808949
1,1,0,0,1,0,0,1,1,1,0,0,0,0,0.270510043616
0,1,0,1,0,0,0,1,1,0,0,1,0,1,0.135329199181
1,0,0,0,1,0,1,0,1,0,0,1,0,1,0.213156098864
1,1,0,0,0,1,0,0,1,0,1,0,0,1,0.149867964276
1,0,0,1,0,0,0,1,0,1,1,0,1,0,0.0697860724565
0,0,1,1,1,0,0,0,0,0,1,1,0,0,0.149244874344
0,0,0,1,0,1,1,0,1,0,1,0,0,0,0.0514494258671
1,1,0,1,1,0,0,0,0,1,0,1,0,1,0.15007566092
0,0,0,0,0,1,1,1,1,0,0,0,0,0,0.337358692105
0,1,1,0,0,1,0,1,0,0,0,0,1,1,0.19962614604
0,0,0,0,0,1,0,1,1,1,0,1,1,0,0.170993680088
1,1,0,0,1,1,0,0,0,1,0,0,1,1,0.0621012966205
1,1,0,0,0,1,0,0,1,0,0,1,1,1,0.235884045931
0,1,1,0,1,0,0,0,0,1,0,1,0,1,0.154199922856
1,0,0,0,0,1,1,0,1,0,0,1,0,0,0.120582737442
0,0,1,0,1,1,0,0,1,0,1,1,0,1,0.183781859182
0,1,1,1,0,1,0,0,1,0,1,1,0,0,0.154110910008
0,1,1,1,0,1,1,0,0,1,0,0,1,0,0.208913153132
1,1,1,0,1,1,1,1,0,0,0,0,1,1,0.01077055455
0,1,0,0,0,1,0,0,0,0,0,0,1,1,0.156721953535
0,0,1,0,0,0,1,1,1,1,1,0,0,1,0.0390766400617
1,1,0,1,1,1,1,0,0,1,1,0,0,0,0.0502032460018
0,1,0,1,0,1,1,1,0,0,0,1,0,0,0.286235646678
1,0,1,1,0,0,1,1,1,0,1,1,0,0,0.228555321485
1,0,0,1,0,0,0,0,0,0,1,0,0,1,0.205055929739
1,1,0,1,0,0,1,1,1,0,0,1,0,0,0.164495742219
1,0,1,1,0,0,0,1,1,0,0,1,0,0,0.204640536451
0,1,0,1,1,1,0,1,0,1,1,0,0,1,0.0460196421684
1,1,0,1,1,1,0,1,1,0,0,0,1,0,0.0137079785182
1,1,1,1,1,1,0,0,1,0,0,1,1,0,0.123787199953
1,0,1,0,1,0,1,0,1,0,0,1,0,0,0.213541821203
0,0,0,1,1,0,0,1,0,0,0,1,1,1,0.330564044744
0,0,1,0,0,0,0,1,0,0,0,1,0,0,0.23843574756
1,0,1,1,0,1,0,0,0,1,0,0,0,0,0.150194344717
0,0,0,0,1,1,1,1,0,0,0,0,0,0,0.146604159867
1,0,0,1,0,0,0,0,0,1,1,1,0,0,0.17378274931
1,1,1,0,1,0,1,1,0,1,1,0,1,0,0.196302999733
0,1,0,0,0,1,0,1,0,1,1,1,0,0,0.264308815239
1,0,1,1,0,1,1,1,0,1,1,1,0,1,0.216657270866
1,0,0,0,0,0,0,1,0,1,0,1,0,1,0.299379877162
0,0,1,1,1,0,1,1,0,1,0,0,1,1,0.121383853069
0,0,1,1,1,1,0,1,0,1,1,1,0,0,0.181378512299
1,1,0,0,1,0,0,1,1,0,0,0,1,0,0.0703201495416
1,0,0,0,1,1,1,0,1,1,1,0,1,1,0.0421030768774
0,0,1,1,1,0,1,1,0,0,0,0,1,1,0.22799157345
0,0,1,1,1,0,1,1,1,0,0,1,1,0,0.121532207815
1,0,0,0,1,0,0,1,1,0,1,1,0,0,0.192267750645
0,1,0,1,1,0,1,1,1,1,1,0,1,1,0.0297896329704
0,0,1,1,0,1,0,1,0,1,1,1,1,0,0.548081773136
0,0,1,1,0,0,1,0,0,0,0,0,0,0,0.360205322968
0,0,0,0,0,0,1,1,0,1,1,0,0,1,0.421742871554
0,0,1,0,0,1,0,1,1,0,0,1,1,0,0.251550307094
1,0,1,1,0,1,0,1,0,1,0,0,1,0,0.3213660505
1,1,1,1,1,1,0,1,1,0,0,0,0,1,0.364715307243
1,1,1,1,0,0,1,0,1,1,0,1,1,0,0.479601222443
1,0,0,0,1,1,0,0,1,1,0,1,1,0,0.348811678486
1,1,0,1,1,1,1,0,1,1,1,1,1,0,0.512268937483
0,0,0,0,1,0,0,0,0,1,0,1,0,0,0.379372756134
1,1,1,0,0,1,0,0,0,0,1,1,1,0,0.416253745957
1,1,0,0,0,0,1,1,1,1,1,1,1,0,0.390083968786
1,1,0,0,0,1,0,1,0,0,0,1,1,1,0.2118505771
1,1,1,1,1,0,1,0,1,1,0,1,0,1,0.502299498561
0,1,0,1,0,1,1,1,0,0,0,0,1,1,0.0218081476426
1,0,0,0,0,1,1,0,1,0,1,1,1,1,0.118565112898
1,0,0,1,0,0,1,1,0,1,0,1,1,1,0.159243984215
0,1,0,1,0,0,0,0,1,1,1,0,1,1,0.175058600125
0,1,0,0,0,1,0,1,0,1,0,0,1,0,0.170637628698
1,1,0,1,1,0,1,1,0,1,0,1,1,0,0.167640862831
0,1,0,1,0,1,0,0,1,0,1,0,1,1,0.0043913004777
0,1,1,0,1,0,1,0,1,0,0,1,1,1,0.104293386345
1,0,0,1,0,0,0,1,0,1,1,0,0,1,0.0378007892472
1,1,0,1,0,0,1,1,1,0,1,0,0,0,0.169213423137
0,1,1,0,0,1,0,0,1,1,0,0,0,0,0.250956888111
1,1,0,1,0,1,0,1,1,0,1,1,1,0,0.321900127585
1,0,0,0,0,1,1,0,1,1,1,0,1,0,0.0470581253894
1,1,0,1,0,0,1,1,1,0,1,1,0,1,0.157345043468
1,1,1,1,0,1,0,0,0,0,1,0,0,0,0.194878794173
1,1,0,1,0,0,0,1,1,1,1,0,0,1,0.208527430793
1,0,1,1,1,0,0,1,1,0,0,0,0,0,0.270569385515
0,1,0,0,1,0,1,1,0,1,1,1,1,0,0.172684924191
0,0,0,1,0,0,0,1,1,0,1,1,0,1,0.307895439575
0,0,0,1,0,0,0,1,1,1,0,1,0,1,0.127258701006
1,0,1,1,0,0,1,0,1,1,1,0,1,0,0.256950419844
1,1,1,1,1,1,1,0,1,0,0,0,1,0,0.0105331869567
0,1,0,1,1,1,1,0,1,0,1,1,1,0,0.260243895202
0,1,1,1,1,1,0,1,0,1,0,1,1,1,0.123312464766
0,1,1,1,0,0,1,1,1,1,0,0,1,0,0.303177758656
0,1,0,1,0,0,0,0,1,0,1,0,1,1,0.257187787437
1,0,1,0,0,1,0,0,1,1,0,0,1,0,0.031273180429
1,0,0,0,0,0,0,0,1,0,1,1,0,0,0.0902293564371
1,1,1,0,1,1,0,0,1,0,0,1,0,0,0.333620152509
0,1,1,0,0,1,1,0,0,1,0,0,0,1,0.195650238851
0,1,1,1,1,1,1,0,0,1,0,0,0,0,0.200189894075
0,0,1,0,1,1,0,0,1,1,1,1,0,0,0.219654036733
0,0,1,0,1,1,0,0,1,0,1,1,0,0,0.214758330119
1,0,1,0,1,1,0,1,1,0,0,0,1,0,0.00818918197193
1,0,0,1,0,1,1,1,1,1,1,1,1,1,0.135892947215
1,0,1,1,1,1,1,1,1,1,1,1,1,0,0.237961012373
0,1,0,1,0,0,1,0,0,0,0,1,0,0,0.199418449396
1,0,1,1,1,1,0,0,0,0,1,0,0,0,0.0123134439071
1,1,0,0,1,1,0,0,0,0,1,1,0,0,0.319793490194
0,1,0,1,1,0,0,0,0,0,0,0,1,1,0.0300566715129
1,0,1,1,1,1,1,0,0,1,0,0,1,0,0.0411536065039
0,0,1,1,0,1,0,0,0,0,1,0,0,0,0.0316885737175
1,1,0,0,1,0,1,0,1,1,1,0,1,1,0.0384238791799
1,1,1,0,1,1,1,0,1,1,0,1,0,1,0.381479393526
0,0,0,0,1,0,0,1,1,0,0,0,0,1,0.0173278343174
1,1,1,1,1,0,0,0,0,1,0,1,0,0,0.383645372815
0,0,0,0,1,0,0,0,0,1,0,1,1,0,0.315876924903
0,0,0,0,1,0,1,1,0,1,1,1,1,0,0.257988903065
0,0,1,1,0,0,1,0,1,1,1,1,1,0,0.238346734712
1,1,0,1,0,0,0,0,1,1,1,1,1,0,0.157908791502
1,1,1,1,0,0,0,1,1,1,0,0,1,0,0.128356526125
1,0,0,0,0,0,0,0,0,0,0,0,1,0,0.212176957541
0,0,0,1,0,1,0,1,1,1,0,1,0,1,0.247455716108
0,0,1,0,1,0,0,1,0,1,1,1,0,1,0.286977420408
1,0,0,0,1,0,1,1,0,0,1,1,0,1,0.0991306411892
0,1,1,1,1,0,0,0,1,1,1,1,1,0,0.191169925526
1,0,0,1,0,0,0,0,1,0,1,0,0,0,0.186333560811
0,0,0,1,1,0,0,1,1,1,1,0,0,1,0.228169599145
0,0,0,0,0,0,0,0,0,1,0,1,0,1,0.205174613536
1,0,0,0,0,0,1,0,0,1,0,1,0,0,0.19639201258
1,0,1,0,1,1,0,1,1,1,0,1,1,1,0.116072753167
0,1,1,0,0,1,1,1,0,1,1,0,1,1,0.0343886300923
1,0,1,0,0,0,0,0,1,0,1,1,1,0,0.0994273506809
0,0,1,0,0,1,1,0,0,1,1,0,1,0,0.220425481411
1,1,1,0,0,0,0,1,1,0,1,0,1,1,0.24345013797
0,1,0,0,1,1,1,1,1,0,0,1,1,0,0.0938195412871
1,0,1,0,1,1,1,0,1,1,0,0,0,1,0.358306382221
0,0,1,0,1,0,0,1,0,1,0,0,1,1,0.156514256891
0,0,1,0,0,1,1,1,0,1,0,1,0,1,0.439782808652
0,0,0,0,1,0,0,1,1,1,1,0,1,0,0.31560988636
0,0,0,1,0,1,0,1,1,1,1,1,0,1,0.126843307717
0,0,1,0,1,0,0,0,1,0,1,1,1,0,0.281339940065
0,1,0,0,1,0,0,0,1,1,0,1,0,0,0.445360947097
1,1,1,0,1,1,0,1,1,0,1,0,1,1,0.00353084295167
1,1,1,0,0,0,1,1,1,0,0,0,0,1,0.0645046435035
0,1,0,1,0,1,1,0,0,1,0,0,0,1,0.258760347744
0,0,1,1,0,1,0,0,1,0,1,0,0,1,0.00726938254755
0,1,1,0,1,1,1,1,0,0,1,1,0,1,0.112274871673
0,0,0,0,1,0,1,1,0,0,0,1,1,1,0.13969082871
0,0,0,0,1,1,0,0,1,0,0,1,0,1,0.266178085037
0,0,1,0,0,1,1,1,1,1,0,1,0,0,0.190932557933
1,1,0,1,1,0,0,0,1,0,1,1,0,1,0.224668427143
0,0,0,1,0,0,1,0,0,0,1,0,1,1,0.0782719639201
0,0,0,0,0,0,0,1,1,1,0,0,1,1,0.0683321959469
0,0,1,1,0,0,0,1,1,1,1,1,1,1,0.400854523336
0,0,0,1,0,1,1,0,0,0,1,1,1,0,0.401863335608
0,0,1,0,1,1,1,1,1,0,1,1,0,0,0.360324006765
0,1,0,0,1,1,1,0,0,1,1,0,0,1,0.0442393852179
1,0,0,1,1,0,0,1,0,0,0,0,0,1,0.00907931044714
1,1,0,1,1,1,1,1,1,1,0,1,1,0,0.221820016022
1,1,0,1,1,0,0,0,0,0,1,1,0,1,0.368364833991
1,1,1,0,0,1,0,1,1,0,1,0,0,1,0.0142717265525
0,0,1,1,0,0,0,0,0,0,1,0,1,1,0.22226508026
1,1,1,1,1,0,1,1,1,0,1,0,1,0,0.0556627006498
1,1,1,0,0,0,0,0,0,0,1,0,1,1,0.0163190220455
0,0,1,0,0,1,0,0,0,1,0,1,1,1,0.349820490757
0,1,0,0,0,0,1,1,0,1,0,0,1,0,0.431830994274
0,1,0,0,0,0,0,0,0,1,0,0,0,1,0.276325549654
1,1,0,0,0,0,1,1,0,1,1,1,0,1,0.249829392042
0,1,0,0,0,0,0,0,0,0,0,0,1,0,0.387265228615
1,0,0,1,0,0,1,0,1,1,0,1,1,1,0.134587425452
0,0,1,1,1,0,0,1,1,0,0,1,1,1,0.205263626383
1,0,1,0,0,1,1,0,1,0,0,1,0,0,0.111711123639
0,0,1,0,1,0,1,1,0,0,0,1,0,1,0.100050440614
1,1,0,1,1,1,1,1,1,1,0,0,0,0,0.0513900839688
1,1,1,1,1,0,0,0,0,1,1,0,0,0,0.0512120582737
1,0,1,1,1,1,1,1,0,0,0,1,1,0,0.175177283921
0,0,0,0,1,0,0,1,0,1,1,0,1,1,0.0639112245201
0,1,0,0,0,1,1,0,0,1,1,0,1,1,0.0324006764976
1,0,0,1,0,1,0,1,1,0,1,0,1,1,0.186511586506
1,1,1,1,0,1,1,1,0,1,1,1,1,0,0.353291991811
1,1,0,1,1,0,1,0,1,0,0,0,0,1,0.0839391152123
0,0,1,1,1,0,1,0,1,0,1,1,0,1,0.109604486248
0,1,1,1,0,0,0,0,1,1,0,0,1,0,0.0463163516601
1,1,0,0,1,1,0,1,1,0,0,1,1,0,0.369759368602
1,1,1,0,0,0,1,1,0,1,1,1,1,0,0.239622585527
0,1,1,1,1,0,1,0,0,0,1,1,1,0,0.311218585883
0,0,0,1,0,1,1,1,0,1,1,0,1,1,0.37272646352
0,0,0,1,0,0,0,1,0,0,0,0,1,0,0.0116013411269
0,0,0,1,0,1,1,0,1,0,0,1,1,0,0.243717176512
1,0,0,1,1,0,1,0,1,0,1,0,0,1,0.413227309142
0,1,0,0,0,0,0,0,0,1,0,0,0,1,0.180725751417
1,0,0,1,0,1,1,0,0,1,1,0,1,1,0.218437527817
0,1,1,1,1,0,0,1,0,0,1,1,0,0,0.165118832151
0,1,1,0,0,1,0,1,1,0,0,0,0,1,0.36014598107
0,0,0,0,0,1,1,1,0,0,1,0,0,0,0.0161113254013
0,1,0,0,1,1,0,1,0,1,1,1,1,1,0.130581847313
0,0,1,1,1,0,1,1,1,0,0,1,0,0,0.173219001276
0,1,1,0,1,0,1,1,1,0,1,0,0,0,0.0216004509984
0,1,0,1,0,0,0,0,1,0,1,1,1,0,0.321692430941
1,1,1,1,1,1,0,0,1,1,1,1,0,0,0.258701005845
0,0,1,0,1,0,1,1,1,1,1,0,1,1,0.228614663383
0,0,1,0,0,1,0,1,1,1,1,1,0,1,0.160282467436
1,0,0,0,0,0,1,0,0,0,0,0,1,1,0.0329050826336
1,0,1,0,1,0,0,0,0,1,0,0,1,1,0.258463638252
