SQLITE_SECURE_DELETE,SQLITE_ENABLE_ATOMIC_WRITE,SQLITE_ENABLE_STAT2,SQLITE_DISABLE_LFS,SQLITE_DISABLE_DIRSYNC,SQLITE_OMIT_AUTOMATIC_INDEX,SQLITE_OMIT_BETWEEN_OPTIMIZATION,SQLITE_OMIT_BTREECOUNT,SQLITE_OMIT_LIKE_OPTIMIZATION,SQLITE_OMIT_LOOKASIDE,SQLITE_OMIT_OR_OPTIMIZATION,SQLITE_OMIT_QUICKBALANCE,SQLITE_OMIT_SHARED_CACHE,SQLITE_OMIT_XFER_OPT,<$fillseqsync.6
0,0,0,1,0,1,1,0,0,1,1,1,1,0,1021.6
0,0,0,0,1,0,1,0,0,1,0,0,0,1,911.77
0,1,0,1,0,1,0,1,0,0,1,0,1,1,953.4
1,1,0,0,0,1,0,0,1,1,0,1,0,1,937.8
1,0,0,1,1,1,0,1,1,1,0,0,1,1,917.25
1,1,1,1,0,0,1,0,1,1,1,0,1,0,946.42
0,1,1,1,1,1,1,0,0,1,0,1,1,0,877.32
1,0,1,0,1,0,0,1,1,1,0,0,0,1,951.07
1,0,1,1,1,0,1,0,1,1,1,1,1,0,925.2
1,0,0,1,1,1,0,1,1,0,1,1,0,0,894.78
0,1,0,1,0,1,1,0,0,1,0,1,0,0,931.75
0,0,0,1,0,1,0,1,0,1,1,1,0,0,887.21
0,1,0,0,1,1,0,0,1,0,1,0,1,0,923.34
0,1,1,1,1,0,0,1,0,1,0,0,1,0,957.19
1,1,0,1,1,0,0,1,1,0,1,0,0,0,932.63
0,0,1,0,1,1,0,1,1,1,0,0,0,0,1017.9
1,0,0,0,1,0,0,1,1,0,0,1,0,1,1034.3
1,1,0,0,0,0,0,1,0,0,1,1,1,1,1032.7
1,1,0,1,0,0,1,0,0,1,0,1,0,0,1039.2
0,0,0,0,0,1,0,1,1,0,0,1,0,1,949.98
0,1,1,1,1,0,0,0,0,1,0,0,1,1,1016.0
1,0,0,0,1,1,0,0,1,1,1,0,0,0,976.06
0,1,1,1,0,0,0,0,0,0,1,0,1,1,1001.1
1,1,1,1,1,0,0,1,0,1,1,0,1,0,1039.9
1,1,0,1,0,0,0,0,1,1,0,0,1,1,953.09
0,0,1,0,0,0,1,0,1,1,0,1,0,0,972.03
0,1,1,0,1,1,0,1,1,0,0,1,1,0,1042.5
1,0,0,1,1,0,1,1,0,0,0,1,1,0,1050.4
1,1,1,0,0,0,1,0,1,0,0,0,0,1,1439.6
0,0,0,0,1,0,0,0,1,0,1,0,1,0,2681.1
0,0,0,0,1,0,0,0,0,1,1,1,1,0,1267.5
1,0,1,1,1,1,0,1,0,0,0,1,0,0,947.4
0,1,0,1,0,0,0,0,1,0,0,0,0,1,2513.6
0,1,0,1,0,0,0,0,0,0,1,1,0,1,1010.0
1,1,0,1,1,1,0,1,0,0,0,0,0,0,3064.3
0,1,1,0,0,0,1,0,0,1,1,1,0,0,1021.0
0,1,1,0,0,0,0,1,0,1,1,0,0,1,1371.3
1,1,1,0,1,1,0,0,1,0,1,1,1,1,2958.5
0,0,0,0,1,0,1,0,1,0,1,0,1,0,4771.6
0,0,0,1,1,1,0,0,0,0,0,1,1,1,4096.4
1,0,0,0,1,0,1,1,0,0,1,0,1,0,4978.7
1,0,0,1,0,1,0,1,1,0,0,0,1,0,5115.1
0,1,1,0,0,0,1,1,1,1,1,1,0,0,3997.7
1,0,1,1,0,0,0,0,1,1,1,0,1,0,4184.6
0,0,0,1,1,0,0,1,0,1,1,0,1,1,3752.5
1,1,1,1,1,0,0,1,1,1,0,0,1,0,6195.4
1,0,1,0,0,1,1,1,1,0,1,1,0,1,5714.1
0,1,0,1,1,1,0,0,1,1,0,0,1,0,4830.9
0,1,1,1,1,1,1,0,1,1,1,0,1,0,5310.4
0,1,0,1,0,0,1,1,1,1,1,0,0,0,5688.7
1,0,1,1,1,0,1,0,1,1,0,1,1,0,4556.7
1,0,0,1,1,1,1,0,0,0,1,1,1,0,3270.4
1,0,0,1,0,0,1,1,0,0,0,0,0,1,3464.2
1,1,1,0,0,1,0,0,1,0,1,0,1,1,32858.0
0,0,1,1,0,1,0,1,1,1,0,0,0,0,3073.6
1,0,0,0,1,1,0,1,0,1,1,1,1,0,2094.2
1,1,1,0,0,0,0,1,0,0,0,0,0,1,2042.3
0,0,1,0,1,1,1,0,0,0,1,0,0,0,3046.9
1,1,1,0,0,0,0,0,0,1,1,0,0,0,4258.2
0,0,0,0,0,1,1,1,1,0,0,1,1,0,2898.9
0,0,1,1,1,0,1,1,0,0,1,0,0,0,3963.4
0,1,0,0,0,1,1,1,1,1,0,1,1,0,3285.6
0,0,0,1,0,0,0,0,0,1,1,0,0,1,4748.6
1,0,0,0,1,1,0,1,0,1,1,1,0,0,2040.2
0,0,1,1,0,0,1,1,0,1,1,1,1,0,2559.1
0,1,1,1,1,0,1,0,0,0,1,0,1,0,3071.5
0,0,0,1,0,0,0,0,0,1,0,1,1,0,3179.0
0,1,0,1,0,0,1,0,0,1,1,0,1,1,5157.8
0,0,1,1,1,0,1,0,1,1,1,0,1,0,5909.5
0,0,0,1,1,0,1,0,1,1,0,0,1,0,5953.8
0,0,1,0,0,0,0,0,1,0,1,0,1,1,5924.3
0,0,1,0,1,0,1,0,0,0,0,0,0,1,6118.4
0,1,1,1,1,1,1,0,1,1,0,1,1,1,5294.0
1,1,0,1,0,0,0,1,0,1,0,1,0,0,4364.5
1,0,1,1,0,0,0,1,1,1,1,0,0,0,4531.9
1,1,0,0,1,1,1,0,0,0,0,1,1,0,975.76
1,0,0,1,1,1,1,0,1,1,1,1,0,1,1024.6
0,0,0,0,0,1,0,1,0,0,0,0,0,1,1125.6
1,1,1,1,1,1,1,1,1,1,1,0,0,1,1049.6
0,0,1,1,0,0,1,1,0,0,1,1,0,0,1040.3
1,1,1,0,1,0,1,1,1,1,0,1,0,0,1051.9
0,0,0,1,1,0,0,0,0,1,1,0,1,0,1064.6
1,1,0,0,1,0,0,0,1,0,0,1,1,0,1011.3
0,1,0,1,1,0,0,0,0,0,0,1,1,0,956.79
1,0,0,1,0,1,0,0,1,1,1,1,1,0,963.98
1,1,1,1,1,1,0,0,1,1,1,0,0,0,946.2
1,0,1,0,1,1,0,0,1,1,1,1,0,1,959.26
0,0,1,1,0,1,0,1,0,0,1,1,0,1,987.98
0,1,0,1,0,0,1,1,1,1,1,0,1,1,1623.9
1,0,0,1,1,1,1,0,1,0,0,1,1,0,1182.1
1,0,0,1,1,0,1,0,1,1,0,1,1,0,1888.2
0,0,1,1,0,0,0,0,1,1,0,0,1,0,3040.2
0,0,0,0,1,1,1,1,1,0,1,0,1,0,10724.0
1,0,0,1,1,1,1,1,1,0,1,0,0,1,5278.5
1,1,0,0,0,1,0,0,1,0,0,1,0,0,5230.6
1,0,1,1,0,0,0,0,0,0,1,1,0,0,4697.9
1,0,1,0,1,0,0,0,1,0,0,1,0,0,4423.7
0,1,1,1,1,1,0,1,1,0,0,0,0,0,5015.2
0,1,0,0,0,1,0,0,1,0,1,1,0,0,4223.4
1,0,0,0,1,1,0,0,0,1,1,0,0,1,5792.8
1,1,0,1,1,0,0,1,1,0,0,1,0,0,5380.9
1,0,1,1,0,1,0,1,1,1,1,0,1,1,5730.9
0,1,1,0,1,1,1,0,0,1,1,0,0,1,5483.6
1,1,0,1,0,0,1,1,0,0,1,1,1,0,5847.3
0,1,0,1,1,0,1,1,0,1,1,0,1,0,5846.9
1,0,0,1,1,0,1,1,0,1,0,1,0,1,5792.9
1,1,1,0,1,0,0,0,1,0,0,0,0,1,6185.7
0,0,1,1,0,0,1,0,0,1,0,1,0,1,5068.3
0,1,1,0,0,0,1,1,0,0,1,0,0,1,6463.8
0,1,1,1,1,1,0,0,0,1,1,1,0,1,5914.3
1,0,1,0,0,0,1,0,1,0,0,1,0,0,5701.1
0,0,1,0,0,1,1,0,1,0,0,0,1,1,6240.0
1,1,1,0,0,0,0,1,0,0,1,1,1,1,5821.6
0,0,0,1,0,1,1,1,1,1,0,0,0,0,6338.8
0,1,1,0,0,0,0,0,1,0,1,1,1,1,5525.4
0,1,0,0,0,0,0,1,0,1,1,1,1,0,5214.2
0,1,1,1,1,0,1,1,1,1,1,0,0,0,5741.6
0,0,0,1,1,0,0,0,0,1,1,1,0,1,4937.7
1,0,1,0,0,1,0,0,0,0,0,0,1,1,4976.6
1,0,1,0,1,1,0,0,1,1,0,1,0,0,3024.2
0,1,1,1,0,1,0,0,0,0,0,1,0,0,1561.5
1,0,1,1,0,1,0,1,0,0,0,0,1,1,1975.9
0,1,1,1,1,0,0,1,1,1,1,0,0,0,3413.1
0,1,0,1,1,0,1,0,0,1,1,0,1,0,4163.3
0,0,1,1,1,0,0,1,1,1,1,0,1,0,3854.5
1,0,1,1,1,1,1,1,0,1,1,0,1,0,5387.6
0,0,1,1,1,0,1,0,0,1,1,1,0,1,4342.2
1,1,0,0,0,0,1,1,1,1,1,0,1,0,4698.2
0,1,1,1,0,1,0,0,0,0,1,1,1,0,3603.0
1,1,1,1,0,1,1,1,1,1,1,0,1,1,5058.2
1,1,1,0,0,0,1,0,0,1,1,0,1,1,4182.3
1,0,0,0,0,1,1,1,1,1,0,1,1,0,4040.2
1,1,0,1,1,0,1,1,0,1,0,1,1,1,3129.1
1,0,1,1,1,1,0,0,1,0,1,0,0,1,5027.2
0,0,1,1,0,0,1,0,0,0,1,0,1,0,5452.6
1,1,0,1,0,1,0,1,0,1,0,0,0,0,5064.4
1,1,1,0,0,1,1,0,1,0,0,1,0,0,4459.6
1,1,0,1,0,1,1,0,1,1,0,1,0,1,3638.9
1,0,1,0,1,0,1,1,0,1,0,1,1,0,5167.4
1,0,1,1,0,1,0,0,1,0,1,1,0,1,2851.4
1,0,0,0,1,0,0,1,0,1,1,0,1,1,4473.7
1,0,0,1,0,0,0,1,1,1,1,0,0,0,4969.7
1,0,1,0,0,1,1,1,1,1,1,0,0,1,5490.8
1,0,0,0,0,1,0,1,0,0,0,0,1,0,5463.9
0,1,1,1,1,1,0,0,1,1,0,0,1,1,5599.9
1,1,1,1,1,1,0,1,0,0,0,1,1,0,5076.8
1,1,1,1,0,0,1,0,1,1,0,0,1,0,6010.9
0,1,0,1,0,0,1,0,1,0,0,1,0,0,13040.0
0,1,0,1,1,0,1,0,1,1,1,0,0,1,6126.4
0,0,1,1,0,1,0,1,1,0,0,0,0,0,6292.1
0,0,1,1,0,1,0,1,0,1,0,0,1,0,6524.9
0,0,0,1,1,0,0,0,0,1,1,0,1,0,6562.3
0,1,1,0,1,0,0,1,0,0,0,1,1,0,5759.8
0,1,1,1,0,1,0,1,0,0,1,1,1,1,5481.7
1,1,0,0,1,1,1,0,0,1,1,1,1,1,5268.0
1,1,1,0,0,0,0,1,1,0,0,1,1,1,4922.9
1,1,1,1,1,1,0,1,1,0,0,0,1,0,6216.4
1,1,0,0,0,1,0,1,1,0,1,1,1,0,5693.1
0,1,0,0,0,1,0,1,1,0,0,1,0,0,5540.9
1,0,1,1,1,1,0,1,1,0,0,1,1,1,6163.3
1,0,0,1,1,1,0,0,1,0,1,0,1,1,7147.7
0,1,0,1,1,1,0,1,1,0,0,1,1,0,6395.9
1,1,1,1,1,1,1,1,1,0,0,0,1,0,6886.4
0,0,1,1,1,1,0,1,1,1,1,1,1,1,6190.3
0,1,1,0,0,0,0,0,0,1,0,1,1,1,6101.5
1,0,1,0,0,0,1,1,1,0,0,0,0,1,6565.8
1,1,0,1,0,0,0,0,0,0,0,0,1,0,7527.8
0,1,1,0,1,1,1,1,1,1,0,0,1,1,7508.3
1,1,1,1,1,0,1,0,1,0,0,0,1,1,7989.9
1,1,1,0,0,1,0,0,0,1,1,1,0,0,6815.5
0,1,1,1,1,0,1,0,0,1,1,1,1,0,6616.9
1,1,1,1,1,0,1,0,1,1,0,1,1,0,7045.1
1,0,0,0,1,0,1,1,1,1,0,0,0,0,7255.6
0,1,0,0,0,1,0,1,1,0,0,1,1,1,7148.4
0,1,0,0,1,0,0,1,1,1,0,0,1,1,7962.3
0,1,1,0,0,0,0,0,1,1,0,1,0,1,7087.3
1,0,0,1,1,1,0,1,0,1,1,1,1,0,7511.5
0,0,1,0,1,0,0,1,1,1,1,0,1,0,8154.2
0,1,1,1,1,0,0,1,1,1,1,1,1,1,7469.9
1,0,0,1,1,1,0,1,0,1,1,1,0,1,6964.3
0,0,0,1,0,0,1,0,0,1,1,1,1,1,7414.2
1,0,0,0,1,1,1,0,0,0,0,0,0,0,7952.1
1,1,0,1,0,1,1,0,1,1,0,0,0,1,8150.2
1,1,1,0,1,0,1,1,0,0,1,1,0,1,7752.5
0,0,1,0,0,0,0,0,1,0,0,0,0,1,7788.7
1,1,0,1,1,0,1,0,1,1,1,1,1,1,7580.3
0,0,1,1,1,1,0,1,0,0,0,1,0,1,7462.1
0,0,1,1,1,1,1,0,1,0,0,1,0,0,7323.7
0,1,1,1,0,0,0,0,0,1,1,1,1,1,7084.3
0,1,1,0,1,1,0,0,1,1,1,1,0,1,6856.0
1,0,0,1,1,1,1,0,0,1,0,1,0,0,6431.5
0,1,0,1,1,1,1,1,1,0,0,1,1,1,6394.7
1,0,1,1,0,0,0,0,0,0,1,1,1,0,6197.0
1,1,0,0,0,1,0,1,0,1,1,1,0,1,5911.4
0,1,0,0,0,0,0,1,1,0,0,0,0,1,6634.1
0,1,1,0,1,0,1,0,0,0,0,1,1,1,5632.1
1,0,1,1,0,0,0,0,1,1,1,0,0,0,6327.3
1,1,1,0,1,1,0,1,1,0,0,1,0,1,5508.7
0,1,1,1,1,1,1,0,0,1,0,0,0,0,6447.5
1,0,1,0,1,1,0,1,1,1,1,1,1,0,5496.3
0,0,1,0,1,0,0,1,1,0,0,1,0,0,5308.6
1,0,0,1,1,1,0,1,0,1,0,0,1,0,6582.2
1,0,1,1,1,0,0,0,1,0,0,1,0,1,5751.4
1,0,0,0,1,1,1,1,1,1,1,1,0,0,5611.5
0,0,0,0,1,0,0,1,0,0,0,0,1,0,7179.7
0,1,1,0,0,0,1,0,0,1,1,1,1,1,6463.3
0,1,1,1,0,1,1,0,1,1,0,1,0,0,6046.3
0,0,0,0,1,1,1,1,1,0,0,1,1,1,6557.9
1,1,1,0,0,1,1,0,1,0,0,1,1,1,6314.2
0,1,1,0,0,1,1,0,1,0,0,0,0,0,6692.0
1,1,1,0,0,1,0,1,1,1,1,0,1,0,7137.2
0,1,1,1,0,1,0,0,1,0,0,0,1,0,7701.0
1,1,1,1,0,1,0,0,1,0,1,1,1,1,7068.8
1,1,1,0,1,0,1,1,0,1,1,1,0,0,7022.3
1,1,0,1,0,0,1,0,0,0,0,1,0,0,6744.7
1,1,0,0,1,0,0,0,1,1,1,0,1,1,7643.1
1,1,0,0,0,1,0,1,0,0,0,1,0,0,6681.7
0,1,0,1,1,1,1,0,0,1,1,0,0,0,7182.6
0,1,0,0,1,1,0,0,0,0,0,1,1,1,6583.4
0,0,1,0,1,1,1,1,0,1,0,0,1,0,7760.4
0,0,0,0,0,1,1,1,1,0,1,0,1,1,7895.4
0,1,1,1,1,1,0,0,0,1,0,1,0,1,7032.9
1,1,1,1,1,0,1,0,1,0,0,1,1,1,6842.8
0,1,1,1,0,1,1,0,0,1,1,0,1,1,7517.3
0,0,0,0,0,0,1,0,1,0,1,0,0,0,7652.7
0,0,0,1,0,0,0,0,1,0,1,0,0,1,7582.3
0,1,0,0,0,0,0,0,0,1,1,0,1,1,8004.8
1,1,0,0,1,1,1,1,1,1,1,0,0,1,8178.2
0,1,0,1,0,0,1,0,1,0,0,0,1,0,8341.7
1,1,1,1,0,0,1,0,0,1,1,1,0,1,7315.0
1,1,0,1,0,0,0,0,0,1,1,0,1,0,8230.1
1,0,0,1,1,1,1,1,0,0,0,0,0,1,8144.3
0,0,0,1,0,1,1,1,1,0,0,1,0,1,7951.5
1,1,0,0,0,0,1,0,1,1,0,0,1,0,8141.6
0,0,0,1,1,1,0,1,1,0,1,0,1,0,8489.2
1,1,0,0,1,1,1,1,0,0,1,0,1,1,8308.0
0,1,0,1,0,1,0,1,1,1,0,1,0,1,7834.5
0,0,1,1,1,0,0,0,0,1,1,1,1,1,7323.1
1,0,0,0,1,0,1,1,1,0,0,1,1,0,7344.0
0,0,1,1,1,1,1,1,0,0,1,1,0,1,7055.7
0,0,1,1,0,0,1,1,1,1,1,0,1,1,7636.4
0,1,0,0,1,1,1,0,0,1,1,1,1,1,6879.7
1,0,1,0,1,1,0,1,1,0,0,0,0,1,7405.6
0,1,1,0,1,0,1,1,0,0,0,0,0,0,7505.2
1,0,0,0,0,0,1,1,0,0,0,1,1,0,6916.0
1,1,1,1,1,1,1,0,1,0,1,0,0,0,7406.6
0,0,0,1,0,1,1,0,1,1,0,0,0,1,7615.6
1,0,0,1,1,0,0,1,0,1,1,0,0,0,7792.0
1,0,0,1,0,0,1,0,0,0,1,0,1,0,7019.8
1,1,1,0,0,1,0,0,0,0,0,1,1,0,6040.8
1,1,0,1,1,1,1,0,0,0,1,0,1,1,7631.5
1,0,1,1,0,1,0,1,0,1,1,1,1,0,6915.1
1,0,1,1,1,0,0,0,1,1,1,1,1,0,6634.9
1,0,1,0,0,1,0,0,1,0,1,0,0,0,7526.1
0,0,1,0,0,0,1,1,1,1,0,1,1,1,7111.5
0,1,1,1,0,1,0,1,1,0,0,0,0,0,7232.8
0,0,1,0,0,0,1,1,1,0,1,1,1,1,6430.6
0,1,0,0,1,0,0,1,1,0,1,1,0,1,6108.7
1,1,1,1,0,1,1,0,1,0,1,1,1,0,5246.0
1,1,0,0,1,0,1,1,0,1,1,0,0,1,6490.1
1,0,1,1,1,1,0,1,1,1,1,1,1,1,11543.0
0,0,1,1,1,0,1,0,1,1,1,1,1,0,6234.3
0,1,0,1,1,1,1,1,1,0,1,0,1,1,7194.6
0,0,0,0,0,1,1,0,1,1,1,0,1,0,7077.4
1,0,0,0,0,0,1,1,0,1,1,0,1,0,7007.4
0,0,0,1,0,0,0,0,0,1,0,0,1,1,6803.5
1,1,0,1,0,0,1,1,1,0,0,1,1,1,6608.9
1,0,0,0,1,1,1,1,0,0,0,1,0,1,6085.9
1,0,1,0,1,0,1,1,0,1,0,1,0,0,6080.5
1,0,1,0,1,1,0,1,0,1,1,1,0,1,6034.3
1,0,1,1,0,0,0,0,1,1,1,1,1,0,5333.7
0,0,1,0,1,1,1,0,0,0,0,0,1,0,6264.9
0,1,0,1,1,1,1,1,1,1,1,0,1,0,5550.7
0,1,0,1,0,0,0,0,0,0,1,0,1,0,6685.1
1,0,0,1,0,0,1,1,0,1,1,1,0,1,5746.1
0,1,0,0,0,0,0,0,1,1,0,0,0,1,5837.5
0,0,1,0,0,1,1,0,1,1,1,1,0,0,4929.7
1,0,1,1,0,1,1,1,1,0,0,0,1,1,5970.9
0,1,0,0,1,1,1,1,0,0,0,1,1,0,5312.0
1,1,0,0,0,0,0,1,1,1,0,1,0,0,4777.7
0,0,1,1,0,1,1,1,0,0,0,1,1,0,4592.7
1,0,1,0,0,0,1,1,1,0,1,0,0,1,5788.1
0,1,1,0,0,1,0,0,0,1,1,0,0,1,6113.5
1,1,0,0,0,0,0,0,0,0,0,1,1,1,5634.0
1,0,0,1,0,1,0,0,1,0,1,1,0,0,5182.6
1,1,1,0,1,0,1,1,0,1,0,0,0,1,7006.4
1,1,0,0,1,1,0,1,0,0,0,1,1,1,4434.8
1,0,1,1,0,1,1,1,1,1,0,1,0,1,4885.4
0,0,0,0,1,0,1,1,1,0,1,0,0,1,5638.4
0,1,1,1,0,1,0,1,0,1,1,1,0,1,5214.1
0,0,1,0,1,1,0,0,0,0,0,1,1,1,5480.8
0,1,0,1,0,1,0,0,1,0,1,1,1,1,5364.6
0,1,1,0,0,0,1,1,0,0,0,0,0,1,6464.4
0,1,1,1,1,0,1,0,0,0,0,0,0,1,6482.6
1,1,1,1,0,1,0,0,1,0,0,1,0,1,5850.2
1,0,1,0,0,1,0,1,1,0,1,1,0,0,5164.3
1,0,1,0,0,0,0,1,1,0,1,0,1,0,6352.6
0,1,1,0,0,1,0,0,1,0,1,0,1,1,6239.5
0,0,0,0,0,0,1,0,1,0,1,1,1,0,5149.6
0,0,1,0,1,1,1,0,1,0,0,1,0,0,4790.4
0,0,1,1,1,0,0,0,1,0,0,1,0,0,4290.7
1,0,1,1,1,0,0,1,0,0,1,1,1,0,4498.9
0,0,1,0,1,1,0,1,0,1,0,0,1,1,5182.1
1,1,0,0,1,0,0,1,1,1,1,0,1,1,5890.4
1,1,0,0,1,1,0,1,0,0,0,1,0,1,4672.3
1,0,1,1,0,0,0,0,0,1,0,0,1,0,5501.4
1,1,0,0,0,1,0,0,1,1,0,0,1,0,5130.0
0,1,0,1,1,0,0,0,0,0,0,1,1,0,4111.2
1,0,0,1,0,1,0,0,0,0,1,0,0,1,5207.9
1,1,1,0,0,1,0,1,1,0,0,0,1,0,5846.0
1,0,0,1,0,1,1,0,1,1,1,1,1,1,4996.7
1,1,0,1,1,0,1,1,1,1,1,1,1,0,4511.7
1,0,0,1,1,1,1,1,0,1,1,0,0,1,5466.4
0,0,1,0,1,1,0,0,0,1,0,0,1,0,6142.5
1,1,1,1,0,0,0,1,0,0,0,0,0,0,6355.5
1,1,1,1,0,0,1,1,0,0,0,0,0,1,6740.3
0,1,1,0,0,0,1,1,1,1,0,1,0,1,11127.0
0,0,0,1,1,0,1,0,0,0,0,1,1,0,7053.8
0,1,0,1,1,0,1,0,1,0,0,0,1,0,8194.4
0,0,0,0,1,0,0,1,1,0,1,1,0,1,7430.4
1,1,0,0,0,1,1,1,1,1,1,0,0,0,7966.0
0,1,0,1,1,1,0,1,0,1,0,0,0,1,8432.6
1,0,0,1,0,0,0,1,0,0,1,1,0,0,7535.1
0,0,0,1,1,0,1,1,1,0,1,1,0,1,7536.1
1,1,0,1,0,0,1,0,0,1,1,0,1,0,8434.6
0,0,0,1,0,1,0,1,1,0,1,1,0,1,7496.2
1,1,1,0,0,1,1,1,1,1,0,1,1,0,7400.4
0,1,0,0,0,1,1,1,0,1,1,0,1,0,8308.0
1,1,0,0,0,0,1,1,1,1,1,1,0,1,7371.2
1,0,0,1,1,1,1,1,1,0,0,0,1,1,8190.6
1,1,0,0,1,0,0,0,0,1,0,0,1,1,8316.9
1,0,0,1,1,1,1,1,1,1,1,1,0,1,7448.9
1,1,0,0,0,1,0,0,1,1,1,0,1,1,8195.2
1,0,1,1,1,0,1,0,0,0,0,1,1,1,7735.6
1,1,1,1,1,1,0,0,0,1,1,0,0,0,8620.9
0,1,1,1,1,1,0,0,0,1,0,1,1,1,7861.3
0,0,1,1,1,1,1,1,1,0,0,0,1,0,8610.7
1,0,1,1,1,1,0,1,0,1,1,0,1,0,8748.5
0,1,0,1,1,0,0,1,1,0,0,1,0,0,7956.5
1,1,0,0,0,1,1,1,1,0,0,0,0,1,8683.8
0,0,0,1,1,1,0,1,0,1,0,1,0,1,7828.7
0,1,1,1,0,0,1,1,1,1,1,0,0,1,8673.0
1,1,1,1,1,1,1,1,1,1,1,1,0,1,8215.2
1,1,0,1,1,1,0,0,1,1,1,0,0,0,8958.1
0,1,0,1,0,0,1,1,0,1,0,0,0,1,8618.1
0,0,1,0,0,0,1,0,0,0,0,1,0,1,7809.3
0,1,0,0,1,0,0,1,0,1,0,1,1,0,7987.8
0,0,1,0,1,1,1,1,0,0,0,0,1,1,8797.3
0,0,0,0,0,0,0,0,1,1,0,0,0,0,8979.3
0,0,0,0,0,0,1,1,1,1,0,0,1,0,9020.8
1,1,1,1,1,0,1,0,1,0,1,0,0,0,9158.0
0,0,1,0,1,1,0,1,0,0,0,0,1,1,9234.5
0,0,1,0,0,1,0,0,1,0,0,1,1,0,8391.5
1,0,0,0,1,0,0,1,1,0,1,1,1,0,8415.8
1,0,0,1,1,0,0,0,0,0,1,0,0,1,8728.9
0,0,0,1,0,1,1,0,0,1,0,0,0,0,8944.3
0,1,1,1,0,0,0,0,0,1,0,1,0,0,8307.1
0,1,1,1,1,0,1,1,1,0,1,0,1,0,9076.2
1,0,1,0,0,1,1,0,0,0,0,0,0,0,9234.5
1,0,0,0,1,0,0,1,1,1,0,1,1,0,8488.9
0,1,1,0,0,0,1,0,0,0,1,1,0,1,8425.6
1,0,1,0,1,1,1,0,0,1,1,0,0,0,9003.3
1,0,0,1,0,0,1,0,0,1,1,1,0,1,8032.7
1,0,0,0,0,0,1,1,1,0,1,0,1,0,8617.3
1,1,0,0,0,0,0,1,0,0,1,1,1,0,8172.9
0,1,1,1,0,0,1,1,0,1,1,1,1,0,8045.6
1,1,0,1,1,0,0,1,0,0,1,1,0,0,7926.1
1,1,0,1,0,0,1,0,0,1,1,1,1,1,7853.1
0,1,0,0,0,1,0,1,0,1,1,1,1,0,7799.2
0,1,1,1,1,0,0,1,0,1,1,0,1,1,8372.1
0,0,0,0,0,0,1,0,1,0,1,0,1,1,8572.7
0,1,1,1,1,0,0,0,1,0,0,0,0,0,8421.3
0,1,1,1,1,1,1,1,0,0,1,0,1,1,8706.9
0,1,0,0,1,0,0,1,0,1,0,0,1,1,9120.3
1,0,1,0,0,0,0,1,0,0,1,1,0,0,8259.5
1,1,0,0,1,0,0,1,0,0,0,0,1,0,8936.0
0,1,0,0,1,1,1,0,1,0,1,1,1,1,8228.3
1,1,1,0,0,1,0,1,1,0,1,0,0,1,11405.0
1,0,0,0,0,0,1,0,1,1,1,0,1,1,11977.0
1,0,0,1,1,0,1,1,1,1,1,1,1,1,8457.4
1,1,0,1,1,1,0,0,1,1,0,1,0,0,8297.6
0,1,1,1,0,0,1,1,1,1,1,0,0,0,9139.6
0,0,0,1,0,1,0,1,0,0,1,0,0,0,9206.1
1,0,1,0,0,1,1,0,0,1,1,1,1,0,8381.4
0,1,1,0,0,0,0,1,1,1,0,0,1,0,9218.7
1,0,0,1,0,1,1,0,0,1,1,1,1,1,8377.5
1,0,1,0,1,0,0,0,1,1,1,0,1,0,9097.5
1,0,1,1,1,1,1,0,0,1,1,1,1,0,8401.0
0,1,1,0,1,1,1,1,0,1,0,1,0,0,8179.0
0,0,1,0,0,0,0,0,1,0,1,1,0,1,8384.1
0,1,1,1,0,0,0,0,0,0,0,1,0,1,8425.1
0,0,1,1,0,0,1,0,0,1,0,0,1,0,9205.7
0,1,1,0,0,1,1,0,0,1,0,1,0,0,8318.5
0,1,0,1,0,0,0,1,0,0,1,1,0,0,8300.4
0,0,1,1,0,1,0,1,0,1,0,1,1,1,8306.9
1,1,0,0,0,0,1,1,0,1,1,1,1,0,8215.3
0,1,1,1,1,0,1,1,1,1,0,0,0,0,8810.3
0,1,0,0,0,0,1,0,0,1,1,0,0,0,8864.9
1,0,1,0,0,1,0,1,0,0,1,1,1,0,8258.7
0,0,1,1,0,1,1,1,0,1,0,0,0,1,8931.7
0,0,1,1,0,1,1,0,0,0,0,1,0,0,8241.5
1,1,0,1,1,1,1,0,1,1,0,0,0,0,8865.5
1,1,0,0,0,0,0,1,0,1,0,1,1,0,8183.5
0,0,1,0,0,0,1,0,1,0,0,1,1,0,8099.5
0,0,0,0,1,0,0,1,0,1,1,1,1,1,7545.7
0,1,0,1,1,1,0,1,0,0,0,1,1,1,7518.7
1,0,0,0,1,0,0,0,0,1,0,1,1,1,7273.7
1,0,1,1,0,0,0,1,1,0,1,0,1,0,8090.6
0,0,1,0,1,1,1,1,0,0,0,0,0,1,7994.6
1,0,0,0,0,1,0,0,1,0,0,1,1,0,7299.8
1,0,0,0,1,1,1,1,0,1,0,0,0,1,7877.4
0,1,1,1,0,0,0,0,0,0,0,0,1,1,1006.6
1,1,0,1,0,1,0,1,1,1,0,0,0,0,1138.9
0,1,1,1,0,0,0,1,1,1,0,0,0,0,1067.4
0,1,1,1,1,1,0,0,1,1,1,1,1,1,1119.0
1,0,0,0,0,0,0,0,0,0,1,0,1,0,1190.5
0,1,0,1,0,0,0,1,1,1,0,1,0,0,1071.7
0,1,0,0,0,0,1,1,1,1,1,0,0,1,1073.6
0,0,0,0,0,1,0,0,1,0,0,0,0,1,1069.8
1,1,0,1,1,1,0,1,0,0,1,1,1,1,955.67
0,0,1,0,0,1,1,1,0,1,0,1,1,1,990.13
0,0,0,1,1,1,0,0,1,0,1,1,1,0,3071.6
0,1,0,0,1,1,0,0,1,0,0,0,0,0,4016.8
1,0,0,0,0,1,1,1,0,0,0,1,0,0,2480.5
1,1,0,1,0,0,0,1,1,0,0,1,1,1,3306.2
1,1,0,0,0,1,1,1,0,0,0,0,1,0,3602.8
1,0,0,1,1,0,0,1,1,1,1,1,1,1,2472.2
0,1,1,0,1,0,1,1,1,0,0,1,1,1,2528.9
0,1,0,1,1,0,1,1,0,0,0,0,1,0,2657.5
1,0,0,0,1,1,1,1,1,1,1,0,0,0,4102.3
1,0,1,1,0,1,0,1,0,0,1,1,0,1,9600.9
1,0,1,0,1,0,0,1,1,0,1,0,0,1,4520.4
1,1,1,1,1,1,1,1,1,1,1,0,1,1,5110.8
1,1,1,0,1,1,0,0,1,1,0,1,1,1,4020.2
0,1,0,1,1,0,0,0,1,0,1,0,0,1,5948.3
1,0,1,0,1,1,0,1,1,1,1,0,1,1,5725.9
0,0,0,1,1,0,1,1,0,1,1,1,0,0,4112.3
1,0,0,0,0,1,0,1,1,0,1,0,0,1,5281.5
1,0,1,0,0,1,1,1,1,1,0,0,1,0,5845.1
0,0,0,1,0,0,1,1,1,1,1,0,1,1,7011.5
0,0,0,0,1,0,1,1,1,1,1,1,0,0,5795.6
0,1,1,0,0,0,1,0,1,0,1,0,1,0,6698.2
0,1,0,0,1,0,1,0,0,0,1,0,0,0,6824.6
1,0,0,1,1,1,0,1,0,1,1,1,1,1,6735.1
1,1,0,0,1,0,0,0,1,1,1,1,1,0,6448.8
1,1,0,1,0,0,0,0,0,1,0,1,1,1,5827.9
0,0,1,1,1,1,1,0,1,1,0,1,1,0,5485.7
0,1,1,0,0,0,1,0,1,0,0,0,1,0,6713.0
0,1,0,1,1,0,1,1,0,1,1,1,0,0,6066.4
0,1,1,0,0,1,0,0,1,1,1,1,1,1,6187.0
1,0,1,1,0,1,1,0,1,1,0,1,0,0,5677.0
0,1,0,1,0,0,1,1,1,0,1,0,0,1,6725.5
1,0,1,1,0,0,1,0,1,0,1,1,1,1,5649.9
0,0,1,1,0,1,1,0,1,0,1,0,0,1,6517.9
0,0,0,1,1,1,0,1,0,1,0,1,0,1,5541.4
1,1,1,0,0,0,0,1,1,1,1,1,0,1,4821.6
0,1,0,0,0,1,0,0,1,1,0,0,1,0,5206.8
1,0,0,1,1,1,1,0,1,0,0,0,1,1,5485.1
1,1,0,1,1,1,1,1,0,1,1,1,1,1,4012.4
1,0,1,0,0,1,0,0,1,1,1,0,0,1,4326.0
0,1,0,1,1,0,1,1,1,1,1,1,0,0,3328.7
1,0,0,1,0,1,0,0,0,1,1,0,0,1,5045.7
0,1,0,1,0,1,1,1,0,0,1,1,1,0,4503.5
1,0,1,1,0,0,0,1,1,0,1,1,1,1,4221.3
1,0,1,1,0,0,0,0,1,0,1,1,1,1,4882.3
0,1,1,1,1,0,1,1,0,1,0,1,0,1,4303.3
1,1,1,1,1,1,1,0,0,0,0,0,0,1,4978.2
1,0,0,0,1,0,0,0,1,1,1,0,0,1,5871.3
0,0,0,0,1,0,1,0,1,1,1,0,0,0,6157.4
0,1,1,1,0,1,1,1,0,1,1,0,1,0,7166.1
0,1,1,0,0,0,1,0,1,0,1,1,1,0,6326.4
0,0,0,0,0,1,0,0,0,0,0,1,0,1,5929.5
1,1,0,0,0,1,1,1,0,0,1,1,1,0,6396.0
1,0,0,0,0,0,1,0,0,0,0,1,0,0,6555.1
1,1,0,1,1,1,0,1,0,1,0,1,1,0,6994.1
0,1,0,1,1,1,1,0,1,1,1,0,1,1,7430.5
0,1,0,1,1,0,0,0,0,0,0,0,0,1,7578.2
1,1,0,1,0,0,0,1,1,1,0,0,1,0,7697.9
0,1,0,1,1,0,0,0,0,0,1,1,1,0,7428.0
0,1,1,1,0,1,1,1,1,1,0,0,1,1,8531.7
0,0,1,1,1,0,1,1,0,1,1,0,1,1,8236.0
1,1,0,0,0,0,1,0,1,1,0,1,0,1,7790.3
0,0,0,0,1,0,1,1,0,0,1,1,1,0,7290.6
1,1,0,1,0,0,0,0,0,0,1,0,0,0,7821.2
0,1,1,0,0,0,1,1,0,1,0,0,1,0,7886.5
1,0,1,1,1,1,0,0,1,0,1,0,0,1,11283.0
1,1,1,1,0,0,1,0,1,1,1,1,0,0,7586.2
1,0,1,0,0,0,1,1,0,0,0,0,0,0,8280.4
1,1,1,0,1,1,0,0,1,0,0,0,0,0,8712.0
1,1,0,0,1,1,0,0,1,0,0,1,0,0,7989.0
0,0,0,1,1,0,1,0,0,1,0,0,0,0,8680.8
0,0,0,0,1,1,0,0,1,0,1,1,0,0,8206.9
0,0,1,1,0,0,1,1,1,1,1,0,0,1,8811.6
1,0,1,0,0,0,0,1,0,1,0,0,0,0,8769.9
0,0,1,0,1,1,0,0,1,0,0,1,1,0,8391.1
0,0,0,1,1,1,0,1,0,1,0,1,1,1,8471.2
1,1,1,1,1,0,1,0,0,1,1,0,1,0,9113.9
0,1,1,1,0,1,1,1,0,0,1,1,1,1,8401.9
0,0,1,1,0,1,0,0,1,0,0,0,1,0,9174.5
0,1,1,1,1,0,0,1,0,0,1,1,0,1,8418.4
0,0,1,1,0,0,1,1,0,0,1,0,0,1,9118.5
1,1,1,0,1,1,1,0,1,0,0,0,1,0,9252.6
1,1,0,0,1,0,1,0,0,1,0,0,0,0,9073.2
0,0,1,1,1,1,0,1,0,1,0,1,1,1,8288.7
0,0,1,1,1,0,1,0,0,1,1,0,1,1,9167.4
0,1,0,0,1,0,0,0,1,1,0,0,1,0,9184.7
0,0,1,0,0,0,1,1,0,0,1,1,0,0,8368.7
1,1,0,0,0,0,0,1,1,1,1,0,0,0,9166.5
0,1,0,0,1,0,0,0,0,1,1,0,1,0,9151.0
0,0,1,1,0,0,0,1,0,0,0,0,0,0,9067.5
1,0,1,0,1,0,0,0,1,0,0,1,0,0,8289.5
1,0,1,1,1,0,0,1,0,0,0,1,1,0,8378.2
0,1,1,0,0,0,1,1,0,1,0,0,0,1,9090.6
1,0,1,1,0,0,0,0,0,0,1,0,1,0,9102.4
1,0,0,0,0,0,1,0,0,1,1,0,1,1,9083.1
1,1,1,1,0,1,0,1,0,0,0,1,1,0,8453.3
0,1,1,0,0,0,0,0,1,1,1,1,0,0,8368.5
1,1,1,1,0,0,0,1,1,1,0,0,0,0,9035.9
0,0,0,1,1,0,0,0,0,1,1,0,1,0,9334.6
1,1,0,0,1,0,0,0,1,1,0,0,1,0,9369.4
0,1,1,0,0,0,1,0,1,1,0,0,1,1,9253.3
1,1,1,0,0,1,0,0,1,1,0,1,1,0,8406.6
0,1,0,1,0,1,1,1,1,1,1,0,1,1,9251.2
0,1,1,0,0,1,0,0,1,0,1,1,0,0,8136.6
1,0,0,0,1,1,0,0,1,1,0,1,1,1,8455.4
0,0,1,0,0,1,1,1,1,0,1,1,1,0,8421.1
0,1,0,1,1,0,1,1,1,0,1,0,0,1,9248.7
1,0,1,0,0,0,0,0,1,0,0,0,1,1,9278.5
0,1,1,0,0,0,1,0,0,0,0,0,1,1,9238.2
0,1,1,0,0,1,0,0,0,1,1,1,1,1,8472.2
0,1,0,1,0,0,0,0,0,0,0,0,1,1,9225.9
0,0,1,0,1,0,0,1,1,0,1,0,0,0,9382.1
1,1,0,0,0,1,1,0,1,0,0,1,0,1,8454.8
1,0,0,0,0,0,1,0,1,1,0,0,1,1,9336.9
0,1,1,1,0,1,0,0,1,0,1,0,1,0,9299.1
0,0,0,1,0,0,0,1,1,0,0,0,1,0,9225.5
1,0,1,0,1,0,0,0,0,1,0,1,1,0,8399.9
1,0,0,1,1,0,1,0,1,1,1,0,0,1,9312.2
1,1,1,0,1,0,1,0,1,1,0,0,1,1,9165.4
0,1,1,1,0,0,1,1,1,0,1,1,1,0,8450.9
1,1,0,1,1,0,1,1,1,0,0,1,1,0,8395.9
1,0,1,0,0,1,0,1,0,1,1,0,1,0,17187.0
0,1,0,0,1,0,0,0,1,0,1,0,1,1,9353.8
1,0,0,1,1,0,1,0,0,0,1,0,0,0,9072.0
1,0,1,0,1,1,1,0,0,1,0,0,0,1,8920.2
1,1,1,1,0,0,0,1,1,1,1,1,0,1,8322.4
1,1,1,0,0,0,0,1,0,1,0,1,0,0,8376.7
1,0,0,1,1,1,0,0,0,0,0,0,0,1,9104.6
0,1,1,1,0,0,0,1,1,0,1,1,0,1,8241.7
0,1,0,1,1,0,0,0,0,0,0,1,0,1,8304.0
0,0,0,0,0,1,1,0,1,1,1,0,0,0,9231.9
0,1,1,0,0,0,0,1,0,1,1,0,1,0,9209.7
0,1,1,0,1,1,0,0,0,1,0,1,1,1,8352.8
1,1,1,1,0,1,1,1,0,1,0,0,1,0,9099.4
0,1,0,0,1,0,1,0,1,1,0,1,0,0,8340.4
1,1,0,1,0,1,1,0,0,1,1,1,1,0,8337.2
1,1,1,0,1,0,1,1,1,0,1,0,0,1,9170.7
1,0,0,0,0,1,1,0,1,1,1,1,1,0,8454.3
0,0,1,1,0,1,1,1,1,1,1,0,0,0,10959.0
0,1,0,1,1,0,1,1,1,0,0,0,1,1,9127.0
1,0,1,1,0,0,1,0,1,0,0,1,1,1,8556.4
0,1,0,0,1,0,1,0,1,0,0,0,1,1,9264.3
1,1,1,1,1,0,1,0,1,1,0,0,0,0,8993.7
0,1,0,1,0,0,1,0,0,1,1,1,0,0,8391.3
1,1,1,1,1,1,1,1,1,1,0,0,0,0,9213.4
0,1,0,1,1,0,1,0,1,0,1,1,0,0,8364.7
1,0,0,1,1,0,0,0,0,1,1,0,0,1,9283.6
1,1,0,1,0,1,1,0,0,1,1,1,0,0,8389.3
0,0,1,1,1,1,0,0,1,0,0,0,0,1,9134.4
0,0,1,0,0,0,0,0,1,1,1,1,0,0,8270.4
0,0,1,0,0,1,0,0,0,0,1,0,1,0,9256.9
1,0,1,0,0,1,1,0,0,1,1,0,0,0,9195.3
1,0,0,1,0,0,1,0,1,0,1,1,0,1,8822.0
0,0,1,1,1,0,1,0,0,1,1,0,1,0,9191.6
1,1,1,1,0,1,1,0,0,0,1,0,1,1,9204.7
1,1,0,1,1,1,0,1,0,0,1,1,1,1,8303.2
0,1,0,1,1,0,1,0,1,0,0,0,0,0,9122.5
1,0,0,0,1,0,1,1,1,0,0,1,1,1,8384.5
0,0,1,0,1,1,1,0,0,0,0,1,1,0,8188.3
1,0,1,0,0,1,1,0,0,0,1,0,1,0,9293.8
0,0,0,0,1,1,0,1,1,1,1,1,0,1,8404.6
0,0,0,1,0,1,1,0,0,1,0,0,1,1,9141.9
1,1,0,1,0,0,0,0,1,1,1,1,0,0,8429.1
0,1,1,1,0,1,0,1,1,0,1,1,1,1,8531.9
0,1,1,1,0,1,1,1,0,0,0,1,1,1,8446.8
1,0,0,0,0,0,1,0,0,1,0,1,1,0,8423.4
1,1,1,0,1,1,1,1,0,0,0,0,1,1,9287.8
1,1,1,1,0,0,0,1,1,0,1,0,0,0,9196.8
0,0,0,1,0,0,1,1,1,1,0,1,0,0,8328.8
0,0,1,1,0,1,0,0,0,1,1,0,1,0,9267.4
0,0,0,1,1,0,0,1,0,1,0,1,1,1,8464.8
1,1,0,1,1,1,0,1,0,0,1,0,0,1,9292.5
1,0,1,1,1,1,1,1,0,1,0,0,0,1,9092.9
0,0,1,0,1,0,1,0,1,0,0,0,1,0,9202.5
0,1,0,0,0,1,0,0,0,0,0,1,1,0,8416.1
0,0,1,0,1,0,0,0,0,1,1,0,0,0,9259.3
1,1,0,1,0,1,1,0,1,0,0,0,1,1,9338.8
1,0,0,1,0,0,0,1,1,0,1,0,1,1,9323.5
1,1,0,1,1,0,1,0,0,1,1,0,0,1,9226.6
0,0,0,0,1,0,0,0,1,1,1,0,1,1,9363.2
0,1,1,0,0,0,0,1,0,1,0,1,1,1,8345.6
1,0,1,0,0,1,0,0,1,0,1,0,0,0,9209.7
0,1,0,1,1,1,0,0,1,0,1,0,0,0,9218.3
0,1,1,0,0,0,1,0,0,1,1,0,1,1,9178.2
1,0,0,1,1,0,1,1,0,1,0,1,1,1,8478.5
1,0,1,1,0,1,0,1,1,0,1,1,1,1,8491.6
0,0,1,1,1,0,1,1,1,1,1,0,1,1,9324.9
1,0,1,1,1,0,1,1,1,0,0,0,0,0,11253.0
1,0,1,1,1,1,0,0,0,0,1,0,1,0,9156.8
0,0,1,0,0,0,1,1,0,1,0,1,1,0,8409.8
1,1,1,0,1,1,1,1,0,0,0,1,1,1,8466.1
0,1,0,1,0,1,1,0,1,0,1,0,1,1,9284.8
0,1,1,1,0,0,0,0,1,1,1,0,0,0,9205.9
0,1,0,1,0,1,0,1,0,0,0,0,1,1,9288.7
1,1,0,0,1,0,0,1,0,0,0,1,1,0,8460.5
0,1,0,1,1,0,0,0,1,0,1,0,0,1,9208.4
0,1,1,0,0,1,1,0,0,1,0,0,0,0,9347.1
0,0,1,1,1,1,1,0,0,1,0,1,1,1,8359.5
1,0,1,1,1,1,0,1,0,1,0,0,0,1,9231.6
1,1,1,0,1,0,1,0,1,1,0,0,0,0,9227.3
1,0,0,0,1,1,0,1,1,0,1,1,1,1,8592.4
0,1,1,0,1,1,1,1,1,1,1,0,1,1,9457.2
0,0,1,0,1,1,1,1,1,0,1,1,0,1,8306.1
0,0,1,1,1,0,0,1,1,1,0,1,1,1,8502.4
0,0,0,0,1,0,1,1,0,1,0,0,0,0,9252.5
1,1,1,1,1,1,1,1,0,0,0,0,1,1,9292.3
0,0,1,1,0,0,0,1,1,0,0,0,1,1,9251.1
0,0,1,0,1,1,1,0,1,1,1,1,0,0,8428.0
0,1,0,1,1,0,0,0,1,1,0,0,1,1,9345.9
0,0,1,1,1,0,1,0,0,1,1,1,1,0,8443.5
0,0,0,1,0,0,0,0,1,0,1,1,0,1,8384.8
0,0,0,0,0,1,1,0,1,1,1,0,0,1,9433.2
1,0,1,1,1,1,0,1,1,1,0,1,1,0,8460.6
1,0,0,0,1,0,1,1,0,0,1,0,1,0,9304.1
1,0,0,0,1,0,1,0,1,0,1,0,1,0,9610.3
0,0,0,1,0,1,1,1,0,0,1,1,1,0,8553.4
1,1,0,1,1,1,0,1,1,0,0,1,0,1,8408.0
0,1,0,0,0,1,1,1,0,1,0,0,1,0,9336.0
1,1,1,0,0,1,1,1,1,1,0,1,1,1,8454.5
1,1,0,1,1,0,1,1,0,1,0,0,0,1,9399.3
0,1,1,0,0,1,0,1,0,0,1,1,0,1,8365.3
1,1,1,0,0,1,0,1,0,1,1,1,0,0,8420.3
1,1,0,1,1,1,1,0,0,0,1,0,1,0,9341.1
1,0,0,0,0,0,1,0,0,1,0,1,1,1,8503.0
1,1,0,1,1,0,1,1,0,1,0,1,0,1,8373.2
0,1,1,0,0,1,0,0,1,1,0,0,1,1,9324.4
1,1,1,1,1,1,1,0,1,1,1,0,0,0,9245.7
1,1,1,0,1,1,1,0,1,1,0,0,1,1,9177.1
0,0,1,0,1,1,1,1,1,0,0,1,1,1,8438.4
1,0,0,1,1,1,1,1,1,1,0,1,0,1,8389.1
1,0,1,1,1,0,0,0,1,1,0,0,1,1,9211.6
1,0,0,1,1,1,1,0,1,1,1,1,1,0,8522.7
0,0,1,1,1,0,1,1,1,1,0,1,0,0,8432.6
1,0,0,0,0,0,1,0,1,1,0,0,0,1,9253.1
0,1,0,0,1,0,1,0,1,0,0,0,1,0,9243.3
1,0,0,1,1,1,0,1,0,0,0,1,1,1,8496.7
0,0,1,0,0,1,1,1,1,0,0,0,0,1,15060.0
1,1,0,1,1,0,1,1,0,0,1,0,0,0,9252.2
0,1,0,0,1,1,1,1,1,0,1,1,0,1,8503.1
1,0,1,0,1,0,1,1,1,1,1,0,0,1,9169.0
1,0,0,0,1,0,1,1,1,0,1,0,0,1,9180.1
0,0,1,1,1,0,1,0,1,1,1,1,0,1,8376.4
1,1,1,1,0,0,0,0,0,0,0,0,1,0,9194.9
0,1,1,1,1,0,0,1,0,0,0,0,1,1,9211.5
1,1,0,1,1,0,1,0,1,0,1,1,0,1,8465.4
1,0,1,0,1,1,1,0,1,0,1,1,0,1,8461.9
0,0,0,1,0,1,0,0,1,0,0,1,0,0,8387.1
0,0,0,1,0,0,1,0,1,0,0,0,0,1,9176.9
0,1,1,1,1,0,0,0,1,0,1,1,0,0,8332.9
0,1,0,1,0,0,0,0,1,1,1,1,1,0,8240.1
0,0,0,1,1,1,0,1,1,1,1,1,1,1,8490.8
1,1,1,0,0,0,1,1,0,1,1,1,0,0,8350.6
0,1,0,0,0,1,1,1,0,0,1,0,1,0,9181.9
1,1,0,1,0,0,0,0,0,0,0,0,1,0,9374.3
0,0,1,1,0,0,1,0,1,1,1,1,1,1,8369.0
1,1,1,1,1,0,1,0,1,0,1,1,1,1,8415.8
1,0,1,1,1,0,0,0,0,1,1,1,0,1,8219.1
0,0,0,1,0,0,1,0,1,1,0,0,0,1,9190.1
1,0,0,1,0,1,0,0,1,0,1,1,1,1,8346.6
1,1,0,0,1,0,1,0,0,0,0,0,1,1,9131.7
0,1,1,0,0,1,0,0,0,1,1,1,0,1,8399.9
1,1,1,0,0,0,0,0,1,0,0,0,0,1,9104.2
0,0,1,0,1,1,0,0,0,0,1,0,0,1,9131.1
1,1,1,1,0,1,1,0,0,1,1,0,1,1,9224.8
0,1,0,0,1,1,0,0,0,1,1,1,0,0,8367.8
0,0,0,1,0,0,0,0,0,1,1,0,0,1,9211.7
0,0,1,1,1,1,1,0,0,0,1,1,1,1,8369.4
0,0,1,1,0,1,0,1,1,1,1,1,0,1,8407.4
0,0,1,0,1,0,1,0,1,1,0,1,0,0,8331.7
1,1,1,0,0,1,0,1,0,1,0,0,1,0,9145.0
0,1,1,0,0,0,0,1,0,1,1,1,1,1,8341.7
0,0,0,1,1,1,0,0,0,1,1,1,1,0,8502.6
0,1,0,0,0,1,1,0,1,1,1,1,1,0,8508.3
1,1,0,1,0,0,1,1,1,0,1,0,1,0,9334.4
1,0,1,0,1,0,1,0,0,1,1,1,1,1,8457.4
1,1,0,0,0,1,0,1,0,1,1,0,1,0,9217.9
1,1,0,1,1,1,0,0,1,1,1,1,1,0,8327.6
0,1,1,1,0,0,0,1,1,1,1,1,0,0,8342.8
0,1,1,1,0,1,0,0,0,0,0,0,0,0,9120.8
1,0,1,0,0,0,1,0,0,0,1,0,1,0,9333.5
1,0,0,0,1,0,1,1,0,1,0,0,0,1,9114.9
0,0,1,0,0,1,0,0,0,0,0,0,1,1,9120.6
0,1,0,0,1,0,0,0,0,1,0,0,1,1,9313.0
0,0,1,0,1,0,1,1,0,0,1,1,0,0,8317.4
1,1,0,1,0,0,0,1,0,1,1,1,0,1,8480.1
0,0,1,0,0,1,0,0,1,0,0,1,0,1,8280.8
0,0,0,1,0,1,1,0,0,0,1,1,0,0,8377.3
0,0,1,1,1,0,0,0,1,0,0,0,0,1,9169.9
0,1,0,1,1,0,0,0,1,0,1,0,0,0,9206.1
1,0,0,0,0,0,1,0,1,0,1,1,1,1,8469.3
0,0,0,1,0,0,0,0,0,0,1,0,0,0,9114.7
1,1,1,1,0,0,0,0,1,1,1,1,1,0,8393.8
0,0,0,0,0,0,1,1,0,0,0,0,1,1,9314.8
0,1,0,0,0,1,1,0,1,0,1,1,0,0,17075.0
0,0,0,0,1,1,0,1,1,1,0,0,0,0,9286.7
0,0,1,0,0,0,1,1,1,0,0,0,0,1,9059.9
0,0,1,0,1,0,1,0,0,0,1,1,1,1,8382.5
0,0,1,1,0,1,1,1,1,0,0,0,1,0,9323.9
0,0,1,0,1,1,0,1,0,1,0,0,1,1,9214.5
1,1,0,1,0,0,0,0,0,0,0,1,1,0,8376.9
0,1,1,0,0,0,1,0,1,1,0,0,0,0,9131.7
1,1,0,1,1,1,0,0,0,1,0,0,0,1,9135.4
1,0,1,0,1,1,0,0,1,1,1,0,1,1,9237.4
1,0,0,0,1,1,1,0,0,1,1,0,1,1,9393.4
1,1,1,0,1,0,1,0,1,1,1,0,0,0,9134.9
1,1,0,1,0,0,1,0,0,0,1,0,1,1,9255.5
1,1,1,0,0,1,1,0,1,0,0,0,0,0,9151.3
1,1,0,0,0,0,0,1,1,0,0,1,1,0,8415.7
0,0,1,1,0,0,1,1,0,0,0,1,1,1,8367.1
0,1,0,1,0,1,0,1,1,1,1,1,0,1,8216.9
0,1,1,0,1,1,0,1,0,1,0,0,1,1,9165.0
1,1,1,0,0,1,0,0,0,1,0,1,1,0,8256.0
1,0,1,0,0,1,0,0,1,0,1,1,1,1,8400.0
1,1,0,1,0,1,0,0,0,1,0,0,1,0,9164.0
0,0,1,1,0,1,1,0,0,1,0,1,1,0,8500.6
0,1,0,0,1,0,1,1,0,1,0,1,1,1,8409.5
0,1,0,1,0,0,0,1,0,1,1,1,0,1,8444.1
1,0,1,1,1,0,0,0,1,1,1,0,1,1,9332.4
0,1,0,0,0,0,1,0,0,1,1,1,0,1,8359.3
0,0,0,1,0,1,1,0,1,1,1,1,1,1,8499.4
1,0,0,0,0,1,0,0,1,0,0,1,1,0,8422.8
0,0,0,0,0,1,0,0,1,1,1,0,0,1,9235.3
1,0,1,1,0,0,1,1,0,1,1,1,1,1,8440.0
0,0,0,0,1,0,1,1,0,0,1,1,0,0,8607.4
0,1,1,1,1,0,1,1,0,1,1,0,1,0,9302.7
0,1,1,0,1,0,1,0,1,0,0,1,1,1,8521.0
1,1,0,1,0,1,0,0,1,0,1,0,1,1,9306.4
0,0,1,1,1,0,1,1,0,0,0,1,1,1,8522.5
1,1,1,0,0,0,0,1,1,0,0,0,1,0,9158.6
0,0,0,1,0,1,1,1,1,0,0,1,0,1,8465.6
1,1,0,0,0,0,1,0,1,1,1,0,0,1,9322.7
0,1,1,0,1,0,0,1,1,0,0,0,0,1,9195.0
1,1,0,1,0,1,1,0,0,1,1,1,0,1,8523.4
1,1,1,0,1,0,1,0,1,0,0,1,0,0,8357.1
0,1,1,0,1,0,0,1,1,1,0,0,0,0,9148.5
1,1,0,0,0,0,1,1,0,1,0,0,1,1,9214.1
0,1,1,0,1,0,1,1,1,1,0,0,0,1,9260.6
0,0,1,0,1,1,0,1,0,0,0,1,1,0,8383.2
0,1,0,1,1,1,1,0,1,1,1,1,0,1,8429.7
0,0,1,1,0,0,0,0,1,1,0,0,0,0,9266.6
1,1,0,0,0,1,0,0,1,0,1,1,0,1,8666.9
0,1,0,1,0,1,1,0,1,1,0,0,1,0,9304.3
0,0,1,1,0,0,0,1,1,0,1,1,1,0,8463.4
0,0,1,1,0,1,0,1,1,0,1,1,0,1,8457.3
0,1,0,0,0,1,0,0,1,0,1,0,0,1,9242.6
1,0,1,0,0,1,0,1,1,1,0,1,1,1,8580.7
0,1,1,1,1,0,0,0,1,0,0,0,0,0,9182.0
1,1,0,1,0,1,0,1,0,1,1,0,1,1,9346.1
1,1,1,1,1,1,0,1,1,0,0,1,1,0,8458.0
0,1,0,1,0,0,0,1,0,0,1,0,0,0,9440.5
0,1,0,0,1,0,1,1,1,0,1,1,1,1,15914.0
1,1,0,1,0,1,0,0,0,0,0,0,0,1,9340.7
0,1,1,0,1,0,1,0,1,0,0,1,1,0,8408.2
0,0,0,0,0,1,1,1,0,0,0,0,0,1,9513.2
0,1,1,0,0,1,1,1,0,0,0,0,1,1,9285.1
1,0,0,1,1,1,0,1,1,0,1,1,1,1,8517.9
0,1,0,0,1,1,1,0,0,1,0,0,1,1,9436.2
1,0,0,1,1,0,0,0,0,1,0,1,0,1,8382.4
0,1,0,0,0,0,0,1,1,0,1,0,0,1,9316.1
1,1,1,0,0,1,1,0,0,0,1,0,0,1,9138.4
0,1,0,1,0,1,1,0,0,0,1,0,1,0,9229.4
1,1,1,0,0,1,0,1,1,1,1,1,0,0,8377.0
1,1,0,1,0,1,0,0,1,1,1,0,0,1,9278.9
0,0,0,0,1,0,0,1,0,1,1,1,0,1,8459.7
1,1,0,1,0,1,0,0,0,0,0,1,0,0,8403.5
1,1,1,0,0,1,1,1,0,1,0,0,0,0,9022.7
1,1,1,1,0,0,0,0,1,0,0,0,1,0,9206.9
1,0,1,1,0,1,0,1,1,1,0,1,0,0,8472.7
1,0,0,1,1,1,1,1,0,0,1,1,0,1,8369.9
0,0,1,1,0,1,0,1,0,1,1,1,1,0,8276.7
1,1,1,0,0,1,0,0,0,1,0,0,1,0,9130.6
0,0,1,1,0,0,0,0,0,1,0,0,0,0,9069.0
1,1,0,0,0,1,0,0,0,0,1,0,0,1,9235.8
0,1,0,1,0,1,0,1,0,0,0,0,0,0,9181.5
0,1,1,1,1,1,0,0,1,0,0,1,0,0,8333.1
1,0,1,1,1,0,1,0,1,0,1,0,0,1,9152.6
0,0,1,1,0,1,1,1,1,0,0,1,0,1,8312.8
1,1,1,1,0,0,0,0,0,1,1,1,0,0,8276.9
1,1,1,1,1,1,1,0,0,0,0,0,0,0,9143.7
0,0,1,0,0,0,0,0,0,0,1,0,1,0,9187.3
0,1,1,0,1,1,1,0,0,0,1,0,1,1,9071.4
0,0,1,1,1,0,0,0,0,0,0,1,1,0,8601.4
1,0,1,1,0,1,1,1,1,0,0,0,1,1,9192.2
1,1,0,0,1,0,0,1,1,1,0,0,0,0,9117.0
0,1,0,1,0,0,0,1,1,0,0,1,0,1,8401.6
1,0,0,0,1,0,1,0,1,0,0,1,0,1,8294.8
1,1,0,0,0,1,0,0,1,0,1,0,0,1,9172.3
1,0,0,1,0,0,0,1,0,1,1,0,1,0,9325.8
0,0,1,1,1,0,0,0,0,0,1,1,0,0,8382.5
0,0,0,1,0,1,1,0,1,0,1,0,0,0,9316.6
1,1,0,1,1,0,0,0,0,1,0,1,0,1,8228.8
0,0,0,0,0,1,1,1,1,0,0,0,0,0,9180.0
0,1,1,0,0,1,0,1,0,0,0,0,1,1,9217.2
0,0,0,0,0,1,0,1,1,1,0,1,1,0,8431.0
1,1,0,0,1,1,0,0,0,1,0,0,1,1,9237.0
1,1,0,0,0,1,0,0,1,0,0,1,1,1,8353.3
0,1,1,0,1,0,0,0,0,1,0,1,0,1,8268.0
1,0,0,0,0,1,1,0,1,0,0,1,0,0,8343.5
0,0,1,0,1,1,0,0,1,0,1,1,0,1,8394.8
0,1,1,1,0,1,0,0,1,0,1,1,0,0,8531.0
0,1,1,1,0,1,1,0,0,1,0,0,1,0,9196.5
1,1,1,0,1,1,1,1,0,0,0,0,1,1,9237.5
0,1,0,0,0,1,0,0,0,0,0,0,1,1,9369.5
0,0,1,0,0,0,1,1,1,1,1,0,0,1,9240.3
1,1,0,1,1,1,1,0,0,1,1,0,0,0,9186.5
0,1,0,1,0,1,1,1,0,0,0,1,0,0,8450.4
1,0,1,1,0,0,1,1,1,0,1,1,0,0,8330.8
1,0,0,1,0,0,0,0,0,0,1,0,0,1,17188.0
1,1,0,1,0,0,1,1,1,0,0,1,0,0,8484.9
1,0,1,1,0,0,0,1,1,0,0,1,0,0,8349.4
0,1,0,1,1,1,0,1,0,1,1,0,0,1,9171.3
1,1,0,1,1,1,0,1,1,0,0,0,1,0,9216.9
1,1,1,1,1,1,0,0,1,0,0,1,1,0,8392.3
1,0,1,0,1,0,1,0,1,0,0,1,0,0,8562.3
0,0,0,1,1,0,0,1,0,0,0,1,1,1,8465.9
0,0,1,0,0,0,0,1,0,0,0,1,0,0,8439.3
1,0,1,1,0,1,0,0,0,1,0,0,0,0,9128.9
0,0,0,0,1,1,1,1,0,0,0,0,0,0,9201.9
1,0,0,1,0,0,0,0,0,1,1,1,0,0,8505.1
1,1,1,0,1,0,1,1,0,1,1,0,1,0,9156.1
0,1,0,0,0,1,0,1,0,1,1,1,0,0,8356.4
1,0,1,1,0,1,1,1,0,1,1,1,0,1,8418.3
1,0,0,0,0,0,0,1,0,1,0,1,0,1,8376.8
0,0,1,1,1,0,1,1,0,1,0,0,1,1,9090.9
0,0,1,1,1,1,0,1,0,1,1,1,0,0,8517.5
1,1,0,0,1,0,0,1,1,0,0,0,1,0,9210.8
1,0,0,0,1,1,1,0,1,1,1,0,1,1,9273.2
0,0,1,1,1,0,1,1,0,0,0,0,1,1,9170.0
0,0,1,1,1,0,1,1,1,0,0,1,1,0,8428.8
1,0,0,0,1,0,0,1,1,0,1,1,0,0,8432.6
0,1,0,1,1,0,1,1,1,1,1,0,1,1,9211.9
0,0,1,1,0,1,0,1,0,1,1,1,1,0,8396.7
0,0,1,1,0,0,1,0,0,0,0,0,0,0,9041.2
0,0,0,0,0,0,1,1,0,1,1,0,0,1,9211.7
0,0,1,0,0,1,0,1,1,0,0,1,1,0,8409.2
1,0,1,1,0,1,0,1,0,1,0,0,1,0,9218.1
1,1,1,1,1,1,0,1,1,0,0,0,0,1,9252.6
1,1,1,1,0,0,1,0,1,1,0,1,1,0,8296.3
1,0,0,0,1,1,0,0,1,1,0,1,1,0,8456.4
1,1,0,1,1,1,1,0,1,1,1,1,1,0,8368.2
0,0,0,0,1,0,0,0,0,1,0,1,0,0,8297.1
1,1,1,0,0,1,0,0,0,0,1,1,1,0,8410.6
1,1,0,0,0,0,1,1,1,1,1,1,1,0,8475.6
1,1,0,0,0,1,0,1,0,0,0,1,1,1,8412.6
1,1,1,1,1,0,1,0,1,1,0,1,0,1,8386.2
0,1,0,1,0,1,1,1,0,0,0,0,1,1,9318.8
1,0,0,0,0,1,1,0,1,0,1,1,1,1,8433.0
1,0,0,1,0,0,1,1,0,1,0,1,1,1,8606.4
0,1,0,1,0,0,0,0,1,1,1,0,1,1,933.91
0,1,0,0,0,1,0,1,0,1,0,0,1,0,955.29
1,1,0,1,1,0,1,1,0,1,0,1,1,0,919.52
0,1,0,1,0,1,0,0,1,0,1,0,1,1,928.01
0,1,1,0,1,0,1,0,1,0,0,1,1,1,912.84
1,0,0,1,0,0,0,1,0,1,1,0,0,1,953.75
1,1,0,1,0,0,1,1,1,0,1,0,0,0,1017.6
0,1,1,0,0,1,0,0,1,1,0,0,0,0,1006.9
1,1,0,1,0,1,0,1,1,0,1,1,1,0,996.27
1,0,0,0,0,1,1,0,1,1,1,0,1,0,1024.9
1,1,0,1,0,0,1,1,1,0,1,1,0,1,1007.4
1,1,1,1,0,1,0,0,0,0,1,0,0,0,1044.1
1,1,0,1,0,0,0,1,1,1,1,0,0,1,995.75
1,0,1,1,1,0,0,1,1,0,0,0,0,0,3077.1
0,1,0,0,1,0,1,1,0,1,1,1,1,0,2478.5
0,0,0,1,0,0,0,1,1,0,1,1,0,1,3319.4
0,0,0,1,0,0,0,1,1,1,0,1,0,1,4316.9
1,0,1,1,0,0,1,0,1,1,1,0,1,0,4644.1
1,1,1,1,1,1,1,0,1,0,0,0,1,0,5531.8
0,1,0,1,1,1,1,0,1,0,1,1,1,0,4587.0
0,1,1,1,1,1,0,1,0,1,0,1,1,1,7570.9
0,1,1,1,0,0,1,1,1,1,0,0,1,0,6136.8
0,1,0,1,0,0,0,0,1,0,1,0,1,1,6340.7
1,0,1,0,0,1,0,0,1,1,0,0,1,0,6649.7
1,0,0,0,0,0,0,0,1,0,1,1,0,0,5677.3
1,1,1,0,1,1,0,0,1,0,0,1,0,0,5673.3
0,1,1,0,0,1,1,0,0,1,0,0,0,1,6943.1
0,1,1,1,1,1,1,0,0,1,0,0,0,0,7402.0
0,0,1,0,1,1,0,0,1,1,1,1,0,0,6754.7
0,0,1,0,1,1,0,0,1,0,1,1,0,0,7022.2
1,0,1,0,1,1,0,1,1,0,0,0,1,0,7131.8
1,0,0,1,0,1,1,1,1,1,1,1,1,1,6950.3
1,0,1,1,1,1,1,1,1,1,1,1,1,0,6943.8
0,1,0,1,0,0,1,0,0,0,0,1,0,0,6848.6
1,0,1,1,1,1,0,0,0,0,1,0,0,0,7533.2
1,1,0,0,1,1,0,0,0,0,1,1,0,0,6569.6
0,1,0,1,1,0,0,0,0,0,0,0,1,1,7378.7
1,0,1,1,1,1,1,0,0,1,0,0,1,0,8188.2
0,0,1,1,0,1,0,0,0,0,1,0,0,0,8458.1
1,1,0,0,1,0,1,0,1,1,1,0,1,1,8806.5
1,1,1,0,1,1,1,0,1,1,0,1,0,1,7835.2
0,0,0,0,1,0,0,1,1,0,0,0,0,1,8801.2
1,1,1,1,1,0,0,0,0,1,0,1,0,0,7536.8
0,0,0,0,1,0,0,0,0,1,0,1,1,0,7725.0
0,0,0,0,1,0,1,1,0,1,1,1,1,0,8007.0
0,0,1,1,0,0,1,0,1,1,1,1,1,0,7898.9
1,1,0,1,0,0,0,0,1,1,1,1,1,0,7367.6
1,1,1,1,0,0,0,1,1,1,0,0,1,0,8645.0
1,0,0,0,0,0,0,0,0,0,0,0,1,0,8872.7
0,0,0,1,0,1,0,1,1,1,0,1,0,1,8146.3
0,0,1,0,1,0,0,1,0,1,1,1,0,1,8567.2
1,0,0,0,1,0,1,1,0,0,1,1,0,1,8177.9
0,1,1,1,1,0,0,0,1,1,1,1,1,0,8296.3
1,0,0,1,0,0,0,0,1,0,1,0,0,0,8583.9
0,0,0,1,1,0,0,1,1,1,1,0,0,1,9033.6
0,0,0,0,0,0,0,0,0,1,0,1,0,1,8477.2
1,0,0,0,0,0,1,0,0,1,0,1,0,0,8174.9
1,0,1,0,1,1,0,1,1,1,0,1,1,1,8478.4
0,1,1,0,0,1,1,1,0,1,1,0,1,1,9221.0
1,0,1,0,0,0,0,0,1,0,1,1,1,0,8387.6
0,0,1,0,0,1,1,0,0,1,1,0,1,0,9337.3
1,1,1,0,0,0,0,1,1,0,1,0,1,1,9390.1
0,1,0,0,1,1,1,1,1,0,0,1,1,0,8730.6
1,0,1,0,1,1,1,0,1,1,0,0,0,1,9202.7
0,0,1,0,1,0,0,1,0,1,0,0,1,1,9252.0
0,0,1,0,0,1,1,1,0,1,0,1,0,1,8449.1
0,0,0,0,1,0,0,1,1,1,1,0,1,0,9255.5
0,0,0,1,0,1,0,1,1,1,1,1,0,1,8600.7
0,0,1,0,1,0,0,0,1,0,1,1,1,0,8380.2
0,1,0,0,1,0,0,0,1,1,0,1,0,0,8360.1
1,1,1,0,1,1,0,1,1,0,1,0,1,1,9225.0
1,1,1,0,0,0,1,1,1,0,0,0,0,1,9131.4
0,1,0,1,0,1,1,0,0,1,0,0,0,1,9279.1
0,0,1,1,0,1,0,0,1,0,1,0,0,1,9268.0
0,1,1,0,1,1,1,1,0,0,1,1,0,1,8377.6
0,0,0,0,1,0,1,1,0,0,0,1,1,1,8490.5
0,0,0,0,1,1,0,0,1,0,0,1,0,1,14929.0
0,0,1,0,0,1,1,1,1,1,0,1,0,0,8406.2
1,1,0,1,1,0,0,0,1,0,1,1,0,1,8458.7
0,0,0,1,0,0,1,0,0,0,1,0,1,1,9426.7
0,0,0,0,0,0,0,1,1,1,0,0,1,1,9266.6
0,0,1,1,0,0,0,1,1,1,1,1,1,1,8502.3
0,0,0,1,0,1,1,0,0,0,1,1,1,0,8538.8
0,0,1,0,1,1,1,1,1,0,1,1,0,0,8538.0
0,1,0,0,1,1,1,0,0,1,1,0,0,1,9247.3
1,0,0,1,1,0,0,1,0,0,0,0,0,1,9287.4
1,1,0,1,1,1,1,1,1,1,0,1,1,0,8537.2
1,1,0,1,1,0,0,0,0,0,1,1,0,1,8461.3
1,1,1,0,0,1,0,1,1,0,1,0,0,1,9270.2
0,0,1,1,0,0,0,0,0,0,1,0,1,1,9329.8
1,1,1,1,1,0,1,1,1,0,1,0,1,0,9468.8
1,1,1,0,0,0,0,0,0,0,1,0,1,1,9318.6
0,0,1,0,0,1,0,0,0,1,0,1,1,1,8384.7
0,1,0,0,0,0,1,1,0,1,0,0,1,0,9304.8
0,1,0,0,0,0,0,0,0,1,0,0,0,1,9219.9
1,1,0,0,0,0,1,1,0,1,1,1,0,1,8495.5
0,1,0,0,0,0,0,0,0,0,0,0,1,0,9276.8
1,0,0,1,0,0,1,0,1,1,0,1,1,1,8467.5
0,0,1,1,1,0,0,1,1,0,0,1,1,1,8728.6
1,0,1,0,0,1,1,0,1,0,0,1,0,0,8428.6
0,0,1,0,1,0,1,1,0,0,0,1,0,1,9963.9
1,1,0,1,1,1,1,1,1,1,0,0,0,0,9353.8
1,1,1,1,1,0,0,0,0,1,1,0,0,0,9218.6
1,0,1,1,1,1,1,1,0,0,0,1,1,0,8733.5
0,0,0,0,1,0,0,1,0,1,1,0,1,1,9352.3
0,1,0,0,0,1,1,0,0,1,1,0,1,1,9231.1
1,0,0,1,0,1,0,1,1,0,1,0,1,1,9214.4
1,1,1,1,0,1,1,1,0,1,1,1,1,0,8543.2
1,1,0,1,1,0,1,0,1,0,0,0,0,1,9247.4
0,0,1,1,1,0,1,0,1,0,1,1,0,1,8530.7
0,1,1,1,0,0,0,0,1,1,0,0,1,0,9319.0
1,1,0,0,1,1,0,1,1,0,0,1,1,0,8745.9
1,1,1,0,0,0,1,1,0,1,1,1,1,0,8507.0
0,1,1,1,1,0,1,0,0,0,1,1,1,0,8425.7
0,0,0,1,0,1,1,1,0,1,1,0,1,1,9346.6
0,0,0,1,0,0,0,1,0,0,0,0,1,0,9406.6
0,0,0,1,0,1,1,0,1,0,0,1,1,0,8495.4
1,0,0,1,1,0,1,0,1,0,1,0,0,1,9206.0
0,1,0,0,0,0,0,0,0,1,0,0,0,1,9303.0
1,0,0,1,0,1,1,0,0,1,1,0,1,1,9367.5
0,1,1,1,1,0,0,1,0,0,1,1,0,0,8480.1
0,1,1,0,0,1,0,1,1,0,0,0,0,1,9415.2
0,0,0,0,0,1,1,1,0,0,1,0,0,0,9344.7
0,1,0,0,1,1,0,1,0,1,1,1,1,1,8460.0
0,0,1,1,1,0,1,1,1,0,0,1,0,0,8453.2
0,1,1,0,1,0,1,1,1,0,1,0,0,0,9247.1
0,1,0,1,0,0,0,0,1,0,1,1,1,0,8474.4
1,1,1,1,1,1,0,0,1,1,1,1,0,0,8328.1
0,0,1,0,1,0,1,1,1,1,1,0,1,1,9497.8
0,0,1,0,0,1,0,1,1,1,1,1,0,1,8496.4
1,0,0,0,0,0,1,0,0,0,0,0,1,1,9303.6
1,0,1,0,1,0,0,0,0,1,0,0,1,1,9199.9
