topology.workers,component.bolt_num,topology.acker.executors,message.size,component.spout_num,topology.serialized.message.size.metrics,topology.max.spout.pending,storm.messaging.netty.min_wait_ms,topology.transfer.buffer.size,storm.messaging.netty.max_wait_ms,topology.level,topology.priority,<$throughput
4,1,2,10,1,1,1000,10,1024,100,2,0,29749.083333333332
4,1,2,10,1,1,1000,1000,1024,10000,5,0,14306.416666666666
2,1,2,1000000,1,0,1,1000,512,10000,2,0,85.166666666666671
2,10,4,10,10,0,1,10,1024,100,5,29,8191.166666666667
4,10,4,1000000,10,1,1,1000,512,10000,5,0,15.833333333333334
2,10,2,1000000,1,1,1,1000,512,10000,2,29,154.0
4,10,2,10,10,1,1000,1000,512,10000,5,0,11955.083333333334
2,1,4,1000000,1,1,1,10,512,100,2,29,85.333333333333329
4,10,4,10,1,1,1,1000,512,10000,5,0,849.5
2,10,2,10,1,1,1,10,512,100,2,29,905.33333333333337
4,10,2,10,1,0,1000,10,512,100,5,29,12217.166666666666
2,10,2,10,1,0,1,10,512,100,2,0,916.25
2,10,2,10,1,1,1,1000,512,10000,2,0,906.08333333333337
4,1,4,10,1,1,1,10,512,100,5,29,893.58333333333337
4,1,2,10,10,1,1,10,1024,100,5,29,5372.5
2,10,4,1000000,1,1,1,1000,1024,10000,5,0,64.333333333333329
2,10,4,10,10,1,1,1000,512,10000,5,29,8189.833333333333
4,10,4,1000000,1,0,1,1000,1024,10000,5,29,56.5
4,1,4,10,10,1,1,10,1024,100,5,0,5065.833333333333
2,1,4,10,1,0,1,10,512,100,2,0,916.41666666666663
4,10,2,1000000,10,0,1,10,512,100,5,29,0.58333333333333337
2,1,4,1000000,1,0,1000,10,1024,100,2,0,2.6666666666666665
2,10,4,10,1,0,1,10,512,100,5,29,923.25
4,1,4,1000000,10,1,1,1000,512,10000,2,0,341.08333333333331
2,10,4,10,10,0,1,10,512,100,5,0,8142.75
2,10,2,10,1,0,1000,1000,512,10000,5,29,17678.75
2,1,2,10,10,1,1000,1000,512,10000,5,0,20594.916666666668
2,10,4,10,1,0,1,1000,1024,10000,5,29,905.75
2,1,2,10,10,0,1000,1000,512,10000,2,0,25733.0
4,1,2,10,1,0,1000,10,512,100,2,0,27590.083333333332
2,10,2,10,1,0,1000,10,512,100,5,29,17349.583333333332
4,10,2,10,1,0,1,1000,1024,10000,2,29,906.5
4,10,4,10,10,1,1000,10,1024,100,5,0,10280.333333333334
4,10,4,10,1,0,1,10,512,100,5,29,867.66666666666663
2,10,2,10,10,0,1,10,1024,100,2,0,9087.3333333333339
4,10,2,10,10,1,1000,10,512,100,2,0,33021.0
2,10,4,10,10,0,1,1000,1024,10000,2,0,9129.0833333333339
4,1,4,10,10,1,1,1000,512,10000,5,0,5055.25
4,1,4,10,1,0,1000,1000,512,10000,2,29,45704.0
2,10,4,10,1,0,1000,1000,1024,10000,5,0,18529.25
4,10,2,1000000,10,0,1,1000,512,10000,2,0,375.25
2,1,4,10,10,1,1,10,1024,100,2,29,9035.0833333333339
4,1,2,1000000,1,0,1,10,1024,100,2,29,204.16666666666666
4,1,2,1000000,1,1,1,1000,1024,10000,5,29,41.833333333333336
2,1,4,1000000,1,0,1,1000,1024,10000,5,29,50.666666666666664
2,10,4,1000000,1,1,1000,10,1024,100,2,29,293.66666666666669
2,10,4,1000000,1,0,1000,1000,1024,10000,2,0,19.916666666666668
4,1,2,1000000,1,1,1,1000,512,10000,5,0,40.5
4,10,4,10,10,1,1,10,512,100,2,0,8826.1666666666661
4,1,4,10,1,1,1,10,512,100,2,0,908.83333333333337
2,10,4,10,10,0,1000,1000,1024,10000,5,0,19911.416666666668
2,1,4,10,10,0,1000,10,1024,100,5,29,19329.666666666668
4,1,4,10,10,0,1,1000,512,10000,2,0,8904.4166666666661
2,1,2,10,1,1,1000,1000,1024,10000,2,0,53014.333333333336
4,1,4,1000000,1,0,1000,1000,512,10000,2,29,5.583333333333333
2,10,2,10,10,1,1,1000,1024,10000,5,29,8294.8333333333339
2,1,4,10,1,0,1,1000,1024,10000,5,29,929.91666666666663
2,10,4,10,10,0,1,10,512,100,2,0,9135.8333333333339
2,1,2,10,1,1,1000,1000,1024,10000,5,29,19146.5
4,10,2,10,1,0,1,1000,512,10000,5,29,883.41666666666663
4,10,2,1000000,10,1,1000,1000,1024,10000,2,29,3.3333333333333335
4,10,4,10,1,0,1,1000,1024,10000,5,29,881.91666666666663
4,1,2,10,1,1,1000,1000,512,10000,2,29,28514.916666666668
2,10,2,10,10,1,1,10,1024,100,2,0,9119.8333333333339
4,10,2,1000000,10,1,1,1000,512,10000,5,0,19.333333333333332
4,1,4,10,1,0,1,1000,1024,10000,2,0,880.08333333333337
4,10,2,10,1,1,1000,10,1024,100,5,29,12719.583333333334
2,10,4,10,1,1,1000,1000,1024,10000,5,29,18304.833333333332
2,10,4,10,10,1,1,10,1024,100,2,29,9147.9166666666661
2,10,4,10,1,0,1,1000,512,10000,5,29,902.58333333333337
2,1,4,1000000,1,0,1,10,512,100,2,29,79.5
2,1,2,10,1,0,1,1000,512,10000,2,29,895.58333333333337
4,10,4,1000000,1,0,1000,1000,512,10000,2,0,206.5
4,10,4,10,1,1,1000,10,1024,100,5,0,13693.833333333334
2,1,4,10,1,1,1000,1000,1024,10000,2,29,59772.416666666664
4,10,4,1000000,10,0,1,10,512,100,5,0,0.25
4,10,2,1000000,10,0,1,10,512,100,2,29,0.33333333333333331
2,10,4,1000000,1,0,1,1000,512,10000,2,29,149.16666666666666
4,10,4,1000000,1,0,1,10,512,100,5,0,54.833333333333336
2,10,2,10,10,1,1,1000,512,10000,5,29,8389.8333333333339
4,1,2,1000000,10,1,1,1000,512,10000,5,0,0.16666666666666666
2,10,2,10,1,1,1,10,1024,100,5,29,907.75
4,1,4,10,10,0,1,1000,512,10000,2,29,8902.3333333333339
4,1,4,1000000,1,1,1,10,512,100,2,0,117.5
2,10,4,10,10,1,1000,1000,1024,10000,5,29,19206.25
2,1,4,10,1,0,1000,10,512,100,5,29,22605.166666666668
4,1,4,10,10,0,1000,10,512,100,2,29,28023.75
4,1,2,10,10,0,1000,10,512,100,5,0,4692.25
2,1,2,1000000,1,0,1,10,512,100,2,0,81.166666666666671
2,10,4,1000000,1,1,1000,1000,1024,10000,2,0,10.916666666666666
2,1,2,1000000,1,1,1,1000,1024,10000,2,0,82.5
4,10,2,1000000,10,1,1,10,512,100,2,29,10.833333333333334
4,10,2,10,10,0,1000,1000,512,10000,5,29,13247.333333333334
2,1,4,10,1,0,1,1000,1024,10000,2,0,920.41666666666663
4,1,4,10,10,0,1000,10,512,100,2,0,29686.666666666668
2,1,2,10,1,1,1,10,1024,100,2,29,912.58333333333337
4,10,4,1000000,1,1,1,10,1024,100,5,29,53.0
4,10,4,1000000,1,0,1000,1000,1024,10000,5,29,49.5
2,10,4,10,1,1,1,1000,512,10000,5,29,926.58333333333337
2,10,4,10,1,0,1000,1000,1024,10000,2,0,56260.583333333336
2,10,4,10,1,1,1000,10,1024,100,2,0,52389.0
4,10,4,10,10,0,1,1000,1024,10000,2,0,8710.75
4,10,4,1000000,10,1,1,1000,1024,10000,2,0,64.75
4,10,4,10,10,0,1000,10,1024,100,5,0,10842.0
4,10,2,10,10,0,1,10,1024,100,5,0,4903.5
4,10,2,10,1,0,1,1000,1024,10000,2,0,895.91666666666663
2,10,2,1000000,1,1,1000,1000,512,10000,2,0,23.333333333333332
2,10,2,1000000,1,1,1,1000,1024,10000,2,29,152.83333333333334
2,10,2,10,10,1,1000,1000,512,10000,2,0,48319.916666666664
4,10,2,10,1,0,1000,1000,512,10000,2,0,36979.333333333336
4,10,4,10,10,0,1000,10,1024,100,5,29,9744.25
4,1,4,1000000,10,0,1,10,1024,100,2,0,148.25
2,10,4,10,1,0,1,1000,512,10000,2,0,907.66666666666663
4,10,2,10,10,1,1,10,512,100,5,29,4991.166666666667
2,10,4,10,1,0,1000,10,512,100,2,0,52404.5
4,10,4,10,1,1,1000,1000,1024,10000,2,0,43443.25
4,1,4,10,10,0,1000,1000,512,10000,2,29,28477.25
4,1,4,1000000,1,1,1,1000,1024,10000,5,29,49.833333333333336
4,10,2,10,10,0,1000,1000,512,10000,2,29,31974.833333333332
4,10,4,10,10,0,1,10,1024,100,2,29,8802.25
2,10,4,10,1,1,1000,1000,512,10000,5,29,18138.416666666668
4,1,4,1000000,10,1,1000,10,512,100,2,0,66.333333333333329
2,10,2,10,1,1,1000,10,512,100,2,0,44822.25
2,1,2,10,1,0,1,1000,512,10000,5,29,908.25
4,1,2,1000000,1,1,1000,1000,1024,10000,2,29,76.916666666666671
2,1,4,10,10,1,1000,10,1024,100,2,29,48634.083333333336
2,10,2,10,1,0,1000,10,1024,100,5,0,16383.833333333334
2,1,2,10,1,1,1,10,512,100,2,29,932.91666666666663
4,1,4,10,1,1,1,10,1024,100,2,29,917.75
4,10,4,1000000,1,0,1000,1000,512,10000,5,29,53.75
2,10,2,1000000,1,1,1,10,512,100,5,29,65.0
4,10,4,10,1,1,1,1000,1024,10000,2,0,885.25
4,1,4,10,10,1,1,1000,512,10000,2,0,8907.4166666666661
2,10,2,10,1,1,1,10,1024,100,2,29,902.25
4,1,4,1000000,1,1,1,10,1024,100,2,29,118.83333333333333
4,1,4,10,10,1,1,10,512,100,2,29,8928.25
2,10,4,10,10,1,1,10,512,100,2,29,9137.75
4,1,2,1000000,10,1,1,1000,1024,10000,2,29,443.5
4,1,2,1000000,1,0,1,1000,512,10000,5,0,42.166666666666664
2,1,4,10,1,0,1000,10,1024,100,2,0,57834.916666666664
4,10,4,10,10,0,1000,1000,1024,10000,5,29,9923.0
4,1,4,10,1,0,1000,10,512,100,5,29,14575.25
2,10,2,10,1,0,1000,1000,1024,10000,2,29,49469.166666666664
4,1,4,10,1,0,1000,1000,512,10000,5,0,15436.666666666666
2,1,2,1000000,1,1,1,10,1024,100,2,0,84.333333333333329
4,10,4,10,10,1,1,1000,1024,10000,2,29,8780.4166666666661
2,1,4,10,1,1,1000,1000,512,10000,5,0,23275.916666666668
2,10,4,10,1,1,1000,10,1024,100,5,0,18550.5
4,1,4,10,1,0,1000,10,1024,100,2,0,44042.166666666664
2,1,4,10,1,1,1000,1000,1024,10000,2,0,60418.5
4,1,2,1000000,10,1,1000,10,512,100,2,29,12.333333333333334
4,10,2,10,10,0,1000,10,512,100,5,0,11727.75
4,10,4,1000000,10,0,1,10,1024,100,2,0,192.83333333333334
2,10,2,10,10,0,1000,10,1024,100,5,0,16304.583333333334
4,1,2,1000000,1,0,1,10,1024,100,2,0,201.16666666666666
4,10,4,1000000,10,0,1000,1000,1024,10000,2,29,23.416666666666668
4,1,4,10,10,1,1000,10,512,100,2,29,28245.666666666668
4,1,2,1000000,1,0,1,1000,512,10000,2,29,199.33333333333334
4,10,2,10,1,1,1000,10,512,100,2,0,36316.416666666664
2,1,4,1000000,1,0,1,10,512,100,5,0,46.166666666666664
2,1,2,1000000,1,1,1000,1000,1024,10000,2,0,236.25
2,1,4,10,10,1,1,10,1024,100,5,29,8497.8333333333339
2,1,4,10,1,0,1,10,512,100,2,29,914.16666666666663
4,1,2,10,1,1,1000,1000,512,10000,2,0,28963.5
4,1,2,1000000,10,0,1,1000,1024,10000,5,0,0.083333333333333329
2,10,2,10,10,0,1000,1000,1024,10000,2,29,47818.5
4,1,4,1000000,1,1,1,10,512,100,5,29,51.0
2,1,2,10,10,0,1,10,1024,100,5,0,8718.3333333333339
4,10,4,10,10,1,1000,1000,512,10000,2,29,24711.916666666668
4,10,4,1000000,1,1,1000,10,1024,100,2,0,372.5
2,1,2,10,10,0,1,1000,1024,10000,5,0,8555.4166666666661
4,10,4,10,10,0,1000,10,1024,100,2,0,26309.916666666668
2,10,4,10,1,1,1000,1000,1024,10000,5,0,18331.833333333332
2,1,2,1000000,1,1,1000,1000,1024,10000,2,29,11.75
2,1,4,1000000,1,0,1000,10,1024,100,2,29,68.333333333333329
2,10,2,1000000,1,0,1,10,512,100,2,29,155.16666666666666
4,1,4,10,1,1,1000,1000,1024,10000,2,29,45615.416666666664
4,10,4,1000000,1,1,1,10,1024,100,5,0,53.333333333333336
2,1,4,1000000,1,0,1000,1000,512,10000,5,0,8.25
4,1,4,10,1,1,1000,1000,512,10000,5,29,14998.75
4,1,4,10,1,0,1,1000,512,10000,5,0,898.66666666666663
4,10,4,10,1,1,1000,10,1024,100,5,29,13051.666666666666
2,1,4,10,10,1,1000,10,1024,100,5,29,19176.916666666668
2,10,2,1000000,1,1,1,10,512,100,2,29,151.5
4,1,4,10,10,1,1000,1000,512,10000,5,0,11221.333333333334
2,10,4,10,1,1,1,1000,1024,10000,5,0,922.83333333333337
2,1,2,10,10,1,1,1000,1024,10000,5,29,8758.9166666666661
4,1,4,10,1,1,1,10,1024,100,2,0,894.83333333333337
2,1,4,10,1,0,1000,1000,512,10000,5,0,11495.75
4,10,2,1000000,10,1,1,10,512,100,2,0,8.0
4,10,4,1000000,10,1,1,10,512,100,5,0,0.5
2,10,2,10,1,1,1000,1000,1024,10000,5,0,17292.416666666668
2,1,4,10,1,1,1,10,1024,100,2,0,908.33333333333337
2,1,4,10,10,1,1,10,512,100,2,29,9168.8333333333339
2,1,4,10,10,1,1000,1000,1024,10000,2,0,48107.666666666664
4,1,2,10,10,1,1,10,1024,100,5,0,5271.916666666667
2,1,4,1000000,1,0,1,1000,512,10000,2,29,76.166666666666671
2,1,2,10,10,1,1000,10,512,100,5,0,20101.083333333332
4,10,4,1000000,1,1,1,1000,1024,10000,2,0,144.0
4,10,4,10,1,1,1,10,512,100,2,29,892.91666666666663
4,1,4,10,1,0,1000,1000,512,10000,5,29,14806.583333333334
4,10,4,1000000,1,0,1,1000,512,10000,5,29,54.0
2,10,2,10,1,1,1000,1000,1024,10000,5,29,17216.0
2,10,4,1000000,1,0,1000,10,512,100,5,29,1.9166666666666667
2,10,4,10,10,1,1,10,512,100,5,29,8162.916666666667
2,1,2,1000000,1,0,1,10,512,100,2,29,78.166666666666671
4,10,2,10,1,1,1000,10,1024,100,5,0,12568.416666666666
4,1,2,10,10,1,1,1000,512,10000,5,29,5370.416666666667
2,10,4,10,10,0,1,10,512,100,2,29,9129.0833333333339
2,10,4,10,10,1,1000,1000,512,10000,2,0,46209.25
4,1,2,10,1,0,1000,1000,512,10000,2,29,27474.833333333332
4,10,2,1000000,1,0,1,10,512,100,5,29,55.5
4,10,4,10,1,0,1,10,1024,100,5,29,889.08333333333337
2,10,2,1000000,1,0,1000,1000,1024,10000,2,0,15.916666666666666
2,1,2,1000000,1,0,1000,1000,1024,10000,2,0,82.166666666666671
4,1,2,1000000,1,1,1,10,1024,100,5,29,41.166666666666664
2,1,2,10,1,0,1,1000,1024,10000,2,0,922.33333333333337
4,10,2,10,1,1,1000,1000,1024,10000,5,29,12804.166666666666
4,1,4,1000000,10,1,1000,1000,512,10000,2,29,74.25
2,1,2,10,1,1,1000,1000,1024,10000,5,0,18090.166666666668
4,10,2,1000000,10,0,1,10,512,100,2,0,151.58333333333334
2,1,4,1000000,1,1,1,1000,512,10000,5,0,50.333333333333336
4,1,2,10,10,1,1,10,512,100,5,0,5320.666666666667
2,10,2,10,1,1,1000,10,1024,100,5,29,16302.0
4,1,2,10,1,0,1,10,1024,100,5,0,891.83333333333337
4,1,4,1000000,1,1,1000,10,1024,100,2,29,7.333333333333333
4,1,2,1000000,1,1,1,1000,512,10000,5,29,41.0
2,1,4,10,1,0,1000,1000,1024,10000,2,29,60000.75
2,1,2,10,10,1,1,1000,512,10000,5,0,8731.25
4,1,4,1000000,1,0,1,1000,512,10000,2,0,114.66666666666667
2,1,4,10,10,1,1000,1000,1024,10000,2,29,48382.416666666664
4,1,2,1000000,10,1,1,1000,1024,10000,5,0,82.166666666666671
2,10,4,1000000,1,1,1,1000,1024,10000,2,0,157.33333333333334
2,10,4,1000000,1,0,1,10,512,100,2,0,149.33333333333334
4,1,4,1000000,10,1,1,10,512,100,2,29,333.25
4,10,2,1000000,1,0,1000,10,1024,100,5,29,85.833333333333329
4,10,2,10,1,0,1000,1000,512,10000,5,29,12273.25
4,10,2,10,1,0,1000,1000,1024,10000,5,0,12442.166666666666
4,10,4,10,10,0,1,10,1024,100,5,0,4652.083333333333
4,10,4,10,10,0,1,1000,1024,10000,2,29,8751.0
4,10,2,10,10,1,1,10,512,100,5,0,4990.916666666667
2,10,4,1000000,1,0,1,1000,512,10000,5,29,63.166666666666664
2,10,2,10,1,0,1000,10,1024,100,5,29,16933.916666666668
2,1,2,10,1,0,1000,10,512,100,2,0,49985.416666666664
4,1,2,10,10,0,1000,1000,512,10000,2,29,33173.0
4,1,2,1000000,1,1,1000,1000,1024,10000,5,0,7.916666666666667
4,1,2,10,10,0,1000,10,1024,100,2,0,34393.25
4,10,4,10,10,1,1000,1000,1024,10000,5,29,10082.666666666666
2,10,2,1000000,1,1,1000,1000,512,10000,2,29,305.5
4,10,4,10,1,0,1,10,512,100,5,0,897.83333333333337
4,10,4,1000000,1,1,1,10,1024,100,2,29,140.66666666666666
4,10,2,10,10,1,1,10,1024,100,2,0,8855.0
4,10,4,10,1,1,1000,10,512,100,2,29,44819.333333333336
2,1,4,1000000,1,0,1,1000,1024,10000,2,0,81.0
4,1,4,1000000,1,1,1,10,512,100,2,29,116.83333333333333
2,10,4,10,1,0,1,10,512,100,2,0,919.5
4,1,2,10,1,1,1000,10,1024,100,5,29,13207.583333333334
4,10,2,10,10,1,1,10,1024,100,5,0,4986.5
4,10,4,1000000,10,1,1000,10,512,100,2,29,12.416666666666666
4,1,4,10,10,1,1000,1000,1024,10000,5,29,11138.75
2,1,4,10,10,0,1,10,512,100,5,0,5210.166666666667
4,1,2,10,10,0,1,10,512,100,5,0,2255.25
4,10,2,10,1,0,1000,1000,1024,10000,5,29,12763.083333333334
2,10,4,10,1,0,1,1000,1024,10000,5,0,911.75
4,1,2,1000000,1,1,1000,10,1024,100,2,29,1.4166666666666667
4,10,2,1000000,1,1,1,10,1024,100,2,29,179.16666666666666
2,1,2,1000000,1,1,1000,1000,512,10000,2,29,1.0833333333333333
4,1,4,1000000,10,1,1000,10,1024,100,2,0,49.833333333333336
2,10,2,1000000,1,0,1000,10,512,100,2,29,10.416666666666666
2,1,4,1000000,1,0,1000,10,512,100,2,29,1.75
4,10,2,10,1,1,1,10,512,100,5,0,877.83333333333337
4,1,2,10,1,0,1,1000,1024,10000,5,29,884.91666666666663
2,10,4,10,1,0,1,10,1024,100,2,0,888.0
2,10,4,1000000,1,1,1000,10,512,100,2,29,4.0
4,1,4,1000000,1,1,1000,1000,512,10000,5,0,63.583333333333336
4,10,4,1000000,1,0,1,10,1024,100,5,0,54.0
4,10,4,1000000,10,0,1000,1000,512,10000,2,0,0.41666666666666669
4,10,4,10,10,1,1,1000,512,10000,2,29,8745.1666666666661
4,10,2,1000000,10,1,1,1000,512,10000,5,29,79.583333333333329
2,1,4,10,10,1,1,10,512,100,2,0,9061.0833333333339
2,1,2,10,1,0,1,1000,512,10000,2,0,904.16666666666663
2,10,2,1000000,1,0,1000,1000,512,10000,2,0,22.083333333333332
4,10,4,10,1,0,1000,10,512,100,5,0,12806.583333333334
2,10,4,1000000,1,1,1,10,512,100,5,29,64.166666666666671
2,10,2,10,1,1,1,1000,1024,10000,2,0,904.16666666666663
4,1,2,1000000,1,0,1,10,512,100,2,0,196.33333333333334
4,10,2,1000000,10,0,1,10,512,100,5,0,14.833333333333334
4,1,2,1000000,10,0,1,1000,512,10000,2,29,379.33333333333331
4,10,4,1000000,1,1,1000,10,1024,100,5,29,17.416666666666668
4,10,4,1000000,1,0,1000,1000,1024,10000,5,0,10.833333333333334
4,10,4,1000000,1,1,1000,1000,512,10000,2,29,3.9166666666666665
2,10,2,10,10,0,1,1000,1024,10000,2,29,9105.75
4,10,2,1000000,10,1,1000,10,512,100,2,29,3.3333333333333335
4,1,2,10,10,1,1,1000,1024,10000,2,29,8879.25
4,10,2,10,10,0,1,1000,512,10000,2,29,8864.1666666666661
2,1,2,10,1,0,1,1000,1024,10000,5,0,928.25
2,10,2,10,10,1,1000,1000,1024,10000,5,0,16739.083333333332
2,1,2,1000000,1,0,1,1000,1024,10000,5,0,48.166666666666664
4,1,2,10,1,1,1,10,1024,100,5,0,886.25
4,10,2,10,1,0,1000,10,512,100,2,29,38022.083333333336
4,1,4,10,1,1,1000,1000,512,10000,2,0,44664.75
4,1,2,10,10,1,1000,10,512,100,5,29,12747.5
2,1,4,10,10,1,1000,1000,512,10000,2,0,48611.166666666664
2,10,4,10,1,0,1,10,1024,100,5,0,915.08333333333337
4,1,2,10,1,1,1000,10,512,100,2,29,29332.666666666668
2,10,4,1000000,1,1,1,1000,512,10000,2,29,153.0
2,10,2,10,10,1,1,10,512,100,2,29,9157.8333333333339
4,1,2,1000000,10,1,1,10,1024,100,2,29,310.16666666666669
2,10,2,10,10,0,1000,1000,1024,10000,5,0,18629.0
4,10,2,1000000,1,1,1000,1000,1024,10000,5,29,1.0
4,1,2,10,10,1,1000,10,1024,100,5,0,12748.083333333334
4,1,4,1000000,1,0,1,10,512,100,2,0,118.66666666666667
2,10,2,10,1,1,1,1000,512,10000,2,29,913.66666666666663
4,10,2,1000000,1,1,1000,10,512,100,2,29,6.083333333333333
2,1,2,10,1,0,1000,1000,512,10000,5,29,18180.25
4,10,2,10,10,0,1,1000,1024,10000,5,0,5003.166666666667
2,1,2,10,1,0,1000,1000,1024,10000,2,0,50917.666666666664
4,1,4,10,1,0,1000,10,512,100,2,29,45158.166666666664
2,10,4,1000000,1,0,1,1000,1024,10000,2,0,156.66666666666666
4,1,2,1000000,10,1,1,1000,512,10000,2,29,308.58333333333331
4,1,2,10,1,0,1000,10,1024,100,5,0,14392.833333333334
4,1,4,10,10,0,1,10,512,100,2,29,8882.6666666666661
4,1,2,1000000,1,1,1,10,1024,100,2,0,192.33333333333334
2,10,4,10,10,0,1000,10,512,100,2,29,46739.166666666664
2,10,4,10,1,1,1,10,512,100,5,29,916.08333333333337
4,1,2,10,10,0,1000,10,512,100,5,29,12799.333333333334
4,10,2,1000000,1,1,1000,10,1024,100,2,29,4.25
2,1,2,10,10,0,1,1000,512,10000,5,0,4894.083333333333
2,1,2,10,10,0,1,1000,1024,10000,2,29,9165.3333333333339
2,10,2,10,10,1,1,10,1024,100,5,0,8281.9166666666661
4,10,2,1000000,1,1,1,1000,1024,10000,5,0,53.166666666666664
4,10,4,10,10,1,1,10,1024,100,5,29,4791.083333333333
2,10,2,10,10,0,1,10,1024,100,2,29,9100.1666666666661
2,10,2,10,1,1,1000,1000,1024,10000,2,0,46684.083333333336
4,1,4,10,10,0,1,1000,1024,10000,2,0,8855.5833333333339
4,1,4,10,1,0,1,1000,512,10000,5,29,899.5
2,1,2,10,10,0,1,10,1024,100,2,29,9123.3333333333339
2,1,4,10,1,1,1000,10,512,100,5,29,23231.416666666668
4,1,4,10,1,0,1,1000,1024,10000,5,0,888.58333333333337
2,10,2,10,10,0,1,10,1024,100,5,29,8358.1666666666661
2,1,4,10,10,0,1,1000,512,10000,2,0,9170.5833333333339
4,1,2,10,10,0,1,1000,512,10000,5,29,5372.75
4,10,4,10,1,0,1,10,512,100,2,0,906.16666666666663
2,10,4,10,1,1,1000,1000,512,10000,5,0,18728.75
4,1,2,1000000,1,1,1,1000,512,10000,2,29,197.83333333333334
2,10,4,1000000,1,0,1000,10,512,100,5,0,2.5
4,10,2,1000000,1,1,1,1000,512,10000,2,0,182.16666666666666
2,10,4,1000000,1,0,1,10,512,100,2,29,149.5
2,1,2,10,1,1,1000,1000,512,10000,5,29,18783.0
4,10,4,10,10,1,1000,10,512,100,5,29,12062.666666666666
2,10,4,10,1,0,1000,10,512,100,5,0,18590.5
4,1,4,1000000,1,0,1000,1000,1024,10000,5,29,0.91666666666666663
2,1,2,1000000,1,0,1,1000,512,10000,5,0,0.083333333333333329
2,10,4,1000000,1,0,1000,1000,1024,10000,5,0,3.75
2,10,2,10,1,0,1,10,1024,100,2,0,912.33333333333337
4,10,4,10,10,1,1,10,1024,100,2,29,8857.25
2,1,2,10,1,1,1000,10,1024,100,5,29,18046.916666666668
4,10,4,10,1,0,1,10,1024,100,2,29,906.0
4,10,4,1000000,1,0,1,10,512,100,5,29,58.166666666666664
2,10,2,1000000,1,0,1000,1000,1024,10000,2,29,17.5
2,10,2,10,10,1,1000,1000,512,10000,2,29,47337.833333333336
4,1,4,1000000,1,0,1,1000,512,10000,5,29,53.166666666666664
4,1,4,10,10,0,1,10,512,100,5,0,4957.833333333333
2,10,4,10,1,0,1,1000,1024,10000,2,0,905.08333333333337
4,1,4,10,1,0,1000,1000,1024,10000,5,0,14841.5
4,1,2,10,10,0,1000,1000,512,10000,5,29,12236.333333333334
2,1,2,10,1,0,1000,10,512,100,5,0,11031.916666666666
4,1,2,10,1,0,1000,10,512,100,5,29,13669.416666666666
4,1,2,10,10,1,1000,10,1024,100,5,29,12844.083333333334
2,1,2,10,10,0,1000,1000,1024,10000,2,29,45184.666666666664
2,10,2,10,1,0,1000,1000,1024,10000,2,0,48611.25
2,10,2,1000000,1,1,1,10,512,100,2,0,154.0
2,1,4,1000000,1,1,1,10,1024,100,5,29,0.083333333333333329
4,10,2,10,1,1,1,10,1024,100,2,29,899.0
4,10,2,1000000,1,1,1,10,512,100,5,29,48.833333333333336
2,1,4,10,10,0,1000,10,512,100,5,0,10543.5
4,10,4,10,1,1,1,10,1024,100,2,29,892.58333333333337
2,1,2,1000000,1,1,1,10,512,100,2,29,82.0
4,1,4,10,1,0,1,10,1024,100,2,29,907.66666666666663
4,1,4,10,1,0,1,10,512,100,2,29,918.25
4,10,4,10,10,0,1,10,512,100,2,29,8593.9166666666661
2,10,2,1000000,1,0,1,1000,512,10000,5,0,0.083333333333333329
4,1,2,10,1,1,1,1000,1024,10000,2,0,912.08333333333337
2,1,2,10,1,0,1000,10,1024,100,2,29,49097.916666666664
2,1,4,10,10,0,1000,10,512,100,2,0,29165.25
4,10,2,10,1,1,1000,1000,1024,10000,2,0,36942.833333333336
4,1,4,1000000,10,1,1,10,512,100,2,0,342.83333333333331
4,10,4,10,10,0,1000,1000,512,10000,5,29,11964.0
4,10,2,1000000,1,0,1000,10,512,100,2,0,93.083333333333329
2,10,2,10,1,0,1,1000,1024,10000,2,0,896.66666666666663
2,10,2,10,1,0,1000,1000,512,10000,2,29,47927.0
2,10,2,10,1,0,1,1000,1024,10000,5,0,910.0
4,1,4,1000000,1,0,1,10,512,100,2,29,122.5
4,1,2,10,1,0,1000,1000,512,10000,5,0,5370.5
4,1,2,1000000,1,0,1,10,1024,100,5,0,40.333333333333336
4,10,2,10,1,1,1,1000,1024,10000,2,29,875.91666666666663
2,1,2,1000000,1,0,1,1000,1024,10000,2,0,88.833333333333329
4,1,4,10,10,0,1,1000,512,10000,5,0,4986.0
2,10,2,1000000,1,0,1,1000,1024,10000,2,0,155.5
2,1,2,10,10,1,1,10,512,100,2,0,9121.9166666666661
2,1,4,10,1,0,1,10,512,100,5,0,920.83333333333337
2,1,2,10,10,0,1,1000,512,10000,5,29,8657.4166666666661
4,1,2,1000000,1,1,1,10,512,100,5,0,42.0
4,1,2,10,1,0,1,1000,1024,10000,2,29,888.41666666666663
4,1,2,1000000,10,0,1,10,1024,100,5,29,69.916666666666671
2,10,2,10,10,0,1000,1000,512,10000,5,29,17955.916666666668
4,1,4,10,10,1,1000,10,1024,100,5,29,11292.5
4,10,4,10,10,0,1000,1000,1024,10000,2,29,23759.833333333332
2,10,4,10,1,0,1,1000,512,10000,5,0,916.16666666666663
2,1,2,10,1,0,1000,10,512,100,2,29,50564.916666666664
4,10,2,10,1,0,1000,1000,512,10000,5,0,12659.916666666666
2,10,2,10,1,0,1000,10,1024,100,2,0,47050.833333333336
2,10,4,10,1,1,1,1000,512,10000,5,0,903.5
4,1,2,10,1,0,1,10,512,100,2,0,873.75
4,1,2,10,10,0,1000,1000,1024,10000,2,29,32219.416666666668
2,1,4,10,10,0,1,1000,1024,10000,2,29,9126.0833333333339
4,1,2,1000000,10,0,1000,10,1024,100,2,0,39.416666666666664
2,1,4,1000000,1,0,1,10,512,100,2,0,84.833333333333329
2,1,2,1000000,1,1,1,1000,1024,10000,2,29,82.666666666666671
4,1,4,10,1,0,1,10,512,100,5,29,903.41666666666663
4,10,2,10,10,0,1,1000,1024,10000,5,29,4925.5
4,10,4,1000000,10,1,1000,10,1024,100,5,29,12.333333333333334
2,10,4,10,1,0,1000,10,1024,100,2,29,53477.25
2,1,4,10,10,1,1,1000,512,10000,2,0,9193.5833333333339
2,1,4,10,1,1,1000,1000,512,10000,5,29,23779.333333333332
4,10,2,1000000,10,0,1000,1000,1024,10000,2,29,8.75
2,10,2,1000000,1,0,1000,10,512,100,5,29,101.08333333333333
4,1,2,10,1,1,1,1000,512,10000,5,29,855.91666666666663
4,1,2,1000000,1,0,1,1000,512,10000,2,0,191.5
4,1,2,10,1,0,1,1000,512,10000,5,0,893.66666666666663
4,10,2,10,10,0,1,1000,512,10000,2,0,8838.5
4,10,4,1000000,1,0,1000,1000,512,10000,5,0,72.416666666666671
4,10,2,1000000,1,0,1,1000,512,10000,5,0,50.333333333333336
4,10,4,10,10,1,1,1000,1024,10000,2,0,8801.3333333333339
2,1,2,10,1,0,1000,10,1024,100,5,29,18237.5
4,1,2,10,10,1,1000,1000,1024,10000,5,0,12329.75
2,10,4,1000000,1,0,1,10,1024,100,2,0,157.5
4,1,2,10,10,0,1,10,512,100,2,0,8896.8333333333339
2,1,2,10,10,1,1000,10,512,100,5,29,20405.5
4,1,2,10,1,0,1,1000,512,10000,2,29,906.08333333333337
4,1,2,10,10,0,1000,1000,1024,10000,5,29,13393.666666666666
2,1,4,1000000,1,1,1,1000,1024,10000,2,29,86.833333333333329
2,10,2,1000000,1,0,1000,1000,512,10000,5,0,73.083333333333329
2,10,4,10,10,0,1000,10,512,100,5,29,19585.833333333332
2,1,4,1000000,1,1,1,10,1024,100,2,29,84.5
2,10,2,10,10,0,1,10,1024,100,5,0,8232.6666666666661
4,1,2,10,10,1,1,1000,1024,10000,5,29,5270.583333333333
2,10,4,1000000,1,0,1,10,1024,100,5,29,62.833333333333336
4,10,4,10,10,1,1000,1000,1024,10000,2,0,27345.75
4,10,4,10,10,0,1,1000,512,10000,5,29,4770.083333333333
4,10,2,1000000,1,0,1,1000,512,10000,2,29,178.33333333333334
2,10,2,10,10,0,1000,10,512,100,2,0,49802.083333333336
4,1,4,10,10,1,1000,10,512,100,2,0,29889.166666666668
2,1,2,1000000,1,0,1000,1000,512,10000,2,0,157.83333333333334
2,10,4,1000000,1,1,1,1000,512,10000,2,0,152.16666666666666
4,10,4,10,10,1,1000,10,1024,100,2,0,24666.166666666668
4,1,2,10,10,1,1000,10,1024,100,2,0,33173.666666666664
2,10,4,10,10,1,1000,10,1024,100,2,0,45385.916666666664
4,1,4,10,1,1,1,1000,1024,10000,5,0,871.91666666666663
2,10,2,10,10,1,1000,10,512,100,2,29,45358.083333333336
4,10,4,10,10,1,1000,10,1024,100,5,29,11099.25
2,1,2,10,1,1,1,10,512,100,5,0,917.5
4,1,2,10,10,1,1000,1000,512,10000,2,0,31748.416666666668
2,10,2,10,10,0,1000,10,1024,100,5,29,16981.916666666668
2,1,2,10,1,1,1,1000,1024,10000,5,0,922.58333333333337
2,10,4,1000000,1,0,1000,1000,1024,10000,5,29,3.9166666666666665
4,1,4,10,1,0,1000,10,1024,100,2,29,44964.416666666664
2,1,2,10,10,0,1000,10,512,100,5,29,19336.25
4,1,2,10,10,1,1,10,512,100,2,0,8806.9166666666661
2,1,4,1000000,1,1,1,1000,512,10000,5,29,53.5
4,1,2,10,1,1,1,1000,1024,10000,5,29,889.58333333333337
4,10,4,1000000,1,0,1,1000,512,10000,2,0,143.0
4,10,4,1000000,1,0,1,10,512,100,2,0,137.83333333333334
4,10,4,1000000,1,1,1,10,512,100,2,0,141.66666666666666
4,1,4,10,10,1,1000,1000,1024,10000,2,0,27924.666666666668
4,10,4,10,10,1,1000,1000,1024,10000,5,0,10381.75
2,10,4,10,10,0,1000,10,1024,100,5,0,20450.5
4,1,4,10,10,0,1000,1000,1024,10000,2,0,28181.583333333332
4,1,2,10,10,1,1000,1000,512,10000,5,29,12638.666666666666
4,1,4,1000000,1,1,1,10,512,100,5,0,49.333333333333336
2,10,4,10,10,0,1000,1000,1024,10000,2,29,44795.5
4,10,4,1000000,10,0,1000,10,1024,100,2,0,9.3333333333333339
2,10,4,1000000,1,0,1000,10,512,100,2,0,0.25
4,10,2,1000000,10,0,1,1000,512,10000,5,29,37.75
2,1,2,10,10,1,1000,1000,1024,10000,2,0,47639.416666666664
4,1,2,1000000,10,0,1000,10,512,100,2,29,159.75
2,10,4,10,10,1,1,1000,1024,10000,5,0,8170.25
4,1,4,10,1,0,1,10,1024,100,5,29,900.41666666666663
2,1,4,10,1,0,1000,10,1024,100,2,29,60274.583333333336
4,10,2,10,10,1,1000,10,1024,100,2,0,30862.916666666668
4,1,2,10,10,0,1000,10,512,100,2,29,33954.916666666664
4,10,2,10,1,0,1000,10,1024,100,5,29,12002.416666666666
4,10,4,10,1,1,1000,1000,1024,10000,5,29,13473.666666666666
4,10,2,1000000,1,0,1000,1000,512,10000,5,29,8.5833333333333339
2,10,4,10,10,1,1000,1000,512,10000,2,29,45089.5
2,1,4,10,1,1,1000,10,1024,100,2,29,58318.0
2,1,4,1000000,1,1,1,10,512,100,2,0,80.166666666666671
2,1,2,1000000,1,0,1000,1000,512,10000,5,0,8.8333333333333339
2,1,4,10,10,1,1000,10,512,100,2,29,48685.0
4,1,4,10,10,1,1000,10,1024,100,2,0,28133.416666666668
4,1,2,1000000,1,0,1,1000,1024,10000,5,29,37.833333333333336
2,1,2,10,1,1,1000,10,512,100,5,29,18439.833333333332
4,1,4,10,1,1,1000,10,1024,100,2,29,45073.0
4,1,4,10,1,0,1000,10,1024,100,5,29,15182.25
2,10,4,10,1,1,1,10,512,100,2,29,901.66666666666663
4,1,2,1000000,10,1,1,1000,1024,10000,5,29,4.75
2,10,4,10,1,1,1000,10,1024,100,2,29,52501.833333333336
2,1,2,10,1,0,1000,1000,1024,10000,5,0,18694.5
4,1,4,1000000,10,0,1,1000,1024,10000,5,0,29.083333333333332
4,10,2,10,1,1,1000,10,512,100,5,0,12156.5
2,1,4,10,1,1,1000,1000,1024,10000,5,29,22650.25
2,1,4,10,1,1,1,1000,1024,10000,5,0,910.16666666666663
4,10,2,10,10,1,1000,10,512,100,2,29,32097.0
4,10,2,10,10,1,1,10,512,100,2,0,8876.5
4,10,2,1000000,1,1,1000,10,512,100,2,0,438.33333333333331
2,1,4,10,10,0,1,10,1024,100,2,29,9192.9166666666661
4,1,2,1000000,1,1,1000,10,1024,100,2,0,312.41666666666669
4,10,4,1000000,1,1,1000,10,512,100,2,0,443.33333333333331
4,10,2,10,1,0,1,1000,512,10000,5,0,890.5
4,10,4,10,1,1,1,10,1024,100,5,29,884.75
2,1,4,10,1,0,1,10,1024,100,5,29,932.0
4,1,2,10,1,0,1000,10,512,100,2,29,29091.083333333332
2,10,4,10,1,0,1000,1000,512,10000,5,0,18176.833333333332
2,10,4,10,10,1,1,1000,512,10000,5,0,8244.0
2,1,2,10,10,0,1,10,512,100,2,29,9135.5
2,1,2,10,10,0,1000,1000,512,10000,5,0,10618.75
2,1,2,10,1,0,1,10,1024,100,2,29,901.58333333333337
4,10,4,10,10,1,1000,1000,512,10000,5,0,11117.75
4,10,4,1000000,10,0,1000,1000,512,10000,5,0,0.91666666666666663
2,10,4,1000000,1,0,1000,1000,512,10000,5,0,59.166666666666664
2,1,4,10,1,1,1000,1000,1024,10000,5,0,22712.583333333332
4,10,4,1000000,10,0,1,1000,512,10000,5,29,0.25
4,1,4,10,10,1,1,10,512,100,2,0,8943.6666666666661
4,1,4,10,10,1,1000,10,1024,100,5,0,11080.833333333334
2,10,4,10,10,0,1000,10,512,100,5,0,19705.833333333332
4,10,2,10,10,0,1000,10,1024,100,5,29,12115.0
2,1,2,10,1,0,1,10,512,100,2,0,925.25
2,10,2,10,1,1,1,1000,1024,10000,2,29,905.58333333333337
2,10,4,10,10,1,1000,1000,512,10000,5,29,19925.083333333332
4,10,4,10,1,0,1000,10,512,100,5,29,13045.75
4,1,2,10,1,1,1,10,1024,100,5,29,883.08333333333337
4,10,4,10,1,1,1000,10,512,100,5,0,12907.666666666666
4,10,2,10,10,1,1000,10,512,100,5,0,12030.333333333334
4,10,4,10,1,1,1,1000,1024,10000,5,29,897.58333333333337
4,10,4,10,1,0,1,10,512,100,2,29,908.75
2,1,4,1000000,1,0,1,10,512,100,5,29,50.833333333333336
4,1,4,1000000,10,0,1,1000,1024,10000,2,29,355.91666666666669
2,10,2,1000000,1,1,1000,1000,1024,10000,2,29,29.0
4,10,2,10,1,1,1000,10,512,100,5,29,12594.5
2,10,4,10,1,1,1000,10,512,100,5,0,18072.166666666668
4,1,4,10,1,0,1,1000,512,10000,2,0,917.91666666666663
4,10,4,10,1,1,1,1000,512,10000,5,29,867.33333333333337
4,1,4,10,1,0,1000,10,1024,100,5,0,14876.833333333334
2,1,4,10,1,1,1000,10,1024,100,5,0,23319.166666666668
4,10,4,10,1,1,1,1000,512,10000,2,29,901.91666666666663
4,1,4,10,10,1,1,10,512,100,5,29,5037.333333333333
2,10,4,1000000,1,1,1,10,1024,100,5,29,62.166666666666664
4,10,2,10,1,1,1,10,1024,100,5,29,847.66666666666663
4,10,4,10,10,0,1,1000,1024,10000,5,29,4889.416666666667
4,1,2,1000000,10,0,1000,1000,512,10000,2,0,6.5
4,1,4,1000000,10,0,1,1000,512,10000,2,29,337.75
4,10,4,10,10,0,1,1000,512,10000,2,0,8761.25
4,10,4,10,1,1,1000,1000,512,10000,5,29,12908.75
2,10,2,10,10,0,1,1000,512,10000,5,29,8171.583333333333
2,10,4,10,10,1,1000,10,512,100,5,29,20697.5
4,1,4,1000000,10,1,1,1000,512,10000,2,29,433.83333333333331
2,10,2,1000000,1,0,1,10,1024,100,2,0,157.66666666666666
2,1,2,10,10,0,1000,1000,512,10000,5,29,20223.083333333332
4,10,4,10,10,1,1,10,512,100,5,29,4857.166666666667
2,10,2,1000000,1,0,1,1000,1024,10000,2,29,156.33333333333334
2,10,2,1000000,1,1,1,1000,512,10000,5,0,62.333333333333336
2,10,2,10,10,0,1,10,512,100,2,0,9151.4166666666661
4,10,4,10,1,0,1000,1000,1024,10000,2,0,43086.916666666664
4,1,4,1000000,10,1,1,10,1024,100,2,29,346.16666666666669
4,1,4,10,10,1,1,10,1024,100,2,0,8879.3333333333339
4,10,2,10,1,1,1,1000,512,10000,2,0,895.16666666666663
4,1,4,10,10,0,1000,10,1024,100,5,0,11515.166666666666
4,10,4,1000000,1,1,1,1000,512,10000,2,29,143.33333333333334
2,10,4,10,10,0,1,1000,1024,10000,5,0,8207.8333333333339
4,1,4,10,1,0,1,10,512,100,5,0,903.16666666666663
2,1,2,1000000,1,1,1,10,512,100,5,0,50.5
2,1,2,10,1,0,1,10,512,100,2,29,920.33333333333337
2,1,2,10,1,1,1,1000,512,10000,5,0,904.0
2,10,4,10,10,1,1000,10,1024,100,5,29,19556.083333333332
2,1,4,10,1,0,1000,10,512,100,2,0,58598.416666666664
2,10,2,10,1,0,1000,10,512,100,5,0,16712.583333333332
4,10,4,10,10,1,1000,10,512,100,2,0,26141.0
2,10,4,10,1,0,1,1000,1024,10000,2,29,904.08333333333337
4,1,4,10,10,1,1,1000,1024,10000,2,0,8807.8333333333339
2,1,4,10,10,1,1000,1000,512,10000,5,29,18577.833333333332
2,1,2,10,10,0,1000,1000,1024,10000,5,29,20413.333333333332
2,10,2,10,1,1,1000,10,512,100,5,29,16855.0
4,10,2,10,10,0,1,1000,1024,10000,2,0,8678.75
4,10,4,1000000,10,0,1,10,1024,100,2,29,4.25
4,1,2,10,10,1,1,10,1024,100,2,0,8747.5
2,10,2,1000000,1,1,1,1000,1024,10000,5,0,0.083333333333333329
2,10,4,10,10,0,1,10,1024,100,2,0,9142.0833333333339
2,10,2,1000000,1,0,1,10,512,100,5,29,63.5
2,10,4,10,1,0,1000,1000,512,10000,2,29,55368.166666666664
4,10,4,1000000,1,0,1000,10,1024,100,5,29,7.083333333333333
2,10,4,1000000,1,1,1,1000,1024,10000,5,29,64.666666666666671
2,10,4,1000000,1,0,1,10,512,100,5,29,63.833333333333336
4,10,2,1000000,10,1,1,1000,1024,10000,2,0,6.0
2,1,4,10,10,1,1,1000,1024,10000,5,0,8405.9166666666661
4,1,4,10,10,0,1000,10,1024,100,2,29,28029.416666666668
4,10,2,10,10,0,1000,1000,1024,10000,5,0,11723.083333333334
2,10,4,1000000,1,1,1,1000,1024,10000,2,29,151.66666666666666
4,10,4,10,10,0,1,1000,1024,10000,5,0,4806.916666666667
2,1,4,10,10,0,1,10,1024,100,5,0,8488.5
4,10,4,1000000,1,0,1000,10,512,100,2,29,99.583333333333329
4,1,4,10,1,1,1,10,1024,100,5,0,885.58333333333337
4,10,2,10,10,1,1,1000,1024,10000,5,29,5042.583333333333
2,10,4,10,1,1,1,1000,512,10000,2,29,913.25
4,1,2,10,10,0,1,10,1024,100,5,0,5484.416666666667
4,10,2,10,10,0,1,1000,1024,10000,2,29,8670.6666666666661
4,10,4,10,1,0,1000,1000,1024,10000,2,29,43862.083333333336
2,1,2,10,10,0,1000,10,512,100,2,29,44789.583333333336
4,1,2,1000000,10,0,1000,1000,1024,10000,2,0,13.166666666666666
2,1,2,10,10,1,1,10,512,100,5,0,8542.25
4,10,4,1000000,10,0,1000,10,1024,100,2,29,5.5
4,10,4,10,1,1,1,1000,512,10000,2,0,883.58333333333337
2,10,2,10,10,0,1000,10,512,100,2,29,49162.666666666664
4,1,4,1000000,10,0,1,10,1024,100,5,0,9.9166666666666661
2,1,4,1000000,1,0,1000,1000,1024,10000,5,0,10.25
4,10,4,1000000,10,0,1,1000,512,10000,5,0,1.25
2,10,4,10,1,0,1000,10,512,100,5,29,18469.166666666668
2,10,4,10,1,1,1,10,1024,100,5,0,911.08333333333337
4,1,4,1000000,1,0,1,1000,1024,10000,5,29,48.0
4,1,4,10,10,1,1,1000,1024,10000,5,0,5103.416666666667
2,10,2,10,10,0,1000,1000,512,10000,2,0,46868.0
2,10,2,10,10,0,1,10,512,100,5,0,8380.0
2,1,4,10,1,1,1,1000,512,10000,5,29,920.75
4,10,2,10,10,0,1,1000,512,10000,5,29,4982.083333333333
4,1,2,10,10,1,1000,1000,1024,10000,2,29,32805.5
4,10,2,1000000,1,0,1,10,1024,100,5,29,50.5
4,10,2,10,1,1,1,1000,1024,10000,2,0,895.41666666666663
4,10,2,10,10,1,1000,1000,1024,10000,2,29,31501.666666666668
2,10,4,1000000,1,1,1,10,1024,100,2,0,153.16666666666666
2,1,4,10,1,1,1000,1000,512,10000,2,29,59035.416666666664
2,1,4,10,10,0,1,1000,512,10000,2,29,9143.5833333333339
2,10,4,10,10,0,1000,1000,512,10000,2,29,45499.666666666664
4,10,2,10,10,0,1,10,512,100,5,0,4948.0
2,1,4,10,10,0,1,1000,1024,10000,5,0,8507.5833333333339
4,10,4,1000000,10,0,1000,10,512,100,2,0,13.0
4,10,4,1000000,1,0,1,10,1024,100,2,29,140.83333333333334
2,1,2,10,1,1,1,1000,1024,10000,2,0,912.91666666666663
2,10,2,1000000,1,1,1000,1000,1024,10000,5,0,8.4166666666666661
2,1,4,10,1,1,1,1000,1024,10000,2,0,917.25
2,1,2,10,10,1,1,1000,512,10000,5,29,8787.25
2,1,4,10,10,1,1,10,512,100,5,29,8609.4166666666661
2,10,4,10,10,0,1000,10,1024,100,2,29,46939.916666666664
2,10,4,10,10,1,1,1000,1024,10000,2,0,9132.1666666666661
4,1,2,10,1,1,1000,1000,1024,10000,2,0,28592.75
2,10,2,10,1,0,1000,10,512,100,2,0,45961.666666666664
2,1,2,10,1,1,1000,1000,512,10000,2,29,52250.75
4,10,4,10,10,1,1,10,512,100,5,0,4804.75
2,1,2,1000000,1,1,1000,1000,512,10000,5,0,9.3333333333333339
4,1,2,10,10,1,1,1000,512,10000,2,0,8888.4166666666661
4,10,4,1000000,1,1,1,10,512,100,5,29,0.33333333333333331
2,1,4,10,10,0,1,10,1024,100,2,0,9115.0833333333339
4,1,4,10,10,0,1,10,1024,100,5,29,4930.416666666667
2,1,4,10,10,1,1,1000,512,10000,2,29,9149.4166666666661
2,1,4,1000000,1,1,1000,1000,1024,10000,2,0,5.5
2,10,2,10,1,0,1,1000,1024,10000,5,29,922.0
4,1,4,10,10,1,1000,1000,1024,10000,5,0,11431.916666666666
4,10,4,10,10,0,1,10,512,100,5,0,4778.083333333333
4,10,2,10,10,0,1000,10,512,100,5,29,12233.083333333334
4,1,2,10,1,1,1,10,512,100,2,0,886.33333333333337
4,1,4,10,10,1,1,1000,1024,10000,2,29,8847.3333333333339
2,1,4,10,10,1,1000,1000,512,10000,2,29,46338.416666666664
4,10,2,1000000,10,1,1,1000,1024,10000,2,29,1.0
2,1,4,1000000,1,1,1,1000,1024,10000,5,0,49.333333333333336
2,1,4,10,10,1,1000,10,512,100,5,29,19739.583333333332
4,1,4,10,1,1,1000,10,512,100,2,29,44849.916666666664
4,1,2,10,10,0,1000,1000,1024,10000,5,0,12739.25
4,1,4,1000000,10,1,1,10,1024,100,2,0,431.5
4,1,2,10,10,0,1,10,512,100,5,29,5396.5
4,10,4,10,10,1,1,1000,512,10000,5,0,4806.833333333333
4,1,4,10,1,0,1,10,1024,100,2,0,890.66666666666663
4,1,4,10,1,1,1000,1000,1024,10000,5,0,14684.416666666666
4,1,2,10,1,1,1000,10,512,100,5,0,13964.25
4,10,2,1000000,1,0,1,10,512,100,2,0,175.5
2,1,4,10,10,0,1,10,512,100,2,0,9165.0
4,1,2,10,10,0,1,1000,512,10000,2,29,8861.3333333333339
4,10,4,1000000,1,1,1000,1000,512,10000,5,29,0.083333333333333329
4,10,2,10,1,0,1000,10,1024,100,5,0,12403.25
2,1,2,10,1,0,1000,1000,1024,10000,2,29,50415.25
4,1,4,10,1,1,1000,1000,512,10000,2,29,45683.25
4,10,2,10,10,1,1000,1000,512,10000,2,29,31074.75
4,10,4,1000000,1,0,1,1000,1024,10000,2,29,144.66666666666666
4,1,2,10,1,1,1000,10,1024,100,5,0,12470.583333333334
4,1,4,1000000,10,1,1000,1000,512,10000,2,0,15.333333333333334
4,1,4,10,1,1,1,1000,512,10000,2,29,882.83333333333337
2,1,4,1000000,1,1,1000,10,512,100,2,29,4.75
4,1,4,10,1,1,1000,10,1024,100,5,29,15304.666666666666
2,10,4,10,10,0,1000,1000,512,10000,2,0,47418.583333333336
4,10,2,10,1,0,1000,10,1024,100,2,29,34645.666666666664
4,10,2,1000000,10,0,1,10,1024,100,2,0,4.583333333333333
4,1,2,10,1,1,1000,10,512,100,2,0,29010.833333333332
4,1,4,10,10,1,1000,10,1024,100,2,29,27964.5
2,10,2,1000000,1,1,1,10,1024,100,2,29,149.16666666666666
4,1,4,1000000,1,1,1,1000,1024,10000,2,0,114.33333333333333
2,10,4,10,10,1,1000,1000,512,10000,5,0,20594.833333333332
2,10,2,10,10,1,1000,10,512,100,5,0,19096.25
4,1,2,1000000,1,0,1000,1000,512,10000,5,29,2.0833333333333335
4,1,4,10,10,0,1000,10,1024,100,5,29,11445.25
2,10,2,1000000,1,0,1,1000,512,10000,5,29,62.0
4,10,2,10,10,0,1000,10,1024,100,5,0,12337.083333333334
2,1,4,1000000,1,0,1,10,1024,100,2,29,86.0
2,10,4,10,1,0,1000,1000,1024,10000,2,29,57806.916666666664
2,10,4,10,1,1,1000,10,512,100,2,0,54573.166666666664
2,1,4,10,1,0,1000,10,1024,100,5,29,22819.25
2,10,4,1000000,1,0,1000,10,1024,100,5,0,10.916666666666666
4,1,2,10,1,0,1,1000,1024,10000,5,0,905.83333333333337
4,1,4,1000000,1,1,1,1000,1024,10000,5,0,55.0
4,10,2,1000000,1,0,1,10,1024,100,5,0,54.166666666666664
2,1,2,10,10,0,1000,1000,512,10000,2,29,47315.916666666664
4,10,4,10,1,1,1000,1000,1024,10000,5,0,13396.416666666666
4,10,2,1000000,10,0,1,10,1024,100,5,0,49.916666666666664
2,10,4,10,1,1,1,10,1024,100,2,0,904.25
4,10,2,10,1,0,1,1000,512,10000,2,29,886.25
4,10,4,1000000,1,0,1000,10,1024,100,2,0,3.0
4,1,2,10,1,1,1000,1000,512,10000,5,29,13875.666666666666
2,10,2,10,10,0,1000,1000,512,10000,2,29,44539.083333333336
4,10,2,10,1,0,1,10,512,100,2,29,898.08333333333337
4,1,2,10,1,1,1,1000,1024,10000,2,29,904.33333333333337
4,1,2,10,1,0,1,1000,1024,10000,2,0,919.5
4,10,4,1000000,1,0,1,1000,512,10000,5,0,53.666666666666664
2,10,2,10,1,1,1000,1000,512,10000,2,29,48584.5
2,1,4,10,10,0,1,10,1024,100,5,29,8387.4166666666661
4,10,2,1000000,1,0,1,10,512,100,2,29,182.5
4,10,4,10,1,0,1000,1000,512,10000,2,29,43409.666666666664
2,1,4,1000000,1,0,1000,1000,512,10000,2,0,18.666666666666668
2,1,2,1000000,1,0,1000,10,1024,100,5,29,2.6666666666666665
2,1,2,10,1,0,1000,10,512,100,5,29,17483.5
4,10,4,1000000,10,0,1,10,1024,100,5,29,1.25
4,1,4,10,1,1,1,1000,1024,10000,2,0,903.75
4,10,4,10,1,0,1,1000,1024,10000,2,0,883.5
2,1,2,1000000,1,1,1,10,512,100,2,0,86.166666666666671
4,1,4,1000000,10,0,1,10,1024,100,2,29,331.83333333333331
2,10,4,10,10,1,1000,1000,1024,10000,2,0,46678.666666666664
2,1,2,10,1,1,1000,10,1024,100,5,0,17812.25
2,10,4,1000000,1,0,1000,10,1024,100,2,29,39.083333333333336
2,10,4,10,10,1,1000,1000,1024,10000,2,29,47036.75
4,1,2,1000000,1,1,1,1000,512,10000,2,0,195.5
2,10,2,1000000,1,1,1,10,512,100,5,0,68.166666666666671
2,10,2,1000000,1,0,1000,1000,1024,10000,5,29,3.25
2,10,4,1000000,1,0,1,1000,1024,10000,5,0,62.666666666666664
2,1,2,10,1,1,1000,1000,1024,10000,2,29,52665.0
4,10,2,10,10,1,1000,1000,512,10000,5,29,11369.916666666666
2,10,4,10,10,0,1,1000,512,10000,5,29,8375.5833333333339
4,1,2,10,1,1,1,10,512,100,5,29,897.08333333333337
4,10,4,1000000,10,1,1,1000,512,10000,2,29,108.58333333333333
2,1,4,10,10,0,1000,1000,512,10000,2,29,47754.416666666664
2,1,4,10,10,1,1,1000,1024,10000,5,29,8481.3333333333339
2,1,2,10,1,1,1000,10,1024,100,2,0,51305.916666666664
4,10,4,1000000,10,1,1000,10,1024,100,2,0,5.0
2,10,2,10,10,1,1000,10,1024,100,2,29,45901.75
2,1,2,10,1,0,1,10,1024,100,5,29,905.08333333333337
4,10,2,10,1,1,1,10,512,100,2,29,889.58333333333337
4,1,4,10,10,0,1000,1000,512,10000,5,29,10926.333333333334
4,10,4,10,10,1,1000,10,1024,100,2,29,24464.166666666668
2,10,2,10,1,0,1,10,1024,100,5,0,900.5
2,10,4,10,10,0,1,1000,512,10000,2,0,9181.6666666666661
2,1,2,10,1,0,1000,10,1024,100,2,0,51863.75
2,1,2,10,1,1,1,1000,1024,10000,5,29,926.91666666666663
4,10,2,10,10,0,1000,10,512,100,2,29,32533.0
4,10,2,1000000,10,1,1,10,512,100,5,0,20.916666666666668
2,1,2,1000000,1,0,1,10,1024,100,2,29,79.0
2,10,4,10,1,1,1,1000,1024,10000,5,29,903.91666666666663
4,10,4,10,1,1,1,10,1024,100,5,0,858.58333333333337
4,10,4,1000000,1,0,1,1000,512,10000,2,29,145.33333333333334
2,10,4,10,10,0,1000,10,512,100,2,0,44019.416666666664
2,10,2,10,1,1,1,1000,512,10000,5,29,902.75
2,10,4,10,10,0,1,1000,512,10000,2,29,9148.25
4,10,2,10,1,1,1000,1000,1024,10000,5,0,12552.666666666666
4,10,2,1000000,1,0,1000,10,1024,100,2,0,5.0
4,10,4,10,10,0,1,10,1024,100,5,29,4816.5
2,1,4,1000000,1,0,1,1000,1024,10000,2,29,88.333333333333329
2,1,4,1000000,1,1,1,1000,512,10000,2,0,84.833333333333329
4,10,4,1000000,1,0,1,10,512,100,2,29,150.16666666666666
4,10,2,1000000,10,0,1,1000,1024,10000,2,29,16.333333333333332
4,1,2,1000000,10,1,1,10,1024,100,5,0,2.5
2,10,4,10,10,0,1000,1000,512,10000,5,29,20898.083333333332
4,1,4,10,1,1,1,1000,512,10000,2,0,922.91666666666663
4,1,2,1000000,10,0,1,1000,1024,10000,2,0,324.66666666666669
2,1,2,10,10,1,1,10,1024,100,2,0,9182.5833333333339
4,1,2,1000000,10,0,1,10,512,100,5,0,43.416666666666664
4,1,4,10,1,1,1000,1000,1024,10000,2,0,44304.916666666664
4,10,2,1000000,1,0,1000,10,512,100,5,29,8.0833333333333339
2,1,2,10,1,0,1,1000,1024,10000,2,29,920.41666666666663
4,10,2,10,10,1,1000,10,1024,100,5,0,11683.083333333334
4,10,2,1000000,1,1,1,10,1024,100,5,0,56.166666666666664
4,10,4,10,10,0,1000,10,512,100,5,29,10745.666666666666
2,10,4,10,10,0,1000,1000,1024,10000,2,0,46022.833333333336
4,1,4,1000000,10,0,1,10,512,100,2,29,343.33333333333331
4,1,2,10,1,0,1,10,1024,100,5,29,886.33333333333337
4,1,4,1000000,1,1,1000,10,1024,100,5,0,7.25
2,1,2,10,1,1,1,1000,512,10000,2,0,919.33333333333337
2,10,2,10,10,0,1000,10,1024,100,2,0,49692.083333333336
4,10,2,10,10,1,1000,1000,1024,10000,5,29,12197.333333333334
4,1,4,1000000,1,0,1000,10,1024,100,2,0,153.33333333333334
4,1,2,1000000,10,1,1000,1000,512,10000,2,0,6.666666666666667
2,10,2,10,1,1,1000,10,512,100,2,29,47319.166666666664
4,1,2,1000000,1,0,1,10,512,100,5,29,39.5
4,10,2,10,10,1,1,10,1024,100,5,29,5025.5
4,1,2,10,1,1,1,1000,512,10000,5,0,889.58333333333337
4,10,4,1000000,1,1,1,10,512,100,5,0,57.0
4,1,4,1000000,10,1,1,10,1024,100,5,29,0.083333333333333329
2,1,4,1000000,1,0,1000,1000,1024,10000,5,29,2.0833333333333335
2,1,2,10,10,1,1000,1000,512,10000,2,0,47642.083333333336
4,10,4,1000000,1,0,1,1000,1024,10000,2,0,144.83333333333334
4,1,4,10,10,0,1000,10,1024,100,2,0,29226.0
4,1,2,10,10,1,1000,1000,512,10000,2,29,32631.083333333332
4,1,2,1000000,1,0,1,1000,512,10000,5,29,45.5
2,1,4,10,10,0,1000,10,1024,100,2,29,46184.166666666664
4,1,4,10,1,0,1000,1000,1024,10000,5,29,15178.333333333334
4,10,4,10,10,0,1,10,512,100,2,0,8574.4166666666661
4,10,2,1000000,1,0,1,10,512,100,5,0,53.333333333333336
4,10,2,10,10,1,1000,1000,1024,10000,5,0,11895.333333333334
2,10,4,1000000,1,1,1000,10,512,100,2,0,48.583333333333336
4,10,2,10,1,0,1,10,1024,100,2,0,904.5
2,10,2,10,10,0,1,10,512,100,5,29,8353.1666666666661
4,10,4,1000000,10,1,1,1000,1024,10000,5,0,27.416666666666668
4,10,2,10,1,1,1000,1000,512,10000,2,0,37639.666666666664
2,1,2,1000000,1,1,1,1000,512,10000,5,0,52.333333333333336
4,1,4,10,10,0,1,1000,1024,10000,5,29,4915.333333333333
4,1,4,1000000,1,0,1,10,512,100,5,0,46.0
2,10,4,1000000,1,1,1000,1000,512,10000,2,29,34.333333333333336
2,10,2,10,10,0,1,1000,1024,10000,2,0,9080.75
2,10,2,10,1,1,1000,10,512,100,5,0,17367.25
2,1,2,10,10,1,1000,10,1024,100,5,29,20843.25
2,10,2,10,10,1,1000,10,512,100,2,0,45665.833333333336
2,1,4,10,1,0,1,10,1024,100,5,0,916.58333333333337
4,1,2,10,1,0,1000,1000,512,10000,2,0,29118.916666666668
2,1,2,10,10,1,1000,10,1024,100,5,0,19653.916666666668
2,1,4,10,10,1,1,1000,1024,10000,2,0,9139.5833333333339
4,10,2,10,1,1,1000,10,1024,100,2,29,36187.25
2,1,4,10,1,0,1000,10,512,100,2,29,59548.666666666664
2,10,2,10,1,0,1000,1000,512,10000,5,0,17310.333333333332
4,10,4,10,1,0,1,1000,512,10000,2,0,919.16666666666663
2,10,4,10,10,0,1,1000,512,10000,5,0,8082.416666666667
2,1,4,10,10,1,1000,10,1024,100,5,0,18855.583333333332
2,1,2,10,10,1,1000,1000,1024,10000,5,29,21072.75
2,10,2,10,10,0,1,1000,512,10000,5,0,8332.0
2,10,4,1000000,1,1,1,10,512,100,2,29,153.0
2,10,2,10,1,0,1,10,512,100,2,29,909.08333333333337
2,1,2,10,1,0,1000,10,1024,100,5,0,18644.5
4,10,4,1000000,1,1,1,1000,1024,10000,5,0,57.833333333333336
4,10,4,1000000,1,0,1000,1000,1024,10000,2,0,107.58333333333333
4,10,2,1000000,10,0,1,10,1024,100,5,29,20.083333333333332
2,10,2,10,10,0,1,1000,512,10000,2,29,9119.9166666666661
4,1,2,10,1,1,1000,10,512,100,5,29,14241.25
2,1,2,10,10,1,1000,1000,1024,10000,2,29,46509.583333333336
4,10,4,1000000,1,1,1,10,512,100,2,29,144.83333333333334
2,1,4,1000000,1,1,1000,10,512,100,5,29,7.333333333333333
2,1,2,10,1,0,1,1000,512,10000,5,0,910.5
4,1,4,10,1,1,1000,1000,512,10000,5,0,14738.916666666666
4,1,2,1000000,10,0,1,10,512,100,2,0,307.41666666666669
4,10,4,10,1,0,1,1000,1024,10000,5,0,894.0
4,1,4,10,10,1,1,1000,1024,10000,5,29,5013.916666666667
4,10,2,1000000,10,0,1000,10,512,100,2,0,3.3333333333333335
2,1,2,10,10,1,1000,10,512,100,2,29,46182.916666666664
2,1,2,1000000,1,1,1000,1000,512,10000,5,29,2.5833333333333335
4,1,4,10,10,0,1000,1000,1024,10000,5,0,11221.25
4,10,2,10,10,0,1000,10,1024,100,2,0,32732.166666666668
4,1,4,1000000,1,1,1,10,1024,100,5,29,50.333333333333336
4,10,4,10,10,1,1,1000,1024,10000,5,29,4819.0
2,10,2,10,10,0,1000,10,512,100,5,29,17169.666666666668
4,10,4,10,1,1,1000,1000,512,10000,2,29,43986.5
4,10,4,10,1,1,1000,10,512,100,5,29,13227.666666666666
4,10,2,10,10,0,1000,10,1024,100,2,29,31797.0
4,1,2,10,10,1,1,1000,1024,10000,2,0,8810.9166666666661
4,1,2,1000000,10,0,1,10,1024,100,2,0,157.0
4,10,4,1000000,1,1,1,1000,1024,10000,5,29,53.166666666666664
4,10,2,1000000,1,0,1,1000,1024,10000,5,29,52.833333333333336
2,10,4,10,1,1,1000,1000,1024,10000,2,29,55459.166666666664
2,1,4,10,10,1,1,1000,512,10000,5,29,8468.5833333333339
2,1,2,10,1,1,1000,10,512,100,2,0,50736.666666666664
4,1,4,10,1,1,1,1000,512,10000,5,29,877.66666666666663
2,1,2,10,1,0,1000,1000,512,10000,5,0,18938.5
2,1,4,10,1,1,1,1000,512,10000,2,0,915.0
2,1,4,10,10,0,1000,10,1024,100,5,0,19548.916666666668
4,10,2,10,1,0,1000,10,512,100,2,0,37677.75
4,10,2,10,10,1,1,10,1024,100,2,29,8792.25
2,1,4,10,10,0,1000,1000,1024,10000,5,29,19254.916666666668
4,1,4,1000000,1,1,1000,1000,1024,10000,5,0,0.16666666666666666
4,10,4,1000000,10,1,1,1000,512,10000,5,29,19.916666666666668
4,1,2,10,10,0,1,10,1024,100,2,0,8833.25
2,10,2,10,1,0,1,10,1024,100,5,29,895.5
4,1,4,10,1,1,1,1000,512,10000,5,0,897.41666666666663
4,1,4,1000000,1,0,1,10,1024,100,2,0,123.16666666666667
4,1,2,10,10,0,1,1000,512,10000,2,0,8786.5833333333339
4,10,4,1000000,1,1,1000,1000,512,10000,5,0,8.0
4,10,4,10,10,1,1000,1000,1024,10000,2,29,24181.666666666668
2,10,2,10,1,0,1,10,512,100,5,29,904.5
2,1,2,1000000,1,0,1,10,1024,100,2,0,79.666666666666671
4,10,2,10,1,0,1,10,512,100,5,0,892.33333333333337
4,1,4,10,1,1,1000,10,512,100,2,0,43741.333333333336
2,10,2,10,10,1,1,1000,512,10000,2,0,9134.4166666666661
2,1,4,1000000,1,0,1000,1000,1024,10000,2,29,40.75
2,1,4,10,1,1,1000,1000,512,10000,2,0,59542.833333333336
4,1,4,10,1,0,1,1000,512,10000,2,29,928.41666666666663
2,10,4,1000000,1,1,1,10,512,100,5,0,62.833333333333336
2,1,4,10,10,1,1000,1000,1024,10000,5,29,19013.333333333332
4,10,4,1000000,10,1,1,1000,1024,10000,5,29,0.25
4,1,4,1000000,10,1,1000,1000,1024,10000,2,29,107.16666666666667
4,10,4,1000000,1,1,1,1000,512,10000,2,0,145.66666666666666
4,10,4,10,10,0,1,1000,512,10000,2,29,8691.25
2,1,2,10,10,0,1000,1000,1024,10000,5,0,20777.75
2,10,2,10,10,1,1,1000,512,10000,2,29,9146.0
2,1,4,1000000,1,1,1,10,1024,100,5,0,52.166666666666664
2,1,2,10,1,0,1000,1000,1024,10000,5,29,19113.666666666668
2,10,2,10,1,0,1000,10,1024,100,2,29,45749.0
4,1,4,10,10,0,1,1000,512,10000,5,29,5040.583333333333
2,10,4,10,1,1,1000,10,512,100,2,29,54963.916666666664
2,1,2,10,10,1,1,1000,1024,10000,2,0,9157.75
2,1,4,10,1,0,1000,1000,1024,10000,2,0,60585.333333333336
2,10,4,10,1,1,1000,10,512,100,5,29,19310.833333333332
4,10,2,1000000,1,1,1,10,512,100,5,0,55.0
4,10,4,10,1,1,1,1000,1024,10000,2,29,897.5
4,1,4,10,1,0,1,1000,1024,10000,5,29,886.16666666666663
4,10,2,10,10,0,1000,1000,1024,10000,2,29,31727.083333333332
4,10,2,1000000,10,1,1,10,1024,100,2,0,148.25
4,1,4,1000000,10,0,1,1000,512,10000,5,29,83.0
2,1,4,10,10,0,1,1000,1024,10000,2,0,9131.5833333333339
2,1,4,10,1,1,1,10,1024,100,5,0,931.08333333333337
4,1,4,1000000,10,0,1,10,512,100,5,29,7.333333333333333
4,1,4,10,10,1,1000,10,512,100,5,0,11181.666666666666
2,1,2,10,1,1,1000,10,512,100,2,29,51596.916666666664
4,1,2,1000000,10,0,1,1000,1024,10000,2,29,320.16666666666669
2,1,4,10,10,1,1,1000,512,10000,5,0,8548.4166666666661
2,10,4,10,10,1,1000,10,1024,100,2,29,45278.25
2,10,4,10,1,0,1000,1000,1024,10000,5,29,18484.75
2,10,2,10,1,1,1000,10,1024,100,5,0,16411.166666666668
4,1,4,1000000,10,1,1,1000,512,10000,5,0,2.75
4,10,2,10,1,0,1,10,1024,100,2,29,895.25
2,10,2,10,1,1,1,10,1024,100,2,0,910.16666666666663
4,1,2,1000000,10,1,1,10,512,100,2,29,164.66666666666666
4,10,2,10,10,0,1000,10,512,100,2,0,31585.666666666668
2,1,4,10,10,0,1000,1000,512,10000,5,29,19191.416666666668
4,1,4,1000000,10,0,1000,1000,1024,10000,2,0,11.833333333333334
2,1,2,1000000,1,0,1000,1000,1024,10000,2,29,19.666666666666668
4,1,4,10,10,0,1000,10,512,100,5,0,3342.9166666666665
2,10,2,10,1,1,1,1000,512,10000,5,0,921.66666666666663
2,10,4,1000000,1,0,1,1000,512,10000,5,0,61.5
4,1,2,1000000,10,1,1,1000,1024,10000,2,0,315.16666666666669
4,1,4,1000000,10,0,1000,10,1024,100,2,29,48.0
2,1,4,10,10,1,1,1000,1024,10000,2,29,9189.5833333333339
2,1,2,10,10,0,1,10,512,100,2,0,9217.4166666666661
2,1,4,10,10,0,1000,1000,512,10000,5,0,19346.083333333332
4,10,2,1000000,10,0,1000,1000,512,10000,5,0,0.91666666666666663
2,10,2,10,1,0,1000,1000,512,10000,2,0,45900.833333333336
2,10,4,10,10,0,1,1000,1024,10000,2,29,9138.25
4,10,4,10,10,1,1000,10,512,100,5,0,11163.5
4,10,4,1000000,1,1,1000,1000,1024,10000,2,29,31.333333333333332
4,10,2,10,1,1,1000,1000,1024,10000,2,29,37798.416666666664
2,10,2,1000000,1,1,1000,10,512,100,5,0,10.0
4,10,2,10,10,1,1,1000,512,10000,2,29,8903.25
4,1,2,1000000,1,1,1000,10,512,100,5,0,8.4166666666666661
2,1,4,1000000,1,0,1,10,1024,100,5,29,52.5
2,1,2,10,10,1,1,1000,1024,10000,5,0,8722.75
2,10,2,10,10,1,1,10,512,100,5,29,8173.25
2,10,2,1000000,1,1,1,10,1024,100,5,29,62.833333333333336
4,1,2,1000000,1,1,1,1000,1024,10000,2,29,203.83333333333334
4,10,2,1000000,1,0,1,1000,1024,10000,5,0,58.333333333333336
2,10,2,10,10,1,1000,10,1024,100,5,0,18132.166666666668
2,1,2,10,1,0,1,10,512,100,5,29,927.41666666666663
2,10,4,1000000,1,0,1,10,1024,100,2,29,153.16666666666666
4,10,2,1000000,10,0,1000,10,1024,100,2,0,23.916666666666668
4,10,4,10,1,1,1,1000,1024,10000,5,0,863.33333333333337
2,1,4,10,10,0,1000,10,1024,100,2,0,48149.583333333336
4,10,2,1000000,1,0,1000,1000,512,10000,2,29,373.83333333333331
2,1,4,10,10,0,1000,10,512,100,2,29,46751.916666666664
4,1,2,10,10,1,1000,10,512,100,2,0,33011.083333333336
4,1,4,1000000,1,0,1,10,1024,100,5,29,49.166666666666664
4,1,4,10,1,1,1,1000,1024,10000,5,29,884.5
2,10,4,1000000,1,0,1,10,1024,100,5,0,64.833333333333329
2,1,2,10,10,1,1000,10,1024,100,2,29,46982.666666666664
2,1,4,10,1,0,1000,1000,512,10000,2,0,60504.916666666664
2,1,4,1000000,1,1,1,10,512,100,5,0,0.083333333333333329
2,1,4,1000000,1,0,1000,10,1024,100,5,0,0.66666666666666663
2,1,2,10,10,0,1,1000,1024,10000,2,0,9151.1666666666661
2,10,4,10,1,1,1,1000,1024,10000,2,0,904.66666666666663
2,10,2,10,10,1,1000,10,512,100,5,29,16348.583333333334
4,1,4,1000000,1,0,1,1000,512,10000,2,29,115.66666666666667
2,10,4,10,10,1,1000,10,512,100,2,0,44758.916666666664
2,1,2,10,1,0,1,1000,1024,10000,5,29,914.75
4,10,4,1000000,1,0,1000,10,1024,100,2,29,434.75
2,1,4,1000000,1,0,1,1000,512,10000,5,0,47.166666666666664
2,1,4,10,1,0,1000,10,512,100,5,0,22874.583333333332
4,1,4,1000000,10,1,1000,10,1024,100,2,29,34.166666666666664
4,1,4,1000000,1,1,1,10,1024,100,5,0,52.666666666666664
2,10,4,1000000,1,0,1,1000,512,10000,2,0,152.33333333333334
4,1,2,1000000,1,1,1000,10,512,100,2,29,1.0833333333333333
2,10,2,10,10,1,1000,1000,512,10000,5,0,18818.833333333332
4,10,4,1000000,1,1,1000,10,1024,100,5,0,8.0833333333333339
2,10,2,10,1,0,1000,1000,1024,10000,5,29,17350.0
2,10,2,10,10,0,1,10,512,100,2,29,9107.0833333333339
2,10,2,10,1,1,1000,10,1024,100,2,29,47189.833333333336
4,1,2,10,1,1,1000,1000,512,10000,5,0,13674.166666666666
2,10,2,10,1,0,1,1000,1024,10000,2,29,904.41666666666663
2,1,4,1000000,1,1,1,10,512,100,5,29,50.666666666666664
4,1,4,10,1,0,1,10,512,100,2,0,524.75
2,10,4,10,10,0,1000,10,1024,100,2,0,45415.666666666664
4,10,4,1000000,1,1,1000,10,1024,100,2,29,352.16666666666669
4,10,4,1000000,10,1,1,10,1024,100,5,29,22.25
2,1,4,10,10,0,1,1000,1024,10000,5,29,8491.8333333333339
2,1,4,10,10,1,1,10,1024,100,5,0,8423.75
4,10,4,1000000,1,1,1000,1000,512,10000,2,0,10.75
2,10,2,10,10,1,1000,10,1024,100,2,0,47636.166666666664
4,1,2,10,10,0,1000,10,1024,100,2,29,33157.416666666664
4,10,4,1000000,1,0,1,1000,1024,10000,5,0,56.166666666666664
4,1,2,1000000,10,0,1,10,512,100,5,29,0.58333333333333337
2,10,4,10,1,0,1000,10,1024,100,2,0,53784.916666666664
2,10,4,10,10,1,1,10,512,100,5,0,8281.9166666666661
2,1,2,10,10,1,1,10,512,100,5,29,8549.4166666666661
2,10,4,1000000,1,1,1000,1000,512,10000,5,29,6.833333333333333
2,10,2,1000000,1,1,1,10,1024,100,2,0,155.0
4,10,4,10,10,0,1000,1000,512,10000,2,0,24031.666666666668
2,1,4,1000000,1,0,1000,1000,1024,10000,2,0,5.5
4,1,2,10,10,1,1000,10,1024,100,2,29,31695.75
4,10,2,1000000,1,0,1000,1000,512,10000,2,0,11.25
4,10,2,10,10,0,1,10,512,100,2,29,8840.75
4,1,2,10,10,0,1,10,1024,100,2,29,8870.0
2,1,2,10,10,0,1,1000,512,10000,2,0,9125.25
4,1,2,1000000,1,1,1,10,512,100,2,29,196.66666666666666
4,1,2,10,1,0,1,10,512,100,5,29,880.66666666666663
4,10,4,10,1,0,1000,10,1024,100,5,29,13406.416666666666
2,10,2,10,10,0,1000,1000,512,10000,5,0,16843.916666666668
4,1,2,1000000,1,0,1000,10,512,100,5,29,9.4166666666666661
4,1,2,1000000,1,1,1,1000,1024,10000,5,0,43.166666666666664
4,1,4,10,10,0,1000,1000,1024,10000,2,29,28335.916666666668
2,1,4,10,1,1,1,10,512,100,5,0,908.91666666666663
2,1,4,10,1,1,1000,10,512,100,2,0,60401.333333333336
4,10,4,10,1,0,1,1000,512,10000,5,0,881.66666666666663
4,10,2,1000000,1,1,1,10,512,100,2,29,179.16666666666666
2,1,4,10,1,1,1000,10,1024,100,5,29,22871.083333333332
2,1,4,10,10,1,1000,1000,1024,10000,5,0,18670.916666666668
2,10,2,1000000,1,0,1,10,1024,100,2,29,151.0
4,10,2,10,1,0,1,10,512,100,5,29,885.5
4,10,2,10,10,1,1000,10,1024,100,2,29,31365.916666666668
4,10,4,10,10,1,1000,1000,512,10000,5,29,10997.833333333334
4,1,2,1000000,1,0,1000,1000,512,10000,2,0,10.416666666666666
4,10,2,1000000,10,0,1000,1000,512,10000,2,29,7.833333333333333
4,1,4,1000000,10,0,1,10,512,100,2,0,314.75
4,1,4,1000000,10,0,1,1000,1024,10000,2,0,335.33333333333331
2,10,2,10,10,1,1,10,512,100,2,0,9107.0833333333339
4,1,2,1000000,10,1,1,10,1024,100,5,29,14.083333333333334
2,1,2,1000000,1,1,1,1000,512,10000,5,29,46.666666666666664
2,1,4,10,10,1,1000,10,512,100,5,0,19248.75
2,10,2,10,1,0,1,1000,512,10000,2,29,933.58333333333337
4,10,2,10,1,1,1,10,1024,100,2,0,895.83333333333337
2,1,2,10,10,1,1000,10,512,100,2,0,44843.833333333336
4,10,4,10,1,0,1000,10,1024,100,2,29,41966.916666666664
4,10,4,10,10,0,1,1000,512,10000,5,0,4809.0
2,10,4,10,1,1,1,10,512,100,5,0,904.66666666666663
4,10,4,10,1,0,1000,10,512,100,2,0,42707.166666666664
4,1,2,10,1,0,1,1000,512,10000,5,29,891.08333333333337
2,10,4,10,1,0,1,10,512,100,5,0,907.66666666666663
4,1,4,1000000,1,0,1,1000,1024,10000,2,0,121.5
2,1,2,10,1,1,1000,1000,512,10000,5,0,18995.5
4,10,4,10,10,1,1000,1000,512,10000,2,0,23378.416666666668
2,1,4,1000000,1,1,1,1000,512,10000,2,29,83.333333333333329
4,10,2,10,1,0,1,10,1024,100,5,0,882.16666666666663
2,1,2,10,10,0,1,10,512,100,5,29,8607.5
4,10,2,1000000,1,0,1000,1000,1024,10000,5,29,2.25
2,1,4,1000000,1,1,1,1000,1024,10000,5,29,51.666666666666664
4,10,4,10,10,0,1000,10,1024,100,2,29,24628.083333333332
4,1,4,1000000,10,1,1,1000,1024,10000,5,0,8.5833333333333339
2,10,2,1000000,1,1,1000,1000,1024,10000,2,0,20.833333333333332
2,1,2,10,1,1,1,1000,512,10000,5,29,898.5
4,1,2,1000000,1,0,1,1000,1024,10000,2,29,202.33333333333334
4,1,2,10,1,0,1000,10,512,100,5,0,14172.416666666666
4,10,2,10,10,1,1,1000,512,10000,2,0,8729.8333333333339
4,10,2,10,1,0,1,1000,1024,10000,5,29,883.83333333333337
2,10,2,1000000,1,0,1000,10,1024,100,2,29,6.583333333333333
4,10,4,10,1,0,1000,1000,512,10000,5,29,13233.416666666666
4,1,2,10,10,1,1,10,512,100,2,29,8878.5
2,10,4,10,1,0,1000,10,512,100,2,29,53360.833333333336
4,10,2,1000000,1,0,1,10,1024,100,2,29,177.33333333333334
4,1,2,1000000,10,0,1,1000,512,10000,2,0,414.0
4,1,2,10,1,0,1,10,512,100,2,29,912.33333333333337
2,1,4,10,1,1,1,10,512,100,2,0,897.5
4,1,4,1000000,1,0,1000,1000,512,10000,2,0,101.0
2,10,2,1000000,1,0,1,10,1024,100,5,0,63.5
2,1,4,10,1,0,1,1000,1024,10000,5,0,921.33333333333337
4,10,2,10,10,1,1,1000,1024,10000,2,29,8780.1666666666661
4,10,4,10,1,0,1000,10,1024,100,5,0,13061.666666666666
4,1,2,1000000,1,0,1,1000,1024,10000,2,0,197.83333333333334
2,10,2,1000000,1,0,1,10,512,100,5,0,63.0
4,10,4,10,10,1,1000,10,512,100,2,29,27112.333333333332
4,1,2,10,1,0,1,1000,512,10000,2,0,896.5
4,10,2,10,1,0,1000,10,1024,100,2,0,36477.75
4,1,4,10,1,1,1,1000,1024,10000,2,29,911.58333333333337
4,1,2,1000000,1,1,1,10,512,100,5,29,41.166666666666664
2,10,2,10,10,0,1000,1000,1024,10000,5,29,16886.0
2,1,2,1000000,1,1,1,1000,1024,10000,5,29,50.333333333333336
2,1,2,10,10,1,1,1000,1024,10000,2,29,9161.8333333333339
4,1,4,1000000,1,1,1,1000,512,10000,2,0,114.33333333333333
2,1,4,10,10,0,1000,1000,1024,10000,2,0,46848.5
4,1,4,1000000,1,1,1000,1000,512,10000,2,0,8.25
2,1,4,10,1,0,1000,1000,1024,10000,5,29,23460.083333333332
4,1,2,10,10,0,1,10,1024,100,5,29,5451.0
4,1,4,1000000,1,1,1000,10,512,100,5,29,7.5
2,1,2,10,10,1,1,10,1024,100,5,0,8724.25
4,1,2,10,10,0,1000,1000,512,10000,5,0,13209.083333333334
4,10,4,10,10,1,1,10,1024,100,5,0,4854.75
2,10,2,10,1,1,1000,1000,512,10000,5,0,17574.916666666668
4,10,2,10,1,1,1,1000,1024,10000,5,0,890.75
4,10,2,1000000,1,1,1,1000,512,10000,5,0,51.0
2,1,2,10,10,0,1000,10,1024,100,2,0,47547.833333333336
4,1,2,10,1,1,1,10,512,100,2,29,909.41666666666663
2,10,4,1000000,1,1,1000,10,1024,100,5,29,4.416666666666667
2,1,4,10,1,0,1000,1000,1024,10000,5,0,22961.166666666668
4,1,2,1000000,10,0,1,1000,512,10000,5,29,65.166666666666671
4,1,4,1000000,1,0,1,10,1024,100,2,29,118.16666666666667
4,1,2,1000000,1,1,1,1000,1024,10000,2,0,198.83333333333334
4,10,4,1000000,1,1,1,10,1024,100,2,0,147.66666666666666
4,1,4,1000000,10,0,1,10,512,100,5,0,0.41666666666666669
4,10,2,10,1,1,1000,1000,512,10000,5,29,12100.75
4,10,2,1000000,10,1,1,10,512,100,5,29,23.666666666666668
4,10,2,10,10,1,1000,1000,512,10000,2,0,30924.333333333332
2,1,2,1000000,1,1,1000,10,1024,100,2,0,3.3333333333333335
2,10,2,10,10,0,1000,10,1024,100,2,29,45520.666666666664
2,1,2,10,10,1,1,10,1024,100,2,29,9143.4166666666661
2,10,4,10,1,0,1,10,1024,100,2,29,900.16666666666663
4,10,4,10,1,1,1,10,1024,100,2,0,903.91666666666663
2,1,2,10,10,1,1000,1000,512,10000,5,29,19608.666666666668
2,1,2,10,10,0,1,10,1024,100,2,0,9140.75
2,10,4,1000000,1,1,1000,10,1024,100,2,0,14.416666666666666
2,10,4,10,10,0,1000,1000,512,10000,5,0,20398.083333333332
2,1,4,10,10,0,1,1000,512,10000,5,0,8496.6666666666661
2,10,2,10,1,0,1,1000,512,10000,5,0,898.5
2,10,4,1000000,1,1,1,10,1024,100,5,0,65.5
4,10,2,1000000,1,1,1,1000,1024,10000,2,29,181.5
4,1,4,1000000,10,1,1000,1000,1024,10000,2,0,2.9166666666666665
2,1,2,10,1,1,1,10,1024,100,5,29,920.66666666666663
4,1,2,10,10,1,1,1000,512,10000,5,0,5343.75
2,1,4,1000000,1,0,1,1000,512,10000,5,29,51.0
4,1,4,1000000,1,1,1,1000,1024,10000,2,29,115.5
2,1,4,10,1,1,1,10,1024,100,5,29,919.16666666666663
2,10,4,1000000,1,0,1,1000,1024,10000,5,29,61.666666666666664
2,10,4,10,10,1,1,10,1024,100,5,29,8142.166666666667
4,1,2,10,1,0,1000,10,1024,100,2,0,29916.083333333332
4,10,2,10,10,0,1,10,1024,100,2,0,8788.0833333333339
4,10,2,10,10,0,1,10,512,100,5,29,5016.416666666667
4,10,2,1000000,1,1,1000,10,512,100,5,0,7.083333333333333
4,1,2,10,1,1,1,1000,512,10000,2,29,898.25
4,10,4,1000000,1,0,1000,1000,512,10000,2,29,94.583333333333329
4,10,4,1000000,10,0,1,1000,1024,10000,5,0,0.91666666666666663
4,1,2,10,1,0,1000,10,1024,100,5,29,13967.583333333334
4,10,4,10,1,1,1,10,512,100,5,0,883.58333333333337
4,10,2,10,10,0,1,10,512,100,2,0,8729.0833333333339
2,10,2,10,10,1,1000,10,1024,100,5,29,15584.25
2,10,4,10,1,1,1,10,1024,100,5,29,912.5
2,1,4,10,10,1,1,10,512,100,5,0,8436.9166666666661
4,10,2,10,1,1,1,1000,1024,10000,5,29,881.66666666666663
4,10,2,10,10,0,1,10,1024,100,5,29,4837.583333333333
2,1,4,1000000,1,0,1,10,1024,100,2,0,81.333333333333329
4,10,4,1000000,1,1,1,1000,512,10000,5,29,0.083333333333333329
4,10,2,10,10,0,1000,1000,1024,10000,5,29,12629.833333333334
2,10,4,10,1,1,1000,10,1024,100,5,29,18191.416666666668
2,1,2,10,10,1,1000,10,1024,100,2,0,46497.25
2,10,2,10,10,1,1,1000,1024,10000,2,29,9168.6666666666661
2,10,2,1000000,1,0,1,1000,512,10000,2,0,149.5
2,10,2,1000000,1,0,1000,10,1024,100,2,0,0.33333333333333331
4,10,2,1000000,10,1,1000,1000,512,10000,2,29,7.5
4,1,4,1000000,1,0,1,10,1024,100,5,0,48.5
2,10,4,10,10,1,1,1000,512,10000,2,29,9167.0833333333339
2,1,2,1000000,1,1,1,10,1024,100,2,29,84.666666666666671
4,10,4,10,1,0,1,1000,512,10000,5,29,879.33333333333337
2,10,4,10,1,1,1000,1000,1024,10000,2,0,53558.333333333336
4,1,2,10,10,0,1000,10,512,100,2,0,32178.833333333332
2,10,4,10,10,1,1,1000,1024,10000,5,29,8341.75
4,1,2,10,10,1,1000,10,512,100,5,0,12864.416666666666
4,1,4,10,10,0,1,1000,1024,10000,5,0,4861.916666666667
2,10,2,10,1,0,1,1000,512,10000,5,29,910.25
2,10,2,1000000,1,1,1000,10,1024,100,2,0,192.0
4,10,4,10,10,0,1,10,1024,100,2,0,8753.6666666666661
4,1,2,10,10,0,1,1000,512,10000,5,0,5519.666666666667
4,1,2,10,10,0,1,1000,1024,10000,2,0,8902.5
4,1,4,10,1,1,1000,10,1024,100,5,0,15375.25
2,1,2,10,10,0,1000,10,512,100,2,0,26641.916666666668
4,10,4,1000000,1,1,1,1000,1024,10000,2,29,137.33333333333334
2,10,4,1000000,1,0,1000,10,512,100,2,29,45.833333333333336
4,1,4,10,10,0,1000,1000,1024,10000,5,29,11310.75
2,10,2,1000000,1,1,1,1000,1024,10000,2,0,148.0
4,10,2,10,1,1,1000,1000,512,10000,2,29,36886.416666666664
4,1,4,10,1,0,1000,10,512,100,5,0,14531.833333333334
4,10,2,10,1,1,1000,10,1024,100,2,0,37908.833333333336
2,10,2,1000000,1,1,1,10,1024,100,5,0,69.833333333333329
2,10,2,10,1,1,1,1000,1024,10000,5,0,914.66666666666663
2,1,2,1000000,1,0,1000,1000,512,10000,2,29,12.5
2,1,2,10,1,1,1000,10,1024,100,2,29,51989.916666666664
4,1,2,1000000,1,0,1,1000,1024,10000,5,0,38.0
4,10,2,10,10,1,1,1000,1024,10000,5,0,4949.916666666667
2,1,4,1000000,1,0,1,1000,512,10000,2,0,85.0
2,1,4,1000000,1,1,1000,10,1024,100,2,0,20.166666666666668
2,1,2,10,1,0,1,10,1024,100,5,0,914.83333333333337
4,1,4,10,10,1,1000,1000,1024,10000,2,29,28243.833333333332
2,1,4,10,10,1,1000,10,1024,100,2,0,46561.833333333336
2,1,4,10,1,0,1,1000,512,10000,2,29,913.66666666666663
4,10,4,1000000,10,1,1,10,512,100,2,29,39.083333333333336
4,1,2,10,10,1,1,10,512,100,5,29,5166.416666666667
4,10,2,10,1,1,1000,10,512,100,2,29,37022.583333333336
2,1,4,10,1,1,1,10,512,100,5,29,916.0
4,10,2,10,10,1,1,10,512,100,2,29,8793.0833333333339
2,10,4,1000000,1,0,1000,1000,512,10000,5,29,25.666666666666668
4,10,4,10,1,0,1,1000,512,10000,2,29,902.33333333333337
4,1,2,1000000,1,0,1,10,512,100,5,0,43.333333333333336
4,1,4,10,10,1,1,10,512,100,5,0,5007.5
2,10,2,1000000,1,1,1000,10,512,100,2,29,9.1666666666666661
2,1,4,10,1,1,1000,10,1024,100,2,0,60429.916666666664
4,1,2,10,1,0,1000,1000,1024,10000,5,29,14179.833333333334
2,1,4,10,1,0,1000,10,1024,100,5,0,23426.833333333332
2,10,4,10,10,0,1,1000,1024,10000,5,29,8252.6666666666661
4,1,2,10,10,0,1,1000,1024,10000,5,0,5326.416666666667
4,1,4,10,10,1,1,10,1024,100,2,29,8874.3333333333339
4,10,4,10,1,0,1000,1000,512,10000,5,0,13224.416666666666
2,10,4,1000000,1,1,1,10,1024,100,2,29,155.0
4,1,2,10,1,0,1,10,1024,100,2,0,906.66666666666663
4,1,4,1000000,1,1,1,10,1024,100,2,0,124.0
4,10,2,10,10,1,1000,10,512,100,5,29,12330.583333333334
4,10,2,1000000,1,1,1,10,1024,100,5,29,56.5
2,1,2,10,10,0,1000,1000,1024,10000,2,0,46397.916666666664
4,1,2,1000000,10,0,1,10,1024,100,2,29,364.66666666666669
4,10,2,1000000,10,1,1,10,1024,100,5,0,24.0
4,10,2,10,1,1,1,10,512,100,2,0,891.0
2,1,2,10,10,0,1,10,512,100,5,0,5260.0
4,10,4,1000000,1,1,1,1000,512,10000,5,0,55.666666666666664
2,1,4,10,1,0,1,10,512,100,5,29,917.0
4,1,2,1000000,10,1,1,10,1024,100,2,0,300.33333333333331
4,1,4,10,10,0,1000,1000,512,10000,5,0,3656.6666666666665
2,1,4,10,10,1,1000,10,512,100,2,0,47826.333333333336
2,10,2,10,10,0,1,1000,1024,10000,5,29,8293.0833333333339
2,10,2,10,1,0,1000,10,512,100,2,29,49070.166666666664
4,10,2,1000000,1,0,1,1000,1024,10000,2,29,177.66666666666666
4,1,2,1000000,10,0,1,1000,1024,10000,5,29,14.583333333333334
2,10,4,10,10,0,1,10,1024,100,5,0,8191.166666666667
2,1,4,10,1,1,1,1000,1024,10000,2,29,901.83333333333337
2,10,4,1000000,1,1,1,1000,512,10000,5,29,60.0
4,1,4,1000000,1,1,1,1000,512,10000,5,0,49.333333333333336
2,1,2,10,10,1,1,10,1024,100,5,29,8703.0
4,10,2,1000000,1,0,1000,10,1024,100,5,0,9.75
4,10,4,10,1,1,1000,1000,1024,10000,2,29,45111.333333333336
4,1,4,10,1,0,1000,10,512,100,2,0,44491.916666666664
2,1,4,10,1,0,1,1000,512,10000,2,0,920.33333333333337
4,1,4,10,10,1,1000,1000,512,10000,5,29,11317.5
2,1,2,10,10,1,1,1000,512,10000,2,0,9129.9166666666661
2,1,2,10,1,1,1000,1000,512,10000,2,0,53061.916666666664
2,1,4,10,10,1,1000,1000,512,10000,5,0,18699.666666666668
4,10,4,10,1,1,1,10,512,100,5,29,884.83333333333337
2,10,4,10,10,0,1000,10,1024,100,5,29,19602.75
4,1,2,10,10,1,1000,10,512,100,2,29,31383.416666666668
2,10,2,10,10,1,1,10,1024,100,2,29,9111.75
2,10,2,10,10,1,1,1000,512,10000,5,0,8279.5833333333339
2,1,4,10,1,1,1000,10,512,100,2,29,58428.916666666664
2,1,4,10,1,0,1000,1000,512,10000,2,29,61195.333333333336
4,1,2,10,1,0,1000,1000,1024,10000,5,0,13672.583333333334
2,1,4,10,10,0,1,1000,512,10000,5,29,8367.25
4,10,4,10,1,1,1000,1000,512,10000,5,0,13187.333333333334
4,1,2,10,1,0,1000,1000,1024,10000,2,29,29276.666666666668
4,10,4,10,10,1,1,10,512,100,2,29,8823.8333333333339
4,10,4,1000000,1,1,1000,10,512,100,2,29,8.9166666666666661
4,10,2,10,1,1,1,1000,512,10000,2,29,908.08333333333337
2,10,2,10,1,1,1000,1000,1024,10000,2,29,48647.083333333336
2,10,2,1000000,1,1,1000,10,512,100,2,0,44.833333333333336
4,10,2,10,1,1,1,10,1024,100,5,0,891.08333333333337
2,1,2,10,1,0,1000,1000,512,10000,2,0,52460.333333333336
4,1,2,10,1,1,1000,1000,1024,10000,2,29,28683.583333333332
4,1,2,10,1,1,1,1000,512,10000,2,0,904.91666666666663
4,1,4,10,1,1,1,10,512,100,5,0,890.5
2,1,2,1000000,1,1,1,1000,512,10000,2,29,79.666666666666671
4,1,2,1000000,10,1,1,10,512,100,2,0,379.08333333333331
4,10,2,1000000,1,1,1,10,1024,100,2,0,184.5
4,1,2,1000000,1,1,1,10,1024,100,2,29,210.0
2,10,4,10,10,1,1000,10,512,100,5,0,19974.416666666668
4,1,2,10,1,1,1,10,512,100,5,0,893.83333333333337
2,1,2,10,10,0,1000,10,1024,100,2,29,46435.833333333336
4,1,2,1000000,10,0,1,10,512,100,2,29,315.33333333333331
4,10,2,1000000,1,1,1,10,512,100,2,0,178.66666666666666
2,10,4,10,10,1,1,10,512,100,2,0,9171.0
4,10,2,10,1,1,1,1000,512,10000,5,0,874.41666666666663
2,1,4,10,1,1,1,10,1024,100,2,29,927.33333333333337
4,10,2,1000000,1,1,1,1000,512,10000,2,29,187.0
4,1,4,10,10,1,1,10,1024,100,5,29,4978.75
4,10,4,10,10,0,1000,1000,512,10000,2,29,27149.0
4,1,4,10,10,0,1,10,1024,100,2,0,8877.1666666666661
4,10,4,10,10,1,1,1000,512,10000,5,29,4790.75
4,1,2,1000000,1,1,1000,1000,512,10000,5,29,1.0
2,10,2,1000000,1,0,1,10,1024,100,5,29,64.833333333333329
4,10,2,10,10,0,1,1000,512,10000,5,0,4898.083333333333
4,1,2,1000000,10,1,1,1000,512,10000,2,0,321.58333333333331
4,1,4,10,1,1,1000,1000,1024,10000,5,29,14704.5
4,10,2,1000000,1,0,1,10,1024,100,2,0,175.33333333333334
2,1,2,1000000,1,1,1000,10,1024,100,2,29,3.5833333333333335
4,1,2,10,1,0,1,10,512,100,5,0,894.25
4,10,4,1000000,10,1,1,10,1024,100,2,29,59.5
4,1,4,10,10,1,1,1000,512,10000,5,29,4969.583333333333
2,10,2,1000000,1,0,1,10,512,100,2,0,159.0
2,1,2,1000000,1,1,1,1000,1024,10000,5,0,48.0
2,10,4,10,10,1,1,1000,512,10000,2,0,9164.4166666666661
2,10,2,10,1,0,1,10,1024,100,2,29,895.33333333333337
4,10,2,10,1,0,1,10,512,100,2,0,901.41666666666663
2,1,2,1000000,1,0,1,1000,512,10000,2,29,83.5
4,1,4,10,1,1,1,10,1024,100,5,29,897.58333333333337
2,10,2,1000000,1,0,1000,1000,512,10000,5,29,10.833333333333334
2,10,2,10,10,0,1000,10,512,100,5,0,16567.25
4,10,2,10,10,1,1,1000,512,10000,5,29,4996.166666666667
4,10,4,10,10,0,1000,1000,512,10000,5,0,10314.666666666666
2,1,2,10,1,1,1000,10,512,100,5,0,18491.666666666668
4,1,2,10,1,1,1,10,1024,100,2,0,911.66666666666663
2,10,4,1000000,1,1,1000,10,1024,100,5,0,15.583333333333334
4,10,4,10,1,1,1000,10,1024,100,2,0,44312.583333333336
2,10,2,1000000,1,0,1,1000,1024,10000,5,29,64.5
2,10,2,10,1,1,1000,1000,512,10000,5,29,17402.083333333332
4,1,2,1000000,1,1,1000,1000,1024,10000,5,29,1.1666666666666667
2,1,4,1000000,1,0,1,10,1024,100,5,0,51.666666666666664
2,1,4,10,10,0,1,10,512,100,2,29,9159.4166666666661
4,1,2,10,1,0,1,10,1024,100,2,29,904.25
4,10,2,10,10,0,1000,1000,512,10000,2,0,31758.416666666668
4,1,4,1000000,10,0,1,1000,512,10000,2,0,334.33333333333331
4,1,4,10,1,0,1,10,1024,100,5,0,885.66666666666663
4,10,2,10,10,0,1000,1000,1024,10000,2,0,30386.583333333332
4,10,4,10,1,1,1,10,512,100,2,0,897.83333333333337
2,1,2,1000000,1,1,1,10,512,100,5,29,48.166666666666664
2,1,2,10,10,1,1,10,512,100,2,29,9175.25
2,10,4,10,1,1,1,10,1024,100,2,29,906.0
4,1,4,1000000,1,1,1,1000,512,10000,2,29,127.66666666666667
4,1,2,10,10,0,1000,1000,512,10000,2,0,33325.833333333336
2,10,2,10,1,1,1000,10,1024,100,2,0,47570.75
2,10,2,1000000,1,1,1,1000,512,10000,2,0,151.0
2,10,2,10,10,1,1,1000,1024,10000,2,0,9133.4166666666661
2,1,2,1000000,1,1,1,1000,512,10000,2,0,85.666666666666671
2,1,2,10,1,0,1,10,1024,100,2,0,917.66666666666663
4,10,2,10,1,1,1,1000,512,10000,5,29,879.25
4,1,2,10,1,1,1000,10,1024,100,2,29,28746.833333333332
2,1,2,1000000,1,0,1000,10,512,100,5,29,0.75
2,10,4,10,10,1,1000,10,512,100,2,29,45412.166666666664
2,10,2,1000000,1,1,1000,1000,512,10000,5,0,4.25
4,10,2,10,10,1,1000,1000,1024,10000,2,0,31283.333333333332
4,10,2,1000000,1,0,1,1000,1024,10000,2,0,180.5
4,10,2,1000000,1,1,1,1000,1024,10000,2,0,169.16666666666666
2,10,2,1000000,1,0,1000,1000,1024,10000,5,0,78.916666666666671
4,1,4,1000000,1,1,1000,1000,512,10000,2,29,1.5
4,1,2,1000000,1,1,1,10,1024,100,5,0,39.833333333333336
4,10,4,1000000,1,1,1000,1000,1024,10000,2,0,5.083333333333333
4,1,4,1000000,10,1,1,1000,1024,10000,2,29,336.5
4,10,4,10,10,0,1000,10,512,100,2,29,26090.916666666668
2,1,4,10,1,1,1000,10,512,100,5,0,22623.333333333332
4,10,4,10,10,0,1000,1000,1024,10000,5,0,11333.833333333334
4,10,2,10,10,0,1,10,1024,100,2,29,8920.4166666666661
4,1,4,1000000,1,0,1000,1000,1024,10000,2,29,133.5
2,10,4,10,1,0,1000,1000,512,10000,5,29,18898.5
4,1,2,10,1,0,1000,1000,1024,10000,2,0,28475.083333333332
2,1,2,10,1,1,1,10,512,100,5,29,905.83333333333337
2,10,2,10,1,0,1,1000,512,10000,2,0,895.33333333333337
4,1,4,1000000,1,0,1,10,512,100,5,29,53.0
4,10,2,10,1,0,1,10,1024,100,5,29,875.33333333333337
4,1,4,10,10,1,1000,1000,512,10000,2,0,29506.666666666668
2,10,2,1000000,1,1,1000,10,1024,100,5,29,16.166666666666668
2,10,2,10,1,1,1,10,1024,100,5,0,896.58333333333337
2,10,2,10,10,1,1,1000,1024,10000,5,0,8270.25
4,1,4,10,1,0,1,1000,1024,10000,2,29,904.58333333333337
2,10,4,1000000,1,1,1,1000,512,10000,5,0,63.333333333333336
2,10,4,10,1,1,1,1000,1024,10000,2,29,908.75
4,1,2,10,10,1,1,10,1024,100,2,29,8768.75
2,1,4,10,1,1,1,10,512,100,2,29,897.16666666666663
2,10,4,10,1,0,1000,1000,512,10000,2,0,54795.083333333336
2,10,2,1000000,1,1,1,1000,1024,10000,5,29,61.166666666666664
2,10,2,1000000,1,0,1000,10,512,100,2,0,37.25
4,10,2,10,10,1,1,1000,512,10000,5,0,4965.666666666667
4,10,4,10,1,1,1000,1000,512,10000,2,0,45186.5
4,10,2,10,10,1,1000,10,1024,100,5,29,11809.583333333334
2,1,4,10,10,0,1000,1000,1024,10000,5,0,19805.666666666668
2,10,4,1000000,1,0,1,1000,1024,10000,2,29,151.0
4,10,4,10,10,0,1,10,512,100,5,29,4729.083333333333
4,1,2,10,10,1,1,1000,1024,10000,5,0,5386.083333333333
4,10,2,10,10,0,1000,1000,512,10000,5,0,12064.5
4,1,4,10,1,0,1000,1000,1024,10000,2,0,45418.75
4,10,2,1000000,1,0,1000,1000,512,10000,5,0,44.0
2,10,2,10,1,1,1,1000,1024,10000,5,29,921.66666666666663
4,10,4,10,10,1,1,1000,1024,10000,5,0,4836.833333333333
4,10,4,10,1,1,1000,10,512,100,2,0,44471.583333333336
2,1,4,10,1,0,1,1000,512,10000,5,0,922.91666666666663
2,1,2,10,1,1,1,10,512,100,2,0,925.33333333333337
4,10,2,1000000,10,1,1,1000,1024,10000,5,29,13.916666666666666
2,10,4,10,1,0,1,10,1024,100,5,29,891.5
4,1,4,1000000,1,1,1000,1000,512,10000,5,29,8.0833333333333339
2,10,4,10,1,0,1,10,512,100,2,29,909.25
4,1,4,10,10,0,1000,10,512,100,5,29,10912.416666666666
4,1,4,10,10,0,1,10,512,100,5,29,4873.5
4,1,4,10,10,0,1,1000,1024,10000,2,29,8880.1666666666661
2,1,2,10,10,0,1,10,1024,100,5,29,8708.5
2,10,4,10,1,1,1,1000,512,10000,2,0,911.91666666666663
2,1,4,10,1,1,1,1000,512,10000,5,0,910.66666666666663
2,10,2,10,1,1,1000,1000,512,10000,2,0,48093.0
2,1,2,1000000,1,1,1,10,1024,100,5,29,46.5
2,1,2,1000000,1,1,1000,1000,512,10000,2,0,7.583333333333333
4,1,2,10,10,0,1,1000,1024,10000,2,29,8891.9166666666661
4,1,2,10,10,1,1,1000,512,10000,2,29,8832.0833333333339
4,10,2,1000000,10,0,1,1000,512,10000,5,0,12.416666666666666
2,10,2,10,10,1,1,10,1024,100,5,29,8297.1666666666661
2,1,2,10,1,1,1,1000,512,10000,2,29,933.58333333333337
4,1,2,10,10,1,1000,1000,1024,10000,5,29,12284.333333333334
4,1,4,10,1,1,1000,10,1024,100,2,0,43995.5
2,1,2,10,1,1,1,1000,1024,10000,2,29,907.41666666666663
2,10,2,1000000,1,0,1,1000,1024,10000,5,0,59.833333333333336
4,1,2,1000000,1,0,1000,10,1024,100,2,0,4.083333333333333
2,1,2,1000000,1,0,1,1000,1024,10000,2,29,83.833333333333329
4,10,2,10,10,1,1,1000,1024,10000,2,0,8784.6666666666661
4,1,2,1000000,1,0,1000,1000,1024,10000,2,0,83.916666666666671
4,10,4,10,1,0,1000,10,512,100,2,29,45003.916666666664
2,10,4,10,10,0,1,10,512,100,5,29,8252.5
2,1,2,10,1,0,1000,1000,512,10000,2,29,52818.0
4,1,2,1000000,1,0,1,10,512,100,2,29,201.83333333333334
4,10,4,10,10,0,1000,10,512,100,2,0,25290.416666666668
2,1,2,1000000,1,0,1,10,1024,100,5,29,51.0
2,10,4,10,10,1,1,1000,1024,10000,2,29,9100.4166666666661
4,1,2,1000000,1,0,1000,10,512,100,2,29,34.333333333333336
2,1,2,10,1,0,1,10,512,100,5,0,919.08333333333337
4,1,2,10,10,0,1000,10,1024,100,5,29,12742.833333333334
2,10,4,10,10,1,1000,10,1024,100,5,0,20770.916666666668
4,10,4,10,1,0,1,10,1024,100,2,0,896.75
4,1,4,1000000,1,0,1,1000,1024,10000,2,29,120.33333333333333
2,10,2,10,1,1,1,10,512,100,5,29,919.41666666666663
4,1,4,10,10,1,1000,1000,512,10000,2,29,28131.75
4,10,4,10,1,0,1,10,1024,100,5,0,887.58333333333337
2,1,4,10,10,0,1,10,512,100,5,29,8446.5
4,10,4,10,10,1,1,10,1024,100,2,0,8798.75
4,1,2,10,1,0,1000,1000,512,10000,5,29,14431.416666666666
4,1,4,10,10,1,1000,10,512,100,5,29,10764.833333333334
4,10,4,10,10,0,1000,10,512,100,5,0,10995.75
4,10,2,1000000,1,0,1,1000,512,10000,2,0,182.5
2,10,4,1000000,1,1,1000,1000,1024,10000,2,29,203.58333333333334
4,1,2,10,10,0,1000,1000,1024,10000,2,0,32822.25
2,1,4,10,1,1,1,1000,1024,10000,5,29,917.08333333333337
2,1,2,1000000,1,0,1,1000,512,10000,5,29,49.666666666666664
4,1,2,10,1,0,1000,10,1024,100,2,29,29650.25
2,1,4,10,10,0,1000,10,512,100,5,29,19311.75
4,10,4,10,1,0,1000,10,1024,100,2,0,42568.0
4,1,4,1000000,10,1,1,1000,1024,10000,2,0,324.08333333333331
2,10,2,10,10,1,1,10,512,100,5,0,8255.75
4,1,4,10,1,1,1000,10,512,100,5,0,14580.5
2,1,4,10,1,0,1,1000,512,10000,5,29,908.75
4,1,4,1000000,1,0,1,1000,1024,10000,5,0,48.0
4,1,2,10,1,1,1,10,1024,100,2,29,909.16666666666663
4,1,2,10,10,0,1,1000,1024,10000,5,29,5363.0
4,1,4,10,10,0,1,10,1024,100,5,0,4925.166666666667
2,10,2,10,10,1,1000,1000,1024,10000,2,0,48911.75
4,10,2,10,1,0,1000,1000,512,10000,2,29,36821.416666666664
4,10,2,10,1,0,1,1000,1024,10000,5,0,863.75
2,1,2,10,1,1,1,10,1024,100,2,0,912.25
4,1,2,10,1,1,1000,1000,1024,10000,5,29,14211.333333333334
2,1,2,10,10,0,1,1000,512,10000,2,29,9168.4166666666661
4,1,2,1000000,1,0,1000,1000,1024,10000,5,29,0.58333333333333337
4,1,2,10,1,1,1,1000,1024,10000,5,0,892.75
2,10,2,1000000,1,1,1000,10,1024,100,2,29,2.5833333333333335
4,10,2,10,1,0,1000,1000,1024,10000,2,29,35877.75
2,1,2,10,10,1,1,1000,512,10000,2,29,9146.8333333333339
4,1,4,1000000,1,0,1,1000,512,10000,5,0,50.333333333333336
2,1,4,10,10,0,1000,1000,512,10000,2,0,27852.416666666668
2,10,4,10,1,1,1000,1000,512,10000,2,0,54850.333333333336
4,10,2,10,1,0,1000,10,512,100,5,0,12512.416666666666
2,1,4,10,1,0,1,10,1024,100,2,0,911.33333333333337
2,10,4,10,1,0,1000,10,1024,100,5,0,18594.25
2,10,2,10,1,0,1,10,512,100,5,0,910.08333333333337
4,10,4,10,1,0,1000,1000,512,10000,2,0,43401.416666666664
2,1,2,10,10,0,1,1000,1024,10000,5,29,8724.5
4,10,2,10,1,1,1000,1000,512,10000,5,0,12360.666666666666
4,1,2,1000000,10,0,1,10,1024,100,5,0,0.25
4,10,2,1000000,1,1,1000,10,1024,100,5,29,9.5
2,10,4,10,1,0,1,1000,512,10000,2,29,919.75
4,10,4,10,10,0,1000,1000,1024,10000,2,0,26738.916666666668
2,10,4,1000000,1,1,1,10,512,100,2,0,153.33333333333334
2,1,2,1000000,1,1,1000,10,512,100,2,29,82.666666666666671
4,1,4,10,1,0,1000,1000,1024,10000,2,29,44043.666666666664
2,10,4,10,10,1,1000,1000,1024,10000,5,0,20101.5
2,10,2,10,10,1,1000,1000,1024,10000,2,29,45275.166666666664
4,10,4,10,1,1,1000,10,1024,100,2,29,44143.166666666664
4,1,2,10,10,0,1000,10,1024,100,5,0,12656.833333333334
2,1,2,10,10,0,1000,10,1024,100,5,29,20345.25
2,10,2,10,10,0,1,1000,1024,10000,5,0,8293.25
4,10,2,1000000,1,0,1000,1000,1024,10000,2,29,360.91666666666669
2,1,4,10,10,0,1000,1000,1024,10000,2,29,49035.25
2,10,4,10,10,1,1,10,1024,100,2,0,9203.75
4,10,4,10,1,0,1000,1000,1024,10000,5,0,13154.583333333334
2,1,4,10,1,1,1,1000,512,10000,2,29,914.08333333333337
4,1,4,10,10,0,1,10,512,100,2,0,8957.75
2,1,2,10,10,0,1000,10,512,100,5,0,12506.166666666666
2,10,2,10,1,0,1000,1000,1024,10000,5,0,17024.833333333332
4,10,2,1000000,10,0,1,1000,1024,10000,5,29,36.333333333333336
4,10,4,1000000,1,0,1,10,1024,100,5,29,58.833333333333336
4,1,4,1000000,1,1,1000,10,1024,100,5,29,7.583333333333333
4,10,4,1000000,10,1,1000,1000,1024,10000,2,0,8.0
4,10,4,1000000,1,0,1000,10,512,100,2,0,7.083333333333333
4,1,4,1000000,10,1,1,1000,1024,10000,5,29,0.58333333333333337
2,1,2,1000000,1,0,1000,1000,512,10000,5,29,2.8333333333333335
2,10,2,10,1,1,1,10,512,100,5,0,902.5
4,10,4,10,1,0,1,1000,1024,10000,2,29,910.33333333333337
2,1,4,1000000,1,1,1,1000,1024,10000,2,0,80.333333333333329
2,1,4,10,1,0,1,1000,1024,10000,2,29,924.41666666666663
4,1,4,10,1,1,1,10,512,100,2,29,881.91666666666663
4,10,4,1000000,10,0,1,1000,1024,10000,5,29,0.083333333333333329
4,10,4,1000000,10,1,1000,1000,512,10000,5,0,29.0
4,1,4,1000000,1,1,1000,10,512,100,5,0,1.25
4,1,4,10,10,0,1,10,1024,100,2,29,8944.3333333333339
4,1,4,1000000,1,1,1000,10,512,100,2,0,4.166666666666667
4,10,2,1000000,1,0,1,1000,512,10000,5,29,53.333333333333336
2,10,2,1000000,1,0,1,1000,512,10000,2,29,153.16666666666666
4,10,2,1000000,1,0,1000,1000,1024,10000,2,0,225.0
4,10,2,1000000,1,1,1,1000,1024,10000,5,29,56.166666666666664
4,10,4,1000000,1,0,1,10,1024,100,2,0,142.5
4,1,2,1000000,1,0,1,10,1024,100,5,29,42.333333333333336
2,1,2,10,10,0,1000,10,1024,100,5,0,20389.083333333332
4,1,2,10,10,1,1000,1000,512,10000,5,0,12773.916666666666
2,10,2,10,10,1,1000,1000,512,10000,5,29,17167.666666666668
2,1,4,10,1,0,1000,1000,512,10000,5,29,22680.833333333332
2,10,4,10,1,0,1000,10,1024,100,5,29,18809.25
2,10,2,10,10,0,1,1000,512,10000,2,0,9091.4166666666661
4,10,4,1000000,10,0,1,1000,512,10000,2,0,1.5
2,10,4,10,10,0,1,10,1024,100,2,29,9110.4166666666661
2,1,2,10,10,1,1000,1000,512,10000,2,29,47225.166666666664
2,10,4,10,10,1,1,10,1024,100,5,0,8112.25
4,10,2,10,1,0,1,1000,512,10000,2,0,913.91666666666663
2,1,2,10,10,1,1000,1000,1024,10000,5,0,20582.083333333332
2,1,4,10,1,0,1,10,1024,100,2,29,922.83333333333337
2,1,2,10,1,1,1,10,1024,100,5,0,919.75
4,1,4,10,1,1,1000,10,512,100,5,29,14933.25
4,10,2,10,1,1,1,10,512,100,5,29,876.08333333333337
4,1,2,10,10,0,1,10,512,100,2,29,8864.25
2,10,4,1000000,1,0,1000,10,1024,100,5,29,1.75
2,10,2,1000000,1,1,1,1000,512,10000,5,29,60.333333333333336
2,10,4,10,1,1,1000,1000,512,10000,2,29,54719.25
4,1,4,10,10,1,1,1000,512,10000,2,29,8784.4166666666661
2,1,4,1000000,1,1,1,10,1024,100,2,0,82.666666666666671
4,1,4,10,10,0,1000,1000,512,10000,2,0,30193.75
4,1,4,1000000,1,0,1000,10,1024,100,5,0,12.25
4,10,2,1000000,10,1,1000,1000,1024,10000,2,0,2.5833333333333335
4,1,2,10,10,1,1000,1000,1024,10000,2,0,33322.25
4,10,2,1000000,1,1,1,1000,512,10000,5,29,52.166666666666664
4,1,4,1000000,1,1,1,1000,512,10000,5,29,50.0
2,10,2,10,1,1,1,10,512,100,2,0,909.0
4,1,4,10,1,0,1000,1000,512,10000,2,0,46051.333333333336
2,1,2,1000000,1,0,1000,10,512,100,2,29,39.5
2,1,4,10,10,1,1,10,1024,100,2,0,9187.0
4,10,4,10,10,1,1,1000,512,10000,2,0,8636.4166666666661
2,10,4,1000000,1,0,1,10,512,100,5,0,61.833333333333336
4,10,2,1000000,10,1,1,10,1024,100,2,29,63.166666666666664
2,10,2,10,10,1,1000,1000,1024,10000,5,29,16851.916666666668
2,10,4,10,10,0,1000,1000,1024,10000,5,29,19954.916666666668
4,10,4,10,1,0,1000,1000,1024,10000,5,29,13328.583333333334
2,10,2,10,10,0,1000,1000,1024,10000,2,0,50836.166666666664
2,10,4,10,1,1,1,10,512,100,2,0,903.0
4,10,2,10,1,0,1000,1000,1024,10000,2,0,36947.333333333336
4,1,2,1000000,1,1,1,10,512,100,2,0,201.0
