topology.workers,component.bolt_num,topology.acker.executors,message.size,component.spout_num,topology.serialized.message.size.metrics,topology.max.spout.pending,storm.messaging.netty.min_wait_ms,topology.transfer.buffer.size,storm.messaging.netty.max_wait_ms,topology.level,topology.priority,<$latency
4,1,2,10,1,1,1000,10,1024,100,2,0,0.00270345262021
4,1,2,10,1,1,1000,1000,1024,10000,5,0,0.00857980622132
2,1,2,1000000,1,0,1,1000,512,10000,2,0,0.0010251372349
2,10,4,10,10,0,1,10,1024,100,5,29,4.19953805081e-05
4,10,4,1000000,10,1,1,1000,512,10000,5,0,0.0738976212617
2,10,2,1000000,1,1,1,1000,512,10000,2,29,0.000505444401116
4,10,2,10,10,1,1000,1000,512,10000,5,0,0.159602693704
2,1,4,1000000,1,1,1,10,512,100,2,29,0.00098014218436
4,10,4,10,1,1,1,1000,512,10000,5,0,2.9996700363e-05
2,10,2,10,1,1,1,10,512,100,2,29,1.72481027087e-05
4,10,2,10,1,0,1000,10,512,100,5,29,0.00758166601674
2,10,2,10,1,0,1,10,512,100,2,0,1.72481027087e-05
2,10,2,10,1,1,1,1000,512,10000,2,0,1.72481027087e-05
4,1,4,10,1,1,1,10,512,100,5,29,2.9996700363e-05
4,1,2,10,10,1,1,10,1024,100,5,29,0.00013798482167
2,10,4,1000000,1,1,1,1000,1024,10000,5,0,0.00131310555839
2,10,4,10,10,1,1,1000,512,10000,5,29,4.34952155263e-05
4,10,4,1000000,1,0,1,1000,1024,10000,5,29,0.00159132495426
4,1,4,10,10,1,1,10,1024,100,5,0,0.000161232264451
2,1,4,10,1,0,1,10,512,100,2,0,1.72481027087e-05
4,10,2,1000000,10,0,1,10,512,100,5,29,0.000146983831779
2,1,4,1000000,1,0,1000,10,1024,100,2,0,0.013592254852
2,10,4,10,1,0,1,10,512,100,5,29,1.94978552359e-05
4,1,4,1000000,10,1,1,1000,512,10000,2,0,0.00324714281429
2,10,4,10,10,0,1,10,512,100,5,0,4.57449680535e-05
2,10,2,10,1,0,1000,1000,512,10000,5,29,0.00528841827399
2,1,2,10,10,1,1000,1000,512,10000,5,0,0.0535111137775
2,10,4,10,1,0,1,1000,1024,10000,5,29,1.87479377269e-05
2,1,2,10,10,0,1000,1000,512,10000,2,0,0.0353038665747
4,1,2,10,1,0,1000,10,512,100,2,0,0.0028924318325
2,10,2,10,1,0,1000,10,512,100,5,29,0.00472298047215
4,10,2,10,1,0,1,1000,1024,10000,2,29,2.47472777994e-05
4,10,4,10,10,1,1000,10,1024,100,5,0,0.182114467409
4,10,4,10,1,0,1,10,512,100,5,29,3.0746617872e-05
2,10,2,10,10,0,1,10,1024,100,2,0,1.87479377269e-05
4,10,2,10,10,1,1000,10,512,100,2,0,0.0471953085161
2,10,4,10,10,0,1,1000,1024,10000,2,0,1.94978552359e-05
4,1,4,10,10,1,1,1000,512,10000,5,0,0.000159732429433
4,1,4,10,1,0,1000,1000,512,10000,2,29,0.00167981522033
2,10,4,10,1,0,1000,1000,1024,10000,5,0,0.00348036715961
4,10,2,1000000,10,0,1,1000,512,10000,2,0,0.00281594024657
2,1,4,10,10,1,1,10,1024,100,2,29,1.87479377269e-05
4,1,2,1000000,1,0,1,10,1024,100,2,29,0.000392206857246
4,1,2,1000000,1,1,1,1000,1024,10000,5,29,0.0019587845337
2,1,4,1000000,1,0,1,1000,1024,10000,5,29,0.00166856645769
2,10,4,1000000,1,1,1000,10,1024,100,2,29,0.16883717791
2,10,4,1000000,1,0,1000,1000,1024,10000,2,0,0.12854935957
4,1,2,1000000,1,1,1,1000,512,10000,5,0,0.00195203527612
4,10,4,10,10,1,1,10,512,100,2,0,4.79947205807e-05
4,1,4,10,1,1,1,10,512,100,2,0,2.32474427813e-05
2,10,4,10,10,0,1000,1000,1024,10000,5,0,0.0583383327834
2,1,4,10,10,0,1000,10,1024,100,5,29,0.0551399346072
4,1,4,10,10,0,1,1000,512,10000,2,0,7.1242163362e-05
2,1,2,10,1,1,1000,1000,1024,10000,2,0,0.00170006299307
4,1,4,1000000,1,0,1000,1000,512,10000,2,29,0.0681652518223
2,10,2,10,10,1,1,1000,1024,10000,5,29,4.19953805081e-05
2,1,4,10,1,0,1,1000,1024,10000,5,29,1.72481027087e-05
2,10,4,10,10,0,1,10,512,100,2,0,1.79980202178e-05
2,1,2,10,1,1,1000,1000,1024,10000,5,29,0.00564012958575
4,10,2,10,1,0,1,1000,512,10000,5,29,3.14965353811e-05
4,10,2,1000000,10,1,1000,1000,1024,10000,2,29,0.00106113327534
4,10,4,10,1,0,1,1000,1024,10000,5,29,3.14965353811e-05
4,1,2,10,1,1,1000,1000,512,10000,2,29,0.00325764165942
2,10,2,10,10,1,1,10,1024,100,2,0,1.94978552359e-05
4,10,2,1000000,10,1,1,1000,512,10000,5,0,0.0340770015298
4,1,4,10,1,0,1,1000,1024,10000,2,0,2.0247772745e-05
4,10,2,10,1,1,1000,10,1024,100,5,29,0.00656477787443
2,10,4,10,1,1,1000,1000,1024,10000,5,29,0.00319389867115
2,10,4,10,10,1,1,10,1024,100,2,29,2.09976902541e-05
2,10,4,10,1,0,1,1000,512,10000,5,29,1.79980202178e-05
2,1,4,1000000,1,0,1,10,512,100,2,29,0.000975642679305
2,1,2,10,1,0,1,1000,512,10000,2,29,1.72481027087e-05
4,10,4,1000000,1,0,1000,1000,512,10000,2,0,0.11834973153
4,10,4,10,1,1,1000,10,1024,100,5,0,0.00476797552269
2,1,4,10,1,1,1000,1000,1024,10000,2,29,0.000982391936887
4,10,4,1000000,10,0,1,10,512,100,5,0,0.000281219065903
4,10,2,1000000,10,0,1,10,512,100,2,29,0.00295767465579
2,10,4,1000000,1,0,1,1000,512,10000,2,29,0.000521192668806
4,10,4,1000000,1,0,1,10,512,100,5,0,0.00155757866635
2,10,2,10,10,1,1,1000,512,10000,5,29,4.64948855626e-05
4,1,2,1000000,10,1,1,1000,512,10000,5,0,0.00771665116837
2,10,2,10,1,1,1,10,1024,100,5,29,1.87479377269e-05
4,1,4,10,10,0,1,1000,512,10000,2,29,7.27419983802e-05
4,1,4,1000000,1,1,1,10,512,100,2,0,0.000654677985422
2,10,4,10,10,1,1000,1000,1024,10000,5,29,0.0582025977143
2,1,4,10,1,0,1000,10,512,100,5,29,0.00392806791253
4,1,4,10,10,0,1000,10,512,100,2,29,0.0478207397186
4,1,2,10,10,0,1000,10,512,100,5,0,0.226658067613
2,1,2,1000000,1,0,1,10,512,100,2,0,0.00859405465399
2,10,4,1000000,1,1,1000,1000,1024,10000,2,0,0.095244773075
2,1,2,1000000,1,1,1,1000,1024,10000,2,0,0.000938896721361
4,10,2,1000000,10,1,1,10,512,100,2,29,0.0203475117737
4,10,2,10,10,0,1000,1000,512,10000,5,29,0.124981252062
2,1,4,10,1,0,1,1000,1024,10000,2,0,1.72481027087e-05
4,1,4,10,10,0,1000,10,512,100,2,0,0.0460006899241
2,1,2,10,1,1,1,10,1024,100,2,29,1.72481027087e-05
4,10,4,1000000,1,1,1,10,1024,100,5,29,0.00158307586166
4,10,4,1000000,1,0,1000,1000,1024,10000,5,29,0.464407415184
2,10,4,10,1,1,1,1000,512,10000,5,29,1.79980202178e-05
2,10,4,10,1,0,1000,1000,1024,10000,2,0,0.000846656867745
2,10,4,10,1,1,1000,10,1024,100,2,0,0.00061568227495
4,10,4,10,10,0,1,1000,1024,10000,2,0,4.64948855626e-05
4,10,4,1000000,10,1,1,1000,1024,10000,2,0,0.00679500254972
4,10,4,10,10,0,1000,10,1024,100,5,0,0.16140399556
4,10,2,10,10,0,1,10,1024,100,5,0,0.000164231934487
4,10,2,10,1,0,1,1000,1024,10000,2,0,2.17476077631e-05
2,10,2,1000000,1,1,1000,1000,512,10000,2,0,0.146689864115
2,10,2,1000000,1,1,1,1000,1024,10000,2,29,0.000513693493716
2,10,2,10,10,1,1000,1000,512,10000,2,0,0.0232999370069
4,10,2,10,1,0,1000,1000,512,10000,2,0,0.00184404715481
4,10,4,10,10,0,1000,10,1024,100,5,29,0.18637399886
4,1,4,1000000,10,0,1,10,1024,100,2,0,0.00195803461619
2,10,4,10,1,0,1,1000,512,10000,2,0,1.72481027087e-05
4,10,2,10,10,1,1,10,512,100,5,29,0.000158232594415
2,10,4,10,1,0,1000,10,512,100,2,0,0.000624681285059
4,10,4,10,1,1,1000,1000,1024,10000,2,0,0.00138734739179
4,1,4,10,10,0,1000,1000,512,10000,2,29,0.0549674535801
4,1,4,1000000,1,1,1,1000,1024,10000,5,29,0.00167606563278
4,10,2,10,10,0,1000,1000,512,10000,2,29,0.0496827848937
4,10,4,10,10,0,1,10,1024,100,2,29,4.42451330354e-05
2,10,4,10,1,1,1000,1000,512,10000,5,29,0.00334463209047
4,1,4,1000000,10,1,1000,10,512,100,2,0,0.0139184689684
2,10,2,10,1,1,1000,10,512,100,2,0,0.00161007289198
2,1,2,10,1,0,1,1000,512,10000,5,29,2.09976902541e-05
4,1,2,1000000,1,1,1000,1000,1024,10000,2,29,0.260229624741
2,1,4,10,10,1,1000,10,1024,100,2,29,0.0210449350571
2,10,2,10,1,0,1000,10,1024,100,5,0,0.00486096529382
2,1,2,10,1,1,1,10,512,100,2,29,1.72481027087e-05
4,1,4,10,1,1,1,10,1024,100,2,29,1.94978552359e-05
4,10,4,1000000,1,0,1000,1000,512,10000,5,29,0.466790653028
2,10,2,1000000,1,1,1,10,512,100,5,29,0.00131760506344
4,10,4,10,1,1,1,1000,1024,10000,2,0,2.62471128176e-05
4,1,4,10,10,1,1,1000,512,10000,2,0,4.64948855626e-05
2,10,2,10,1,1,1,10,1024,100,2,29,1.72481027087e-05
4,1,4,1000000,1,1,1,10,1024,100,2,29,0.00070417254102
4,1,4,10,10,1,1,10,512,100,2,29,3.97456279809e-05
2,10,4,10,10,1,1,10,512,100,2,29,1.79980202178e-05
4,1,2,1000000,10,1,1,1000,1024,10000,2,29,0.00246422893482
4,1,2,1000000,1,0,1,1000,512,10000,5,0,0.00220850706422
2,1,4,10,1,0,1000,10,1024,100,2,0,0.00106263311036
4,10,4,10,10,0,1000,1000,1024,10000,5,29,0.193658697543
4,1,4,10,1,0,1000,10,512,100,5,29,0.00753217146114
2,10,2,10,1,0,1000,1000,1024,10000,2,29,0.00161457239704
4,1,4,10,1,0,1000,1000,512,10000,5,0,0.00761016288208
2,1,2,1000000,1,1,1,10,1024,100,2,0,0.000919398866125
4,10,4,10,10,1,1,1000,1024,10000,2,29,4.87446380898e-05
2,1,4,10,1,1,1000,1000,512,10000,5,0,0.00384482706902
2,10,4,10,1,1,1000,10,1024,100,5,0,0.00325539190689
4,1,4,10,1,0,1000,10,1024,100,2,0,0.00199853016168
2,1,4,10,1,1,1000,1000,1024,10000,2,0,0.000964393916669
4,1,2,1000000,10,1,1000,10,512,100,2,29,0.0024874763776
4,10,2,10,10,0,1000,10,512,100,5,0,0.186862945076
4,10,4,1000000,10,0,1,10,1024,100,2,0,0.00596484386717
2,10,2,10,10,0,1000,10,1024,100,5,0,0.0662312145664
4,1,2,1000000,1,0,1,10,1024,100,2,0,0.000389207187209
4,10,4,1000000,10,0,1000,1000,1024,10000,2,29,0.00463973962864
4,1,4,10,10,1,1000,10,512,100,2,29,0.0485714071452
4,1,2,1000000,1,0,1,1000,512,10000,2,29,0.000387707352191
4,10,2,10,1,1,1000,10,512,100,2,0,0.00247472777994
2,1,4,1000000,1,0,1,10,512,100,5,0,0.00177205507394
2,1,2,1000000,1,1,1000,1000,1024,10000,2,0,0.266561928188
2,1,4,10,10,1,1,10,1024,100,5,29,3.74958754537e-05
2,1,4,10,1,0,1,10,512,100,2,29,1.72481027087e-05
4,1,2,10,1,1,1000,1000,512,10000,2,0,0.00330113687494
4,1,2,1000000,10,0,1,1000,1024,10000,5,0,0.0257739148694
2,10,2,10,10,0,1000,1000,1024,10000,2,29,0.0230209676936
4,1,4,1000000,1,1,1,10,512,100,5,29,0.00164531901491
2,1,2,10,10,0,1,10,1024,100,5,0,3.14965353811e-05
4,10,4,10,10,1,1000,1000,512,10000,2,29,0.0748717641059
4,10,4,1000000,1,1,1000,10,1024,100,2,0,0.15350136485
2,1,2,10,10,0,1,1000,1024,10000,5,0,3.44962054174e-05
4,10,4,10,10,0,1000,10,1024,100,2,0,0.0642086870444
2,10,4,10,1,1,1000,1000,1024,10000,5,0,0.00402705702373
2,1,2,1000000,1,1,1000,1000,1024,10000,2,29,0.0147868734439
2,1,4,1000000,1,0,1000,10,1024,100,2,29,0.0840515043345
2,10,2,1000000,1,0,1,10,512,100,2,29,0.000480697123316
4,1,4,10,1,1,1000,1000,1024,10000,2,29,0.00136559978402
4,10,4,1000000,1,1,1,10,1024,100,5,0,0.00154258031617
2,1,4,1000000,1,0,1000,1000,512,10000,5,0,0.0607785643579
4,1,4,10,1,1,1000,1000,512,10000,5,29,0.00872529021808
4,1,4,10,1,0,1,1000,512,10000,5,0,3.14965353811e-05
4,10,4,10,1,1,1000,10,1024,100,5,29,0.00453175150733
2,1,4,10,10,1,1000,10,1024,100,5,29,0.054623991361
2,10,2,1000000,1,1,1,10,512,100,2,29,0.00047769745328
4,1,4,10,10,1,1000,1000,512,10000,5,0,0.142011878693
2,10,4,10,1,1,1,1000,1024,10000,5,0,1.94978552359e-05
2,1,2,10,10,1,1,1000,1024,10000,5,29,6.14932357441e-05
4,1,4,10,1,1,1,10,1024,100,2,0,2.24975252722e-05
2,1,4,10,1,0,1000,1000,512,10000,5,0,0.00450025497195
4,10,2,1000000,10,1,1,10,512,100,2,0,0.0136559978402
4,10,4,1000000,10,1,1,10,512,100,5,0,0.0054878963314
2,10,2,10,1,1,1000,1000,1024,10000,5,0,0.00542265350811
2,1,4,10,1,1,1,10,1024,100,2,0,1.72481027087e-05
2,1,4,10,10,1,1,10,512,100,2,29,2.32474427813e-05
2,1,4,10,10,1,1000,1000,1024,10000,2,0,0.0215091339953
4,1,2,10,10,1,1,10,1024,100,5,0,0.000140984491706
2,1,4,1000000,1,0,1,1000,512,10000,2,29,0.00578186399496
2,1,2,10,10,1,1000,10,512,100,5,0,0.0521222665507
4,10,4,1000000,1,1,1,1000,1024,10000,2,0,0.0016775654678
4,10,4,10,1,1,1,10,512,100,2,29,2.0247772745e-05
4,1,4,10,1,0,1000,1000,512,10000,5,29,0.00781339052704
4,10,4,1000000,1,0,1,1000,512,10000,5,29,0.00165281819
2,10,2,10,1,1,1000,1000,1024,10000,5,29,0.00568137504874
2,10,4,1000000,1,0,1000,10,512,100,5,29,0.0454682484927
2,10,4,10,10,1,1,10,512,100,5,29,4.42451330354e-05
2,1,2,1000000,1,0,1,10,512,100,2,29,0.000974892761796
4,10,2,10,1,1,1000,10,1024,100,5,0,0.00669601343852
4,1,2,10,10,1,1,1000,512,10000,5,29,0.000148483666797
2,10,4,10,10,0,1,10,512,100,2,29,1.79980202178e-05
2,10,4,10,10,1,1000,1000,512,10000,2,0,0.023715391307
4,1,2,10,1,0,1000,1000,512,10000,2,29,0.00374808771035
4,10,2,1000000,1,0,1,10,512,100,5,29,0.00163557008729
4,10,4,10,1,0,1,10,1024,100,5,29,2.9996700363e-05
2,10,2,1000000,1,0,1000,1000,1024,10000,2,0,0.0420283768785
2,1,2,1000000,1,0,1000,1000,1024,10000,2,0,0.288929717731
4,1,2,1000000,1,1,1,10,1024,100,5,29,0.00203977562468
2,1,2,10,1,0,1,1000,1024,10000,2,0,1.72481027087e-05
4,10,2,10,1,1,1000,1000,1024,10000,5,29,0.00690524042355
4,1,4,1000000,10,1,1000,1000,512,10000,2,29,0.0144389117197
2,1,2,10,1,1,1000,1000,1024,10000,5,0,0.00553139154693
4,10,2,1000000,10,0,1,10,512,100,2,0,0.00513693493716
2,1,4,1000000,1,1,1,1000,512,10000,5,0,0.0148648648649
4,1,2,10,10,1,1,10,512,100,5,0,0.000143234244233
2,10,2,10,1,1,1000,10,1024,100,5,29,0.0048677145514
4,1,2,10,1,0,1,10,1024,100,5,0,2.84968653448e-05
4,1,4,1000000,1,1,1000,10,1024,100,2,29,0.0428585355611
4,1,2,1000000,1,1,1,1000,512,10000,5,29,0.00196628370879
2,1,4,10,1,0,1000,1000,1024,10000,2,29,0.00121111677715
2,1,2,10,10,1,1,1000,512,10000,5,0,3.29963703993e-05
4,1,4,1000000,1,0,1,1000,512,10000,2,0,0.000701172870984
2,1,4,10,10,1,1000,1000,1024,10000,2,29,0.0219268380478
4,1,2,1000000,10,1,1,1000,1024,10000,5,0,0.0123263940966
2,10,4,1000000,1,1,1,1000,1024,10000,2,0,0.000488946215916
2,10,4,1000000,1,0,1,10,512,100,2,0,0.000563937966824
4,1,4,1000000,10,1,1,10,512,100,2,29,0.00323889372169
4,10,2,1000000,1,0,1000,10,1024,100,5,29,0.735876803552
4,10,2,10,1,0,1000,1000,512,10000,5,29,0.00639079701233
4,10,2,10,1,0,1000,1000,1024,10000,5,0,0.00789063203048
4,10,4,10,10,0,1,10,1024,100,5,0,0.000242223355431
4,10,4,10,10,0,1,1000,1024,10000,2,29,4.72448030717e-05
4,10,2,10,10,1,1,10,512,100,5,0,0.000152233254342
2,10,4,1000000,1,0,1,1000,512,10000,5,29,0.00131835498095
2,10,2,10,1,0,1000,10,1024,100,5,29,0.00509493955665
2,1,2,10,1,0,1000,10,512,100,2,0,0.00149983501815
4,1,2,10,10,0,1000,1000,512,10000,2,29,0.0468405975343
4,1,2,1000000,1,1,1000,1000,1024,10000,5,0,0.131969733329
4,1,2,10,10,0,1000,10,1024,100,2,0,0.0430865104838
4,10,4,10,10,1,1000,1000,1024,10000,5,29,0.174046104928
2,10,2,1000000,1,1,1000,1000,512,10000,2,29,0.14874763776
4,10,4,10,1,0,1,10,512,100,5,0,3.0746617872e-05
4,10,4,1000000,1,1,1,10,1024,100,2,29,0.000569187389387
4,10,2,10,10,1,1,10,1024,100,2,0,7.34919158893e-05
4,10,4,10,1,1,1000,10,512,100,2,29,0.00121636619972
2,1,4,1000000,1,0,1,1000,1024,10000,2,0,0.000965143834178
4,1,4,1000000,1,1,1,10,512,100,2,29,0.000709421963584
2,10,4,10,1,0,1,10,512,100,2,0,1.72481027087e-05
4,1,2,10,1,1,1000,10,1024,100,5,29,0.00831208567058
4,10,2,10,10,1,1,10,1024,100,5,0,0.000159732429433
4,10,4,1000000,10,1,1000,10,512,100,2,29,0.00533491315955
4,1,4,10,10,1,1000,1000,1024,10000,5,29,0.146508384078
2,1,4,10,10,0,1,10,512,100,5,0,5.47439781624e-05
4,1,2,10,10,0,1,10,512,100,5,0,0.000377208507064
4,10,2,10,1,0,1000,1000,1024,10000,5,29,0.00677325494196
2,10,4,10,1,0,1,1000,1024,10000,5,0,1.87479377269e-05
4,1,2,1000000,1,1,1000,10,1024,100,2,29,0.136862945076
4,10,2,1000000,1,1,1,10,1024,100,2,29,0.000417704052554
2,1,2,1000000,1,1,1000,1000,512,10000,2,29,0.045374508804
4,1,4,1000000,10,1,1000,10,1024,100,2,0,0.00709196988331
2,10,2,1000000,1,0,1000,10,512,100,2,29,0.114720130786
2,1,4,1000000,1,0,1000,10,512,100,2,29,0.0050326964034
4,10,2,10,1,1,1,10,512,100,5,0,3.0746617872e-05
4,1,2,10,1,0,1,1000,1024,10000,5,29,3.14965353811e-05
2,10,4,10,1,0,1,10,1024,100,2,0,1.72481027087e-05
2,10,4,1000000,1,1,1000,10,512,100,2,29,0.153915319315
4,1,4,1000000,1,1,1000,1000,512,10000,5,0,1.0
4,10,4,1000000,1,0,1,10,1024,100,5,0,0.00156657767646
4,10,4,1000000,10,0,1000,1000,512,10000,2,0,0.00451450340463
4,10,4,10,10,1,1,1000,512,10000,2,29,4.42451330354e-05
4,10,2,1000000,10,1,1,1000,512,10000,5,29,0.00741143474218
2,1,4,10,10,1,1,10,512,100,2,0,1.87479377269e-05
2,1,2,10,1,0,1,1000,512,10000,2,0,1.72481027087e-05
2,10,2,1000000,1,0,1000,1000,512,10000,2,0,0.103436122027
4,10,4,10,1,0,1000,10,512,100,5,0,0.00444776074632
2,10,4,1000000,1,1,1,10,512,100,5,29,0.0013056063833
2,10,2,10,1,1,1,1000,1024,10000,2,0,1.94978552359e-05
4,1,2,1000000,1,0,1,10,512,100,2,0,0.000392206857246
4,10,2,1000000,10,0,1,10,512,100,5,0,0.00809011008789
4,1,2,1000000,10,0,1,1000,512,10000,2,29,0.00238323784384
4,10,4,1000000,1,1,1000,10,1024,100,5,29,0.0549622041575
4,10,4,1000000,1,0,1000,1000,1024,10000,5,0,0.297603263641
4,10,4,1000000,1,1,1000,1000,512,10000,2,29,0.0232256951735
2,10,2,10,10,0,1,1000,1024,10000,2,29,1.87479377269e-05
4,10,2,1000000,10,1,1000,10,512,100,2,29,0.010871554129
4,1,2,10,10,1,1,1000,1024,10000,2,29,4.57449680535e-05
4,10,2,10,10,0,1,1000,512,10000,2,29,4.27452980172e-05
2,1,2,10,1,0,1,1000,1024,10000,5,0,1.72481027087e-05
2,10,2,10,10,1,1000,1000,1024,10000,5,0,0.0653013168551
2,1,2,1000000,1,0,1,1000,1024,10000,5,0,0.00163931967484
4,1,2,10,1,1,1,10,1024,100,5,0,0.000250472448031
4,10,2,10,1,0,1000,10,512,100,2,29,0.00250322464529
4,1,4,10,1,1,1000,1000,512,10000,2,0,0.00200902900681
4,1,2,10,10,1,1000,10,512,100,5,29,0.112082670906
2,1,4,10,10,1,1000,1000,512,10000,2,0,0.0221608123106
2,10,4,10,1,0,1,10,1024,100,5,0,1.72481027087e-05
4,1,2,10,1,1,1000,10,512,100,2,29,0.00284218735939
2,10,4,1000000,1,1,1,1000,512,10000,2,29,0.000505444401116
2,10,2,10,10,1,1,10,512,100,2,29,1.94978552359e-05
4,1,2,1000000,10,1,1,10,1024,100,2,29,0.00315565287818
2,10,2,10,10,0,1000,1000,1024,10000,5,0,0.0645049044605
4,10,2,1000000,1,1,1000,1000,1024,10000,5,29,0.20684899661
4,1,2,10,10,1,1000,10,1024,100,5,0,0.123893121757
4,1,4,1000000,1,0,1,10,512,100,2,0,0.00069667336593
2,10,2,10,1,1,1,1000,512,10000,2,29,1.72481027087e-05
4,10,2,1000000,1,1,1000,10,512,100,2,29,0.0409762426133
2,1,2,10,1,0,1000,1000,512,10000,5,29,0.0051736808951
4,10,2,10,10,0,1,1000,1024,10000,5,0,0.00016198218196
2,1,2,10,1,0,1000,1000,1024,10000,2,0,0.00151333353331
4,1,4,10,1,0,1000,10,512,100,2,29,0.00164681884993
2,10,4,1000000,1,0,1,1000,1024,10000,2,0,0.000491195968443
4,1,2,1000000,10,1,1,1000,512,10000,2,29,0.00324714281429
4,1,2,10,1,0,1000,10,1024,100,5,0,0.00829633740289
4,1,4,10,10,0,1,10,512,100,2,29,4.27452980172e-05
4,1,2,1000000,1,1,1,10,1024,100,2,0,0.000403455619882
2,10,4,10,10,0,1000,10,512,100,2,29,0.0235901550829
2,10,4,10,1,1,1,10,512,100,5,29,2.0247772745e-05
4,1,2,10,10,0,1000,10,512,100,5,29,0.116460689324
4,10,2,1000000,1,1,1000,10,1024,100,2,29,0.0211619221886
2,1,2,10,10,0,1,1000,512,10000,5,0,0.000431952485227
2,1,2,10,10,0,1,1000,1024,10000,2,29,1.94978552359e-05
2,10,2,10,10,1,1,10,1024,100,5,0,3.97456279809e-05
4,10,2,1000000,1,1,1,1000,1024,10000,5,0,0.00165731769505
4,10,4,10,10,1,1,10,1024,100,5,29,0.000168731439542
2,10,2,10,10,0,1,10,1024,100,2,29,1.79980202178e-05
2,10,2,10,1,1,1000,1000,1024,10000,2,0,0.00136559978402
4,1,4,10,10,0,1,1000,1024,10000,2,0,4.57449680535e-05
4,1,4,10,1,0,1,1000,512,10000,5,29,0.000287968323484
2,1,2,10,10,0,1,10,1024,100,2,29,1.87479377269e-05
2,1,4,10,1,1,1000,10,512,100,5,29,0.0038013318535
4,1,4,10,1,0,1,1000,1024,10000,5,0,3.14965353811e-05
2,10,2,10,10,0,1,10,1024,100,5,29,4.12454629991e-05
2,1,4,10,10,0,1,1000,512,10000,2,0,1.87479377269e-05
4,1,2,10,10,0,1,1000,512,10000,5,29,0.00014548399676
4,10,4,10,1,0,1,10,512,100,2,0,2.32474427813e-05
2,10,4,10,1,1,1000,1000,512,10000,5,0,0.00387407385188
4,1,2,1000000,1,1,1,1000,512,10000,2,29,0.000394456609773
2,10,4,1000000,1,0,1000,10,512,100,5,0,0.0471030686624
4,10,2,1000000,1,1,1,1000,512,10000,2,0,0.000446950835408
2,10,4,1000000,1,0,1,10,512,100,2,29,0.00471323154453
2,1,2,10,1,1,1000,1000,512,10000,5,29,0.00579986201518
4,10,4,10,10,1,1000,10,512,100,5,29,0.137387137415
2,10,4,10,1,0,1000,10,512,100,5,0,0.00333263341032
4,1,4,1000000,1,0,1000,1000,1024,10000,5,29,0.225992890782
2,1,2,1000000,1,0,1,1000,512,10000,5,0,0.281569277379
2,10,4,1000000,1,0,1000,1000,1024,10000,5,0,0.38738263791
2,10,2,10,1,0,1,10,1024,100,2,0,1.72481027087e-05
4,10,4,10,10,1,1,10,1024,100,2,29,4.42451330354e-05
2,1,2,10,1,1,1000,10,1024,100,5,29,0.00528316885143
4,10,4,10,1,0,1,10,1024,100,2,29,2.17476077631e-05
4,10,4,1000000,1,0,1,10,512,100,5,29,0.00156132825389
2,10,2,1000000,1,0,1000,1000,1024,10000,2,29,0.0258526562078
2,10,2,10,10,1,1000,1000,512,10000,2,29,0.0239538650748
4,1,4,1000000,1,0,1,1000,512,10000,5,29,0.0104336023037
4,1,4,10,10,0,1,10,512,100,5,0,0.000158982511924
2,10,4,10,1,0,1,1000,1024,10000,2,0,1.72481027087e-05
4,1,4,10,1,0,1000,1000,1024,10000,5,0,0.00834883162852
4,1,2,10,10,0,1000,1000,512,10000,5,29,0.130649878513
2,1,2,10,1,0,1000,10,512,100,5,0,0.00797612262651
4,1,2,10,1,0,1000,10,512,100,5,29,0.00888727240004
4,1,2,10,10,1,1000,10,1024,100,5,29,0.112237903831
2,1,2,10,10,0,1000,1000,1024,10000,2,29,0.0233119356871
2,10,2,10,1,0,1000,1000,1024,10000,2,0,0.00169256381798
2,10,2,1000000,1,1,1,10,512,100,2,0,0.000504694483607
2,1,4,1000000,1,1,1,10,1024,100,5,29,0.0017270600234
4,10,2,10,1,1,1,10,1024,100,2,29,2.0247772745e-05
4,10,2,1000000,1,1,1,10,512,100,5,29,0.0016198218196
2,1,4,10,10,0,1000,10,512,100,5,0,0.0887797342292
4,10,4,10,1,1,1,10,1024,100,2,29,2.17476077631e-05
2,1,2,1000000,1,1,1,10,512,100,2,29,0.000975642679305
4,1,4,10,1,0,1,10,1024,100,2,29,2.39973602904e-05
4,1,4,10,1,0,1,10,512,100,2,29,2.39973602904e-05
4,10,4,10,10,0,1,10,512,100,2,29,4.79947205807e-05
2,10,2,1000000,1,0,1,1000,512,10000,5,0,0.00140309565948
4,1,2,10,1,1,1,1000,1024,10000,2,0,2.39973602904e-05
2,1,2,10,1,0,1000,10,1024,100,2,29,0.00151858295587
2,1,4,10,10,0,1000,10,512,100,2,0,0.0376773554909
4,10,2,10,1,1,1000,1000,1024,10000,2,0,0.00195728469868
4,1,4,1000000,10,1,1,10,512,100,2,0,0.00333413324534
4,10,4,10,10,0,1000,1000,512,10000,5,29,0.133822779494
4,10,2,1000000,1,0,1000,10,512,100,2,0,0.16800026997
2,10,2,10,1,0,1,1000,1024,10000,2,0,1.72481027087e-05
2,10,2,10,1,0,1000,1000,512,10000,2,29,0.00168206497285
2,10,2,10,1,0,1,1000,1024,10000,5,0,2.0247772745e-05
4,1,4,1000000,1,0,1,10,512,100,2,29,0.000705672376039
4,1,2,10,1,0,1000,1000,512,10000,5,0,0.0990851006389
4,1,2,1000000,1,0,1,10,1024,100,5,0,0.00196253412125
4,10,2,10,1,1,1,1000,1024,10000,2,29,3.44962054174e-05
2,1,2,1000000,1,0,1,1000,1024,10000,2,0,0.000920898701143
4,1,4,10,10,0,1,1000,512,10000,5,0,0.000206227314995
2,10,2,1000000,1,0,1,1000,1024,10000,2,0,0.000533191348952
2,1,2,10,10,1,1,10,512,100,2,0,1.87479377269e-05
2,1,4,10,1,0,1,10,512,100,5,0,1.87479377269e-05
2,1,2,10,10,0,1,1000,512,10000,5,29,3.44962054174e-05
4,1,2,1000000,1,1,1,10,512,100,5,0,0.00195278519363
4,1,2,10,1,0,1,1000,1024,10000,2,29,2.24975252722e-05
4,1,2,1000000,10,0,1,10,1024,100,5,29,0.0134625191229
2,10,2,10,10,0,1000,1000,512,10000,5,29,0.063929717731
4,1,4,10,10,1,1000,10,1024,100,5,29,0.124181839998
4,10,4,10,10,0,1000,1000,1024,10000,2,29,0.0795594984552
2,10,4,10,1,0,1,1000,512,10000,5,0,1.72481027087e-05
2,1,2,10,1,0,1000,10,512,100,2,29,0.00141809400966
4,10,2,10,1,0,1000,1000,512,10000,5,0,0.00623781384048
2,10,2,10,1,0,1000,10,1024,100,2,0,0.00141809400966
2,10,4,10,1,1,1,1000,512,10000,5,0,1.79980202178e-05
4,1,2,10,1,0,1,10,512,100,2,0,2.09976902541e-05
4,1,2,10,10,0,1000,1000,1024,10000,2,29,0.0457892131865
2,1,4,10,10,0,1,1000,1024,10000,2,29,1.79980202178e-05
4,1,2,1000000,10,0,1000,10,1024,100,2,0,0.0579408765036
2,1,4,1000000,1,0,1,10,512,100,2,0,0.000959894411615
2,1,2,1000000,1,1,1,1000,1024,10000,2,29,0.000989891111978
4,1,4,10,1,0,1,10,512,100,5,29,2.9996700363e-05
4,10,2,10,10,0,1,1000,1024,10000,5,29,0.000169481357051
4,10,4,1000000,10,1,1000,10,1024,100,5,29,0.00129960704323
2,10,4,10,1,0,1000,10,1024,100,2,29,0.000616432192459
2,1,4,10,10,1,1,1000,512,10000,2,0,1.87479377269e-05
2,1,4,10,1,1,1000,1000,512,10000,5,29,0.00417779044305
4,10,2,1000000,10,0,1000,1000,1024,10000,2,29,0.0259336472988
2,10,2,1000000,1,0,1000,10,512,100,5,29,0.610405105438
4,1,2,10,1,1,1,1000,512,10000,5,29,3.0746617872e-05
4,1,2,1000000,1,0,1,1000,512,10000,2,0,0.000399706032336
4,1,2,10,1,0,1,1000,512,10000,5,0,2.9996700363e-05
4,10,2,10,10,0,1,1000,512,10000,2,0,7.19920808711e-05
4,10,4,1000000,1,0,1000,1000,512,10000,5,0,0.679378768335
4,10,2,1000000,1,0,1,1000,512,10000,5,0,0.00159957404685
4,10,4,10,10,1,1,1000,1024,10000,2,0,4.34952155263e-05
2,1,2,10,1,0,1000,10,1024,100,5,29,0.00526742058374
4,1,2,10,10,1,1000,1000,1024,10000,5,0,0.119590845007
2,10,4,1000000,1,0,1,10,1024,100,2,0,0.000509193988661
4,1,2,10,10,0,1,10,512,100,2,0,3.74958754537e-05
2,1,2,10,10,1,1000,10,512,100,5,29,0.0502977172511
4,1,2,10,1,0,1,1000,512,10000,2,29,2.24975252722e-05
4,1,2,10,10,0,1000,1000,1024,10000,5,29,0.113416024237
2,1,4,1000000,1,1,1,1000,1024,10000,2,29,0.000974892761796
2,10,2,1000000,1,0,1000,1000,512,10000,5,0,0.437675855656
2,10,4,10,10,0,1000,10,512,100,5,29,0.0570687224405
2,1,4,1000000,1,1,1,10,1024,100,2,29,0.00098764135945
2,10,2,10,10,0,1,10,1024,100,5,0,4.42451330354e-05
4,1,2,10,10,1,1,1000,1024,10000,5,29,0.000209226985032
2,10,4,1000000,1,0,1,10,1024,100,5,29,0.00135210126886
4,10,4,10,10,1,1000,1000,1024,10000,2,0,0.0585025647179
4,10,4,10,10,0,1,1000,512,10000,5,29,0.000176980532141
4,10,2,1000000,1,0,1,1000,512,10000,2,29,0.000425953145154
2,10,2,10,10,0,1000,10,512,100,2,0,0.0227210006899
4,1,4,10,10,1,1000,10,512,100,2,0,0.0480082190959
2,1,2,1000000,1,0,1000,1000,512,10000,2,0,0.16116927138
2,10,4,1000000,1,1,1,1000,512,10000,2,0,0.000538440771515
4,10,4,10,10,1,1000,10,1024,100,2,0,0.0717641059483
4,1,2,10,10,1,1000,10,1024,100,2,0,0.043929417764
2,10,4,10,10,1,1000,10,1024,100,2,0,0.0237401385848
4,1,4,10,1,1,1,1000,1024,10000,5,0,3.22464528902e-05
2,10,2,10,10,1,1000,10,512,100,2,29,0.0227037525872
4,10,4,10,10,1,1000,10,1024,100,5,29,0.165662027177
2,1,2,10,1,1,1,10,512,100,5,0,1.87479377269e-05
4,1,2,10,10,1,1000,1000,512,10000,2,0,0.0514000959894
2,10,2,10,10,0,1000,10,1024,100,5,29,0.0654565497795
2,1,2,10,1,1,1,1000,1024,10000,5,0,1.79980202178e-05
2,10,4,1000000,1,0,1000,1000,1024,10000,5,29,0.0335220625731
4,1,4,10,1,0,1000,10,1024,100,2,29,0.00130410654828
2,1,2,10,10,0,1000,10,512,100,5,29,0.0530724120347
4,1,2,10,10,1,1,10,512,100,2,0,4.27452980172e-05
2,1,4,1000000,1,1,1,1000,512,10000,5,29,0.00170681225065
4,1,2,10,1,1,1,1000,1024,10000,5,29,4.049554549e-05
4,10,4,1000000,1,0,1,1000,512,10000,2,0,0.000553439121697
4,10,4,1000000,1,0,1,10,512,100,2,0,0.000557938626751
4,10,4,1000000,1,1,1,10,512,100,2,0,0.00055868854426
4,1,4,10,10,1,1000,1000,1024,10000,2,0,0.0543270240274
4,10,4,10,10,1,1000,1000,1024,10000,5,0,0.175583435822
2,10,4,10,10,0,1000,10,1024,100,5,0,0.0583615802262
4,1,4,10,10,0,1000,1000,1024,10000,2,0,0.0511758706542
4,1,2,10,10,1,1000,1000,512,10000,5,29,0.125202477727
4,1,4,1000000,1,1,1,10,512,100,5,0,0.00164306926238
2,10,4,10,10,0,1000,1000,1024,10000,2,29,0.0240041095479
4,10,4,1000000,10,0,1000,10,1024,100,2,0,0.0160579836218
2,10,4,1000000,1,0,1000,10,512,100,2,0,0.141981132075
4,10,2,1000000,10,0,1,1000,512,10000,5,29,0.0367497075322
2,1,2,10,10,1,1000,1000,1024,10000,2,0,0.023632900381
4,1,2,1000000,10,0,1000,10,512,100,2,29,0.0144344122147
2,10,4,10,10,1,1,1000,1024,10000,5,0,4.34952155263e-05
4,1,4,10,1,0,1,10,1024,100,5,29,2.9996700363e-05
2,1,4,10,1,0,1000,10,1024,100,2,29,0.000941146473888
4,10,2,10,10,1,1000,10,1024,100,2,0,0.0552449230585
4,1,2,10,10,0,1000,10,512,100,2,29,0.0419601343852
4,10,2,10,1,0,1000,10,1024,100,5,29,0.00745118037016
4,10,4,10,1,1,1000,1000,1024,10000,5,29,0.00484671686115
4,10,2,1000000,1,0,1000,1000,512,10000,5,29,0.122018327984
2,10,4,10,10,1,1000,1000,512,10000,2,29,0.0248402675706
2,1,4,10,1,1,1000,10,1024,100,2,29,0.000971143174251
2,1,4,1000000,1,1,1,10,512,100,2,0,0.000962894081651
2,1,2,1000000,1,0,1000,1000,512,10000,5,0,0.0746280409155
2,1,4,10,10,1,1000,10,512,100,2,29,0.0217108618052
4,1,4,10,10,1,1000,10,1024,100,2,0,0.0490093589705
4,1,2,1000000,1,0,1,1000,1024,10000,5,29,0.00193478717341
2,1,2,10,1,1,1000,10,512,100,5,29,0.00526892041875
4,1,4,10,1,1,1000,10,1024,100,2,29,0.00169556348802
4,1,4,10,1,0,1000,10,1024,100,5,29,0.00843207247203
2,10,4,10,1,1,1,10,512,100,2,29,1.72481027087e-05
4,1,2,1000000,10,1,1,1000,1024,10000,5,29,0.010246872844
2,10,4,10,1,1,1000,10,1024,100,2,29,0.000662177160512
2,1,2,10,1,0,1000,1000,1024,10000,5,0,0.00564912859585
4,1,4,1000000,10,0,1,1000,1024,10000,5,0,0.0154093049765
4,10,2,10,1,1,1000,10,512,100,5,0,0.00724345322015
2,1,4,10,1,1,1000,1000,1024,10000,5,29,0.00380358160602
2,1,4,10,1,1,1,1000,1024,10000,5,0,1.79980202178e-05
4,10,2,10,10,1,1000,10,512,100,2,29,0.0489696133425
4,10,2,10,10,1,1,10,512,100,2,0,7.42418333983e-05
4,10,2,1000000,1,1,1000,10,512,100,2,0,0.144010408855
2,1,4,10,10,0,1,10,1024,100,2,29,1.94978552359e-05
4,1,2,1000000,1,1,1000,10,1024,100,2,0,0.280392656808
4,10,4,1000000,1,1,1000,10,512,100,2,0,0.157671656118
4,10,2,10,1,0,1,1000,512,10000,5,0,3.29963703993e-05
4,10,4,10,1,1,1,10,1024,100,5,29,3.0746617872e-05
2,1,4,10,1,0,1,10,1024,100,5,29,1.79980202178e-05
4,1,2,10,1,0,1000,10,512,100,2,29,0.00285793562708
2,10,4,10,1,0,1000,1000,512,10000,5,0,0.00313840477547
2,10,4,10,10,1,1,1000,512,10000,5,0,4.34952155263e-05
2,1,2,10,10,0,1,10,512,100,2,29,1.87479377269e-05
2,1,2,10,10,0,1000,1000,512,10000,5,0,0.0812168161502
2,1,2,10,1,0,1,10,1024,100,2,29,1.72481027087e-05
4,10,4,10,10,1,1000,1000,512,10000,5,0,0.16380973093
4,10,4,1000000,10,0,1000,1000,512,10000,5,0,0.0227217506074
2,10,4,1000000,1,0,1000,1000,512,10000,5,0,0.381456789753
2,1,4,10,1,1,1000,1000,1024,10000,5,0,0.00393181750007
4,10,4,1000000,10,0,1,1000,512,10000,5,29,0.0182012478627
4,1,4,10,10,1,1,10,512,100,2,0,4.64948855626e-05
4,1,4,10,10,1,1000,10,1024,100,5,0,0.147932477427
2,10,4,10,10,0,1000,10,512,100,5,0,0.0572082070972
4,10,2,10,10,0,1000,10,1024,100,5,29,0.157968623451
2,1,2,10,1,0,1,10,512,100,2,0,1.72481027087e-05
2,10,2,10,1,1,1,1000,1024,10000,2,29,1.72481027087e-05
2,10,4,10,10,1,1000,1000,512,10000,5,29,0.0621831598524
4,10,4,10,1,0,1000,10,512,100,5,29,0.00493520712722
4,1,2,10,1,1,1,10,1024,100,5,29,2.92467828539e-05
4,10,4,10,1,1,1000,10,512,100,5,0,0.00586510483847
4,10,2,10,10,1,1000,10,512,100,5,0,0.160015898251
4,10,4,10,1,1,1,1000,1024,10000,5,29,3.0746617872e-05
4,10,4,10,1,0,1,10,512,100,2,29,2.0247772745e-05
2,1,4,1000000,1,0,1,10,512,100,5,29,0.00168881423043
4,1,4,1000000,10,0,1,1000,1024,10000,2,29,0.00322014578396
2,10,2,1000000,1,1,1000,1000,1024,10000,2,29,0.16258136605
4,10,2,10,1,1,1000,10,512,100,5,29,0.00617182109968
2,10,4,10,1,1,1000,10,512,100,5,0,0.00336937936827
4,1,4,10,1,0,1,1000,512,10000,2,0,2.0247772745e-05
4,10,4,10,1,1,1,1000,512,10000,5,29,3.29963703993e-05
4,1,4,10,1,0,1000,10,1024,100,5,0,0.00721945585986
2,1,4,10,1,1,1000,10,1024,100,5,0,0.0038095809461
4,10,4,10,1,1,1,1000,512,10000,2,29,2.62471128176e-05
4,1,4,10,10,1,1,10,512,100,5,29,0.000150733419324
2,10,4,1000000,1,1,1,10,1024,100,5,29,0.00134310225875
4,10,2,10,1,1,1,10,1024,100,5,29,3.22464528902e-05
4,10,4,10,10,0,1,1000,1024,10000,5,29,0.000158232594415
4,1,2,1000000,10,0,1000,1000,512,10000,2,0,0.0185882052974
4,1,4,1000000,10,0,1,1000,512,10000,2,29,0.00329063802982
4,10,4,10,10,0,1,1000,512,10000,2,0,4.64948855626e-05
4,10,4,10,1,1,1000,1000,512,10000,5,29,0.00605858355581
2,10,2,10,10,0,1,1000,512,10000,5,29,4.34952155263e-05
2,10,4,10,10,1,1000,10,512,100,5,29,0.0563855475898
4,1,4,1000000,10,1,1,1000,512,10000,2,29,0.00250997390287
2,10,2,1000000,1,0,1,10,1024,100,2,0,0.000489696133425
2,1,2,10,10,0,1000,1000,512,10000,5,29,0.0542565317815
4,10,4,10,10,1,1,10,512,100,5,29,0.000168731439542
2,10,2,1000000,1,0,1,1000,1024,10000,2,29,0.000514443411225
2,10,2,1000000,1,1,1,1000,512,10000,5,0,0.00143234244233
2,10,2,10,10,0,1,10,512,100,2,0,1.94978552359e-05
4,10,4,10,1,0,1000,1000,1024,10000,2,0,0.00127635960044
4,1,4,1000000,10,1,1,10,1024,100,2,29,0.00330638629751
4,1,4,10,10,1,1,10,1024,100,2,0,4.87446380898e-05
4,10,2,10,1,1,1,1000,512,10000,2,0,2.0247772745e-05
4,1,4,10,10,0,1000,10,1024,100,5,0,0.123233194349
4,10,4,1000000,1,1,1,1000,512,10000,2,29,0.00360860305366
2,10,4,10,10,0,1,1000,1024,10000,5,0,4.12454629991e-05
4,1,4,10,1,0,1,10,512,100,5,0,2.9996700363e-05
2,1,2,1000000,1,1,1,10,512,100,5,0,0.0147748747638
2,1,2,10,1,0,1,10,512,100,2,29,1.72481027087e-05
2,1,2,10,1,1,1,1000,512,10000,5,0,1.79980202178e-05
2,10,4,10,10,1,1000,10,1024,100,5,29,0.0616432192459
2,1,4,10,1,0,1000,10,512,100,2,0,0.00098014218436
2,10,2,10,1,0,1000,10,512,100,5,0,0.00490296067433
4,10,4,10,10,1,1000,10,512,100,2,0,0.0673748387677
2,10,4,10,1,0,1,1000,1024,10000,2,29,1.72481027087e-05
4,1,4,10,10,1,1,1000,1024,10000,2,0,7.34919158893e-05
2,1,4,10,10,1,1000,1000,512,10000,5,29,0.0593942166362
2,1,2,10,10,0,1000,1000,1024,10000,5,29,0.0558913519513
2,10,2,10,1,1,1000,10,512,100,5,29,0.00474697783244
4,10,2,10,10,0,1,1000,1024,10000,2,0,7.27419983802e-05
4,10,4,1000000,10,0,1,10,1024,100,2,29,0.0088760236374
4,1,2,10,10,1,1,10,1024,100,2,0,4.27452980172e-05
2,10,2,1000000,1,1,1,1000,1024,10000,5,0,0.00161007289198
2,10,4,10,10,0,1,10,1024,100,2,0,1.87479377269e-05
2,10,2,1000000,1,0,1,10,512,100,5,29,0.00122086570477
2,10,4,10,1,0,1000,1000,512,10000,2,29,0.000626931037586
4,10,4,1000000,1,0,1000,10,1024,100,5,29,0.328820829709
2,10,4,1000000,1,1,1,1000,1024,10000,5,29,0.00123736388997
2,10,4,1000000,1,0,1,10,512,100,5,29,0.00127410984792
4,10,2,1000000,10,1,1,1000,1024,10000,2,0,0.0192301346852
2,1,4,10,10,1,1,1000,1024,10000,5,0,4.12454629991e-05
4,1,4,10,10,0,1000,10,1024,100,2,29,0.0506951735309
4,10,2,10,10,0,1000,1000,1024,10000,5,0,0.162318145004
2,10,4,1000000,1,1,1,1000,1024,10000,2,29,0.000490446050934
4,10,4,10,10,0,1,1000,1024,10000,5,0,0.00017848036716
2,1,4,10,10,0,1,10,1024,100,5,0,3.74958754537e-05
4,10,4,1000000,1,0,1000,10,512,100,2,29,0.174424063353
4,1,4,10,1,1,1,10,1024,100,5,0,3.0746617872e-05
4,10,2,10,10,1,1,1000,1024,10000,5,29,0.000164231934487
2,10,4,10,1,1,1,1000,512,10000,2,29,1.72481027087e-05
4,1,2,10,10,0,1,10,1024,100,5,0,0.000135735069142
4,10,2,10,10,0,1,1000,1024,10000,2,29,7.27419983802e-05
4,10,4,10,1,0,1000,1000,1024,10000,2,29,0.0012891081981
2,1,2,10,10,0,1000,10,512,100,2,29,0.022849236584
4,1,2,1000000,10,0,1000,1000,1024,10000,2,0,0.0478462369139
2,1,2,10,10,1,1,10,512,100,5,0,3.37462879083e-05
4,10,4,1000000,10,0,1000,10,1024,100,2,29,0.00127111017788
4,10,4,10,1,1,1,1000,512,10000,2,0,2.32474427813e-05
2,10,2,10,10,0,1000,10,512,100,2,29,0.0244975552689
4,1,4,1000000,10,0,1,10,1024,100,5,0,0.0148273689894
2,1,4,1000000,1,0,1000,1000,1024,10000,5,0,0.0373188949216
4,10,4,1000000,10,0,1,1000,512,10000,5,0,0.00454075051744
2,10,4,10,1,0,1000,10,512,100,5,29,0.00325989141194
2,10,4,10,1,1,1,10,1024,100,5,0,1.87479377269e-05
4,1,4,1000000,1,0,1,1000,1024,10000,5,29,0.00167456579776
4,1,4,10,10,1,1,1000,1024,10000,5,0,0.000164231934487
2,10,2,10,10,0,1000,1000,512,10000,2,0,0.0246280409155
2,10,2,10,10,0,1,10,512,100,5,0,3.97456279809e-05
2,1,4,10,1,1,1,1000,512,10000,5,29,1.79980202178e-05
4,10,2,10,10,0,1,1000,512,10000,5,29,0.000161232264451
4,1,2,10,10,1,1000,1000,1024,10000,2,29,0.0460134385218
4,10,2,1000000,1,0,1,10,1024,100,5,29,0.00155532891382
4,10,2,10,1,1,1,1000,1024,10000,2,0,2.09976902541e-05
4,10,2,10,10,1,1000,1000,1024,10000,2,29,0.0494008159102
2,10,4,1000000,1,1,1,10,1024,100,2,0,0.000504694483607
2,1,4,10,1,1,1000,1000,512,10000,2,29,0.00119986801452
2,1,4,10,10,0,1,1000,512,10000,2,29,3.97456279809e-05
2,10,4,10,10,0,1000,1000,512,10000,2,29,0.0250772415034
4,10,2,10,10,0,1,10,512,100,5,0,0.000151483336833
2,1,4,10,10,0,1,1000,1024,10000,5,0,3.52461229265e-05
4,10,4,1000000,10,0,1000,10,512,100,2,0,0.00591009988901
4,10,4,1000000,1,0,1,10,1024,100,2,29,0.000562438131806
2,1,2,10,1,1,1,1000,1024,10000,2,0,1.72481027087e-05
2,10,2,1000000,1,1,1000,1000,1024,10000,5,0,0.0214558898521
2,1,4,10,1,1,1,1000,1024,10000,2,0,1.72481027087e-05
2,1,2,10,10,1,1,1000,512,10000,5,29,3.29963703993e-05
2,1,4,10,10,1,1,10,512,100,5,29,3.59960404356e-05
2,10,4,10,10,0,1000,10,1024,100,2,29,0.0244698083211
2,10,4,10,10,1,1,1000,1024,10000,2,0,2.0247772745e-05
4,1,2,10,1,1,1000,1000,1024,10000,2,0,0.00289018207997
2,10,2,10,1,0,1000,10,512,100,2,0,0.00137309895911
2,1,2,10,1,1,1000,1000,512,10000,2,29,0.00148333683295
4,10,4,10,10,1,1,10,512,100,5,0,0.00017023127456
2,1,2,1000000,1,1,1000,1000,512,10000,5,0,0.0338985211627
4,1,2,10,10,1,1,1000,512,10000,2,0,7.1242163362e-05
4,10,4,1000000,1,1,1,10,512,100,5,29,0.00196103428623
2,1,4,10,10,0,1,10,1024,100,2,0,1.87479377269e-05
4,1,4,10,10,0,1,10,1024,100,5,29,0.000152233254342
2,1,4,10,10,1,1,1000,512,10000,2,29,1.94978552359e-05
2,1,4,1000000,1,1,1000,1000,1024,10000,2,0,0.121686114527
2,10,2,10,1,0,1,1000,1024,10000,5,29,1.87479377269e-05
4,1,4,10,10,1,1000,1000,1024,10000,5,0,0.132317695054
4,10,4,10,10,0,1,10,512,100,5,0,0.00017023127456
4,10,2,10,10,0,1000,10,512,100,5,29,0.15065617782
4,1,2,10,1,1,1,10,512,100,2,0,2.32474427813e-05
4,1,4,10,10,1,1,1000,1024,10000,2,29,4.87446380898e-05
2,1,4,10,10,1,1000,1000,512,10000,2,29,0.0218121006689
4,10,2,1000000,10,1,1,1000,1024,10000,2,29,0.0100271470138
2,1,4,1000000,1,1,1,1000,1024,10000,5,0,0.00166256711762
2,1,4,10,10,1,1000,10,512,100,5,29,0.0549119596844
4,1,4,10,1,1,1000,10,512,100,2,29,0.00170981192069
4,1,2,10,10,0,1000,1000,1024,10000,5,0,0.11776254612
4,1,4,1000000,10,1,1,10,1024,100,2,0,0.00255571887092
4,1,2,10,10,0,1,10,512,100,5,29,0.000143234244233
4,10,4,10,10,1,1,1000,512,10000,5,0,0.000173230944596
4,1,4,10,1,0,1,10,1024,100,2,0,2.24975252722e-05
4,1,4,10,1,1,1000,1000,1024,10000,5,0,0.00846056933737
4,1,2,10,1,1,1000,10,512,100,5,0,0.00887302396736
4,10,2,1000000,1,0,1,10,512,100,2,0,0.000430452650208
2,1,4,10,10,0,1,10,512,100,2,0,1.87479377269e-05
4,1,2,10,10,0,1,1000,512,10000,2,29,4.72448030717e-05
4,10,4,1000000,1,1,1000,1000,512,10000,5,29,0.0367917029127
4,10,2,10,1,0,1000,10,1024,100,5,0,0.00669301376849
2,1,2,10,1,0,1000,1000,1024,10000,2,29,0.00142484326724
4,1,4,10,1,1,1000,1000,512,10000,2,29,0.00176755556889
4,10,2,10,10,1,1000,1000,512,10000,2,29,0.0537278399376
4,10,4,1000000,1,0,1,1000,1024,10000,2,29,0.000530941596424
4,1,2,10,1,1,1000,10,1024,100,5,0,0.00921873593905
4,1,4,1000000,10,1,1000,1000,512,10000,2,0,0.0164891861895
4,1,4,10,1,1,1,1000,512,10000,2,29,2.24975252722e-05
2,1,4,1000000,1,1,1000,10,512,100,2,29,0.0605265920749
4,1,4,10,1,1,1000,10,1024,100,5,29,0.00901250862405
2,10,4,10,10,0,1000,1000,512,10000,2,0,0.0252924678285
4,10,2,10,1,0,1000,10,1024,100,2,29,0.00239823619402
4,10,2,1000000,10,0,1,10,1024,100,2,0,0.0135907550169
4,1,2,10,1,1,1000,10,512,100,2,0,0.00291867894532
4,1,4,10,10,1,1000,10,1024,100,2,29,0.0485271620122
2,10,2,1000000,1,1,1,10,1024,100,2,29,0.000490446050934
4,1,4,1000000,1,1,1,1000,1024,10000,2,0,0.000683924768275
2,10,4,10,10,1,1000,1000,512,10000,5,0,0.055908600054
2,10,2,10,10,1,1000,10,512,100,5,0,0.058555808861
4,1,2,1000000,1,0,1000,1000,512,10000,5,29,0.136668716441
4,1,4,10,10,0,1000,10,1024,100,5,29,0.123803881573
2,10,2,1000000,1,0,1,1000,512,10000,5,29,0.00133485316615
4,10,2,10,10,0,1000,10,1024,100,5,0,0.149883012869
2,1,4,1000000,1,0,1,10,1024,100,2,29,0.00103563608003
2,10,4,10,1,0,1000,1000,1024,10000,2,29,0.000552689204188
2,10,4,10,1,1,1000,10,512,100,2,0,0.000624681285059
2,1,4,10,1,0,1000,10,1024,100,5,29,0.00387332393437
2,10,4,1000000,1,0,1000,10,1024,100,5,0,0.257581666017
4,1,2,10,1,0,1,1000,1024,10000,5,0,3.37462879083e-05
4,1,4,1000000,1,1,1,1000,1024,10000,5,0,0.00167156612773
4,10,2,1000000,1,0,1,10,1024,100,5,0,0.00164306926238
2,1,2,10,10,0,1000,1000,512,10000,2,29,0.0226745058044
4,10,4,10,1,1,1000,1000,1024,10000,5,0,0.00495995440502
4,10,2,1000000,10,0,1,10,1024,100,5,0,0.0116184719681
2,10,4,10,1,1,1,10,1024,100,2,0,1.72481027087e-05
4,10,2,10,1,0,1,1000,512,10000,2,29,2.32474427813e-05
4,10,4,1000000,1,0,1000,10,1024,100,2,0,0.078716591175
4,1,2,10,1,1,1000,1000,512,10000,5,29,0.00891801901791
2,10,2,10,10,0,1000,1000,512,10000,2,29,0.0238226295108
4,10,2,10,1,0,1,10,512,100,2,29,2.47472777994e-05
4,1,2,10,1,1,1,1000,1024,10000,2,29,2.09976902541e-05
4,1,2,10,1,0,1,1000,1024,10000,2,0,2.09976902541e-05
4,10,4,1000000,1,0,1,1000,512,10000,5,0,0.00150508444071
2,10,2,10,1,1,1000,1000,512,10000,2,29,0.00168131505534
2,1,4,10,10,0,1,10,1024,100,5,29,3.89957104718e-05
4,10,2,1000000,1,0,1,10,512,100,2,29,0.000442451330354
4,10,4,10,1,0,1000,1000,512,10000,2,29,0.00150208477068
2,1,4,1000000,1,0,1000,1000,512,10000,2,0,0.0625971143174
2,1,2,1000000,1,0,1000,10,1024,100,5,29,0.169303626601
2,1,2,10,1,0,1000,10,512,100,5,29,0.00546389897111
4,10,4,1000000,10,0,1,10,1024,100,5,29,0.0323431922489
4,1,4,10,1,1,1,1000,1024,10000,2,0,2.0247772745e-05
4,10,4,10,1,0,1,1000,1024,10000,2,0,2.24975252722e-05
2,1,2,1000000,1,1,1,10,512,100,2,0,0.000986891441941
4,1,4,1000000,10,0,1,10,1024,100,2,29,0.00331763506014
2,10,4,10,10,1,1000,1000,1024,10000,2,0,0.024422563518
2,1,2,10,1,1,1000,10,1024,100,5,0,0.00539115697273
2,10,4,1000000,1,0,1000,10,1024,100,2,29,0.157904130546
2,10,4,10,10,1,1000,1000,1024,10000,2,29,0.0255556888742
4,1,2,1000000,1,1,1,1000,512,10000,2,0,0.000384707682155
2,10,2,1000000,1,1,1,10,512,100,5,0,0.00129660737319
2,10,2,1000000,1,0,1000,1000,1024,10000,5,29,0.117925278219
2,10,4,1000000,1,0,1,1000,1024,10000,5,0,0.00133335333113
2,1,2,10,1,1,1000,1000,1024,10000,2,29,0.00148633650298
4,10,2,10,10,1,1000,1000,512,10000,5,29,0.179298527162
2,10,4,10,10,0,1,1000,512,10000,5,29,4.049554549e-05
4,1,2,10,1,1,1,10,512,100,5,29,2.9996700363e-05
4,10,4,1000000,10,1,1,1000,512,10000,2,29,0.00605858355581
2,1,4,10,10,0,1000,1000,512,10000,2,29,0.0222950475448
2,1,4,10,10,1,1,1000,1024,10000,5,29,3.89957104718e-05
2,1,2,10,1,1,1000,10,1024,100,2,0,0.00145034046255
4,10,4,1000000,10,1,1000,10,1024,100,2,0,0.00375333713292
2,10,2,10,10,1,1000,10,1024,100,2,29,0.0228897321295
2,1,2,10,1,0,1,10,1024,100,5,29,1.72481027087e-05
4,10,2,10,1,1,1,10,512,100,2,29,2.32474427813e-05
4,1,4,10,10,0,1000,1000,512,10000,5,29,0.13329108798
4,10,4,10,10,1,1000,10,1024,100,2,29,0.0749025107238
2,10,2,10,1,0,1,10,1024,100,5,0,1.79980202178e-05
2,10,4,10,10,0,1,1000,512,10000,2,0,3.97456279809e-05
2,1,2,10,1,0,1000,10,1024,100,2,0,0.00144584095749
2,1,2,10,1,1,1,1000,1024,10000,5,29,1.94978552359e-05
4,10,2,10,10,0,1000,10,512,100,2,29,0.0506074331823
4,10,2,1000000,10,1,1,10,512,100,5,0,0.0104823469418
2,1,2,1000000,1,0,1,10,1024,100,2,29,0.000944146143924
2,10,4,10,1,1,1,1000,1024,10000,5,29,1.79980202178e-05
4,10,4,10,1,1,1,10,1024,100,5,0,3.22464528902e-05
4,10,4,1000000,1,0,1,1000,512,10000,2,29,0.000575936646969
2,10,4,10,10,0,1000,10,512,100,2,0,0.0238556258812
2,10,2,10,1,1,1,1000,512,10000,5,29,1.79980202178e-05
2,10,4,10,10,0,1,1000,512,10000,2,29,4.42451330354e-05
4,10,2,10,1,1,1000,1000,1024,10000,5,0,0.00699223085461
4,10,2,1000000,1,0,1000,10,1024,100,2,0,0.130834358221
4,10,4,10,10,0,1,10,1024,100,5,29,0.000164981851996
2,1,4,1000000,1,0,1,1000,1024,10000,2,29,0.000965893751687
2,1,4,1000000,1,1,1,1000,512,10000,2,0,0.00096364399916
4,10,4,1000000,1,0,1,10,512,100,2,29,0.000557938626751
4,10,2,1000000,10,0,1,1000,1024,10000,2,29,0.00167306596274
4,1,2,1000000,10,1,1,10,1024,100,5,0,0.0184344722081
2,10,4,10,10,0,1000,1000,512,10000,5,29,0.054544500105
4,1,4,10,1,1,1,1000,512,10000,2,0,2.0247772745e-05
4,1,2,1000000,10,0,1,1000,1024,10000,2,0,0.00296742358341
2,1,2,10,10,1,1,10,1024,100,2,0,1.87479377269e-05
4,1,2,1000000,10,0,1,10,512,100,5,0,0.0134055253922
4,1,4,10,1,1,1000,1000,1024,10000,2,0,0.00160557338693
4,10,2,1000000,1,0,1000,10,512,100,5,29,0.0383650298467
2,1,2,10,1,0,1,1000,1024,10000,2,29,1.72481027087e-05
4,10,2,10,10,1,1000,10,1024,100,5,0,0.165587035426
4,10,2,1000000,1,1,1,10,1024,100,5,0,0.00157482676906
4,10,4,10,10,0,1000,10,512,100,5,29,0.165920748718
2,10,4,10,10,0,1000,1000,1024,10000,2,0,0.0249767525572
4,1,4,1000000,10,0,1,10,512,100,2,29,0.00327863934967
4,1,2,10,1,0,1,10,1024,100,5,29,2.9996700363e-05
4,1,4,1000000,1,1,1000,10,1024,100,5,0,0.0963156552779
2,1,2,10,1,1,1,1000,512,10000,2,0,1.72481027087e-05
2,10,2,10,10,0,1000,10,1024,100,2,0,0.0214813870474
4,10,2,10,10,1,1000,1000,1024,10000,5,29,0.15370309266
4,1,4,1000000,1,0,1000,10,1024,100,2,0,0.358684044755
4,1,2,1000000,10,1,1000,1000,512,10000,2,0,0.0248095209527
2,10,2,10,1,1,1000,10,512,100,2,29,0.00153508114107
4,1,2,1000000,1,0,1,10,512,100,5,29,0.00201277859435
4,10,2,10,10,1,1,10,1024,100,5,29,0.000149983501815
4,1,2,10,1,1,1,1000,512,10000,5,0,3.14965353811e-05
4,10,4,1000000,1,1,1,10,512,100,5,0,0.00159882412935
4,1,4,1000000,10,1,1,10,1024,100,5,29,0.00707247202808
2,1,4,1000000,1,0,1000,1000,1024,10000,5,29,0.0481979482257
2,1,2,10,10,1,1000,1000,512,10000,2,0,0.0226302606713
4,10,4,1000000,1,0,1,1000,1024,10000,2,0,0.000566187719351
4,1,4,10,10,0,1000,10,1024,100,2,0,0.0517450580436
4,1,2,10,10,1,1000,1000,512,10000,2,29,0.0462879083301
4,1,2,1000000,1,0,1,1000,512,10000,5,29,0.00193628700843
2,1,4,10,10,0,1000,10,1024,100,2,29,0.022105318415
4,1,4,10,1,0,1000,1000,1024,10000,5,29,0.00902675705672
4,10,4,10,10,0,1,10,512,100,2,0,5.0244473108e-05
4,10,2,1000000,1,0,1,10,512,100,5,0,0.00155082940877
4,10,2,10,10,1,1000,1000,1024,10000,5,0,0.158372828989
2,10,4,1000000,1,1,1000,10,512,100,2,0,0.128026667067
4,10,2,10,1,0,1,10,1024,100,2,0,2.09976902541e-05
2,10,2,10,10,0,1,10,512,100,5,29,4.12454629991e-05
4,10,4,1000000,10,1,1,1000,1024,10000,5,0,0.0320199778024
4,10,2,10,1,1,1000,1000,512,10000,2,0,0.00229474757777
2,1,2,1000000,1,1,1,1000,512,10000,5,0,0.00170831208567
4,1,4,10,10,0,1,1000,1024,10000,5,29,0.000151483336833
4,1,4,1000000,1,0,1,10,512,100,5,0,0.0017105618382
2,10,4,1000000,1,1,1000,1000,512,10000,2,29,0.116879893212
2,10,2,10,10,0,1,1000,1024,10000,2,0,1.94978552359e-05
2,10,2,10,1,1,1000,10,512,100,5,0,0.00457224705282
2,1,2,10,10,1,1000,10,1024,100,5,29,0.0529306776255
2,10,2,10,10,1,1000,10,512,100,2,0,0.023426673066
2,1,4,10,1,0,1,10,1024,100,5,0,1.94978552359e-05
4,1,2,10,1,0,1000,1000,512,10000,2,0,0.00347811740709
2,1,2,10,10,1,1000,10,1024,100,5,0,0.05206827249
2,1,4,10,10,1,1,1000,1024,10000,2,0,2.0247772745e-05
4,10,2,10,1,1,1000,10,1024,100,2,29,0.00206677265501
2,1,4,10,1,0,1000,10,512,100,2,29,0.000965143834178
2,10,2,10,1,0,1000,1000,512,10000,5,0,0.00533191348952
4,10,4,10,1,0,1,1000,512,10000,2,0,2.09976902541e-05
2,10,4,10,10,0,1,1000,512,10000,5,0,6.97423283439e-05
2,1,4,10,10,1,1000,10,1024,100,5,0,0.0571699613043
2,1,2,10,10,1,1000,1000,1024,10000,5,29,0.0505549389567
2,10,2,10,10,0,1,1000,512,10000,5,0,4.34952155263e-05
2,10,4,1000000,1,1,1,10,512,100,2,29,0.000465698773135
2,10,2,10,1,0,1,10,512,100,2,29,1.72481027087e-05
2,1,2,10,1,0,1000,10,1024,100,5,0,0.00514518402976
4,10,4,1000000,1,1,1,1000,1024,10000,5,0,0.00159432462429
4,10,4,1000000,1,0,1000,1000,1024,10000,2,0,0.26938836728
4,10,2,1000000,10,0,1,10,1024,100,5,29,0.00256771755107
2,10,2,10,10,0,1,1000,512,10000,2,29,2.0247772745e-05
4,1,2,10,1,1,1000,10,512,100,5,29,0.00934247232804
2,1,2,10,10,1,1000,1000,1024,10000,2,29,0.023223445421
4,10,4,1000000,1,1,1,10,512,100,2,29,0.000560188379278
2,1,4,1000000,1,1,1000,10,512,100,5,29,0.0456212316645
2,1,2,10,1,0,1,1000,512,10000,5,0,1.87479377269e-05
4,1,4,10,1,1,1000,1000,512,10000,5,0,0.00864504904461
4,1,2,1000000,10,0,1,10,512,100,2,0,0.00328238893722
4,10,4,10,1,0,1,1000,1024,10000,5,0,3.59960404356e-05
4,1,4,10,10,1,1,1000,1024,10000,5,29,0.000158982511924
4,10,2,1000000,10,0,1000,10,512,100,2,0,0.000948645648979
2,1,2,10,10,1,1000,10,512,100,2,29,0.0232076971533
2,1,2,1000000,1,1,1000,1000,512,10000,5,29,0.144930557639
4,1,4,10,10,0,1000,1000,1024,10000,5,0,0.135918049015
4,10,2,10,10,0,1000,10,1024,100,2,0,0.0474525302217
4,1,4,1000000,1,1,1,10,1024,100,5,29,0.00160707322195
4,10,4,10,10,1,1,1000,1024,10000,5,29,0.000163482016978
2,10,2,10,10,0,1000,10,512,100,5,29,0.0665941746408
4,10,4,10,1,1,1000,1000,512,10000,2,29,0.000954644989051
4,10,4,10,1,1,1000,10,512,100,5,29,0.00564537900831
4,10,2,10,10,0,1000,10,1024,100,2,29,0.0484566697663
4,1,2,10,10,1,1,1000,1024,10000,2,0,4.72448030717e-05
4,1,2,1000000,10,0,1,10,1024,100,2,0,0.00289843117257
4,10,4,1000000,1,1,1,1000,1024,10000,5,29,0.00150208477068
4,10,2,1000000,1,0,1,1000,1024,10000,5,29,0.00153658097609
2,10,4,10,1,1,1000,1000,1024,10000,2,29,0.000611182769895
2,1,4,10,10,1,1,1000,512,10000,5,29,3.67459579446e-05
2,1,2,10,1,1,1000,10,512,100,2,0,0.00148858625551
4,1,4,10,1,1,1,1000,512,10000,5,29,3.14965353811e-05
2,1,2,10,1,0,1000,1000,512,10000,5,0,0.0055126436092
2,1,4,10,1,1,1,1000,512,10000,2,0,1.72481027087e-05
2,1,4,10,10,0,1000,10,1024,100,5,0,0.0557556168821
4,10,2,10,1,0,1000,10,512,100,2,0,0.00226025137235
4,10,2,10,10,1,1,10,1024,100,2,29,4.49950505444e-05
2,1,4,10,10,0,1000,1000,1024,10000,5,29,0.0582063473018
4,1,4,1000000,1,1,1000,1000,1024,10000,5,0,0.258207097219
4,10,4,1000000,10,1,1,1000,512,10000,5,29,0.00396481387047
4,1,2,10,10,0,1,10,1024,100,2,0,4.87446380898e-05
2,10,2,10,1,0,1,10,1024,100,5,29,1.79980202178e-05
4,1,4,10,1,1,1,1000,512,10000,5,0,3.14965353811e-05
4,1,4,1000000,1,0,1,10,1024,100,2,0,0.000660677325494
4,1,2,10,10,0,1,1000,512,10000,2,0,4.42451330354e-05
4,10,4,1000000,1,1,1000,1000,512,10000,5,0,0.0601966283709
4,10,4,10,10,1,1000,1000,1024,10000,2,29,0.0761863694994
2,10,2,10,1,0,1,10,512,100,5,29,1.94978552359e-05
2,1,2,1000000,1,0,1,10,1024,100,2,0,0.000966643669196
4,10,2,10,1,0,1,10,512,100,5,0,3.0746617872e-05
4,1,4,10,1,1,1000,10,512,100,2,0,0.00166256711762
2,10,2,10,10,1,1,1000,512,10000,2,0,2.0247772745e-05
2,1,4,1000000,1,0,1000,1000,1024,10000,2,29,0.0821317155113
2,1,4,10,1,1,1000,1000,512,10000,2,0,0.00103488616252
4,1,4,10,1,0,1,1000,512,10000,2,29,2.0247772745e-05
2,10,4,1000000,1,1,1,10,512,100,5,0,0.00135285118637
2,1,4,10,10,1,1000,1000,1024,10000,5,29,0.0590005099439
4,10,4,1000000,10,1,1,1000,1024,10000,5,29,0.00954794972553
4,1,4,1000000,10,1,1000,1000,1024,10000,2,29,0.0111040285569
4,10,4,1000000,1,1,1,1000,512,10000,2,0,0.000537690854006
4,10,4,10,10,0,1,1000,512,10000,2,29,5.0994390617e-05
2,1,2,10,10,0,1000,1000,1024,10000,5,0,0.0500697423283
2,10,2,10,10,1,1,1000,512,10000,2,29,4.34952155263e-05
2,1,4,1000000,1,1,1,10,1024,100,5,0,0.00169481357051
2,1,2,10,1,0,1000,1000,1024,10000,5,29,0.00577436481987
2,10,2,10,1,0,1000,10,1024,100,2,29,0.00140834508204
4,1,4,10,10,0,1,1000,512,10000,5,29,0.000222725500195
2,10,4,10,1,1,1000,10,512,100,2,29,0.00061568227495
2,1,2,10,10,1,1,1000,1024,10000,2,0,1.94978552359e-05
2,1,4,10,1,0,1000,1000,1024,10000,2,0,0.00106263311036
2,10,4,10,1,1,1000,10,512,100,5,29,0.00318489966104
4,10,2,1000000,1,1,1,10,512,100,5,0,0.0138727240004
4,10,4,10,1,1,1,1000,1024,10000,2,29,2.47472777994e-05
4,1,4,10,1,0,1,1000,1024,10000,5,29,2.9996700363e-05
4,10,2,10,10,0,1000,1000,1024,10000,2,29,0.0519775324714
4,10,2,1000000,10,1,1,10,1024,100,2,0,0.00545265020848
4,1,4,1000000,10,0,1,1000,512,10000,5,29,0.0116889642139
2,1,4,10,10,0,1,1000,1024,10000,2,0,1.94978552359e-05
2,1,4,10,1,1,1,10,1024,100,5,0,1.87479377269e-05
4,1,4,1000000,10,0,1,10,512,100,5,29,0.0211064282929
4,1,4,10,10,1,1000,10,512,100,5,0,0.123734139245
2,1,2,10,1,1,1000,10,512,100,2,29,0.00155082940877
4,1,2,1000000,10,0,1,1000,1024,10000,2,29,0.00330863605003
2,1,4,10,10,1,1,1000,512,10000,5,0,3.82457929628e-05
2,10,4,10,10,1,1000,10,1024,100,2,29,0.0246580376159
2,10,4,10,1,0,1000,1000,1024,10000,5,29,0.00396406395297
2,10,2,10,1,1,1000,10,1024,100,5,0,0.00497420283769
4,1,4,1000000,10,1,1,1000,512,10000,5,0,0.0255061943186
4,10,2,10,1,0,1,10,1024,100,2,29,2.17476077631e-05
2,10,2,10,1,1,1,10,1024,100,2,0,4.42451330354e-05
4,1,2,1000000,10,1,1,10,512,100,2,29,0.00311665716771
4,10,2,10,10,0,1000,10,512,100,2,0,0.052929927708
2,1,4,10,10,0,1000,1000,512,10000,5,29,0.0579881213067
4,1,4,1000000,10,0,1000,1000,1024,10000,2,0,0.0122536520983
2,1,2,1000000,1,0,1000,1000,1024,10000,2,29,0.12171236164
4,1,4,10,10,0,1000,10,512,100,5,0,0.287696853346
2,10,2,10,1,1,1,1000,512,10000,5,0,1.87479377269e-05
2,10,4,1000000,1,0,1,1000,512,10000,5,0,0.00129435762066
4,1,2,1000000,10,1,1,1000,1024,10000,2,0,0.00338662747098
4,1,4,1000000,10,0,1000,10,1024,100,2,29,0.0146511383748
2,1,4,10,10,1,1,1000,1024,10000,2,29,4.42451330354e-05
2,1,2,10,10,0,1,10,512,100,2,0,1.72481027087e-05
2,1,4,10,10,0,1000,1000,512,10000,5,0,0.0591092479827
4,10,2,1000000,10,0,1000,1000,512,10000,5,0,0.00526742058374
2,10,2,10,1,0,1000,1000,512,10000,2,0,0.00154108048115
2,10,4,10,10,0,1,1000,1024,10000,2,29,1.87479377269e-05
4,10,4,10,10,1,1000,10,512,100,5,0,0.158150103489
4,10,4,1000000,1,1,1000,1000,1024,10000,2,29,0.167299847017
4,10,2,10,1,1,1000,1000,1024,10000,2,29,0.00197753247143
2,10,2,1000000,1,1,1000,10,512,100,5,0,0.284646938837
4,10,2,10,10,1,1,1000,512,10000,2,29,4.27452980172e-05
4,1,2,1000000,1,1,1000,10,512,100,5,0,0.0308448570657
2,1,4,1000000,1,0,1,10,1024,100,5,29,0.00166331703513
2,1,2,10,10,1,1,1000,1024,10000,5,0,3.14965353811e-05
2,10,2,10,10,1,1,10,512,100,5,29,4.57449680535e-05
2,10,2,1000000,1,1,1,10,1024,100,5,29,0.00128460869304
4,1,2,1000000,1,1,1,1000,1024,10000,2,29,0.0004049554549
4,10,2,1000000,1,0,1,1000,1024,10000,5,0,0.00165206827249
2,10,2,10,10,1,1000,10,1024,100,5,0,0.0636709961904
2,1,2,10,1,0,1,10,512,100,5,29,1.72481027087e-05
2,10,4,1000000,1,0,1,10,1024,100,2,29,0.00051819299877
4,10,2,1000000,10,0,1000,10,1024,100,2,0,0.00058268590455
4,10,4,10,1,1,1,1000,1024,10000,5,0,2.9996700363e-05
2,1,4,10,10,0,1000,10,1024,100,2,0,0.0220115787263
4,10,2,1000000,1,0,1000,1000,512,10000,2,29,0.151079131296
2,1,4,10,10,0,1000,10,512,100,2,29,0.0221675615682
4,1,2,10,10,1,1000,10,512,100,2,0,0.040993490716
4,1,4,1000000,1,0,1,10,1024,100,5,29,0.00162882082971
4,1,4,10,1,1,1,1000,1024,10000,5,29,3.14965353811e-05
2,10,4,1000000,1,0,1,10,1024,100,5,0,0.00120061793203
2,1,2,10,10,1,1000,10,1024,100,2,29,0.0219590845007
2,1,4,10,1,0,1000,1000,512,10000,2,0,0.0011818699943
2,1,4,1000000,1,1,1,10,512,100,5,0,0.00197003329634
2,1,4,1000000,1,0,1000,10,1024,100,5,0,0.0798722140565
2,1,2,10,10,0,1,1000,1024,10000,2,0,1.87479377269e-05
2,10,4,10,1,1,1,1000,1024,10000,2,0,1.72481027087e-05
2,10,2,10,10,1,1000,10,512,100,5,29,0.0640812010679
4,1,4,1000000,1,0,1,1000,512,10000,2,29,0.000651678315385
2,10,4,10,10,1,1000,10,512,100,2,0,0.0240378558359
2,1,2,10,1,0,1,1000,1024,10000,5,29,1.79980202178e-05
4,10,4,1000000,1,0,1000,10,1024,100,2,29,0.155923598404
2,1,4,1000000,1,0,1,1000,512,10000,5,0,0.00167906530282
2,1,4,10,1,0,1000,10,512,100,5,0,0.00375033746288
4,1,4,1000000,10,1,1000,10,1024,100,2,29,0.0410287368389
4,1,4,1000000,1,1,1,10,1024,100,5,0,0.00175030746618
2,10,4,1000000,1,0,1,1000,512,10000,2,0,0.000511443741188
4,1,2,1000000,1,1,1000,10,512,100,2,29,0.0426095629481
2,10,2,10,10,1,1000,1000,512,10000,5,0,0.0628213396526
4,10,4,1000000,1,1,1000,10,1024,100,5,0,0.0312378138405
2,10,2,10,1,0,1000,1000,1024,10000,5,29,0.00474097849237
2,10,2,10,10,0,1,10,512,100,2,29,1.87479377269e-05
2,10,2,10,1,1,1000,10,1024,100,2,29,0.00151483336833
4,1,2,10,1,1,1000,1000,512,10000,5,0,0.00876128625851
2,10,2,10,1,0,1,1000,1024,10000,2,29,1.72481027087e-05
2,1,4,1000000,1,1,1,10,512,100,5,29,0.00165731769505
4,1,4,10,1,0,1,10,512,100,2,0,0.0
2,10,4,10,10,0,1000,10,1024,100,2,0,0.0238263790983
4,10,4,1000000,1,1,1000,10,1024,100,2,29,0.152902930678
4,10,4,1000000,10,1,1,10,1024,100,5,29,0.00907175210727
2,1,4,10,10,0,1,1000,1024,10000,5,29,3.82457929628e-05
2,1,4,10,10,1,1,10,1024,100,5,0,3.89957104718e-05
4,10,4,1000000,1,1,1000,1000,512,10000,2,0,0.0683594804571
2,10,2,10,10,1,1000,10,1024,100,2,0,0.022441281459
4,1,2,10,10,0,1000,10,1024,100,2,29,0.044215136335
4,10,4,1000000,1,0,1,1000,1024,10000,5,0,0.00154258031617
4,1,2,1000000,10,0,1,10,512,100,5,29,0.0169188889222
2,10,4,10,1,0,1000,10,1024,100,2,0,0.00061568227495
2,10,4,10,10,1,1,10,512,100,5,0,4.12454629991e-05
2,1,2,10,10,1,1,10,512,100,5,29,3.29963703993e-05
2,10,4,1000000,1,1,1000,1000,512,10000,5,29,0.0219058403576
2,10,2,1000000,1,1,1,10,1024,100,2,0,0.000525692173861
4,10,4,10,10,0,1000,1000,512,10000,2,0,0.0770480247173
2,1,4,1000000,1,0,1000,1000,1024,10000,2,0,0.0669698833128
4,1,2,10,10,1,1000,10,1024,100,2,29,0.0455514893362
4,10,2,1000000,1,0,1000,1000,512,10000,2,0,0.0204622491526
4,10,2,10,10,0,1,10,512,100,2,29,4.42451330354e-05
4,1,2,10,10,0,1,10,1024,100,2,29,4.42451330354e-05
2,1,2,10,10,0,1,1000,512,10000,2,0,1.94978552359e-05
4,1,2,1000000,1,1,1,10,512,100,2,29,0.000393706692264
4,1,2,10,1,0,1,10,512,100,5,29,3.14965353811e-05
4,10,4,10,1,0,1000,10,1024,100,5,29,0.0048512163662
2,10,2,10,10,0,1000,1000,512,10000,5,0,0.0670103788583
4,1,2,1000000,1,0,1000,10,512,100,5,29,0.0970798212197
4,1,2,1000000,1,1,1,1000,1024,10000,5,0,0.0020577736449
4,1,4,10,10,0,1000,1000,1024,10000,2,29,0.048510663827
2,1,4,10,1,1,1,10,512,100,5,0,1.79980202178e-05
2,1,4,10,1,1,1000,10,512,100,2,0,0.00094714581396
4,10,4,10,1,0,1,1000,512,10000,5,0,3.0746617872e-05
4,10,2,1000000,1,1,1,10,512,100,2,29,0.000389957104718
2,1,4,10,1,1,1000,10,1024,100,5,29,0.00367384587695
2,1,4,10,10,1,1000,1000,1024,10000,5,0,0.0594527102019
2,10,2,1000000,1,0,1,10,1024,100,2,29,0.000521942586316
4,10,2,10,1,0,1,10,512,100,5,29,3.22464528902e-05
4,10,2,10,10,1,1000,10,1024,100,2,29,0.0542227854936
4,10,4,10,10,1,1000,1000,512,10000,5,29,0.16820199778
4,1,2,1000000,1,0,1000,1000,512,10000,2,0,0.119728079911
4,10,2,1000000,10,0,1000,1000,512,10000,2,29,0.0110822809491
4,1,4,1000000,10,0,1,10,512,100,2,0,0.00317290098089
4,1,4,1000000,10,0,1,1000,1024,10000,2,0,0.00334088250292
2,10,2,10,10,1,1,10,512,100,2,0,1.79980202178e-05
4,1,2,1000000,10,1,1,10,1024,100,5,29,0.0224975252722
2,1,2,1000000,1,1,1,1000,512,10000,5,29,0.00167831538531
2,1,4,10,10,1,1000,10,512,100,5,0,0.0573079461259
2,10,2,10,1,0,1,1000,512,10000,2,29,1.72481027087e-05
4,10,2,10,1,1,1,10,1024,100,2,0,2.09976902541e-05
2,1,2,10,10,1,1000,10,512,100,2,0,0.0227112517623
4,10,4,10,1,0,1000,10,1024,100,2,29,0.00153808081111
4,10,4,10,10,0,1,1000,512,10000,5,0,0.000168731439542
2,10,4,10,1,1,1,10,512,100,5,0,1.72481027087e-05
4,10,4,10,1,0,1000,10,512,100,2,0,0.0010416354201
4,1,2,10,1,0,1,1000,512,10000,5,29,2.92467828539e-05
2,10,4,10,1,0,1,10,512,100,5,0,1.94978552359e-05
4,1,4,1000000,1,0,1,1000,1024,10000,2,0,0.000686924438312
2,1,2,10,1,1,1000,1000,512,10000,5,0,0.00513618501965
4,10,4,10,10,1,1000,1000,512,10000,2,0,0.0809738428773
2,1,4,1000000,1,1,1,1000,512,10000,2,29,0.00100638929718
4,10,2,10,1,0,1,10,1024,100,5,0,3.0746617872e-05
2,1,2,10,10,0,1,10,512,100,5,29,3.29963703993e-05
4,10,2,1000000,1,0,1000,1000,1024,10000,5,29,0.0968825929148
2,1,4,1000000,1,1,1,1000,1024,10000,5,29,0.00185304616492
4,10,4,10,10,0,1000,10,1024,100,2,29,0.0737851336353
4,1,4,1000000,10,1,1,1000,1024,10000,5,0,0.0269715331314
2,10,2,1000000,1,1,1000,1000,1024,10000,2,0,0.0606938236794
2,1,2,10,1,1,1,1000,512,10000,5,29,1.79980202178e-05
4,1,2,1000000,1,0,1,1000,1024,10000,2,29,0.000387707352191
4,1,2,10,1,0,1000,10,512,100,5,0,0.00783138854726
4,10,2,10,10,1,1,1000,512,10000,2,0,7.34919158893e-05
4,10,2,10,1,0,1,1000,1024,10000,5,29,3.0746617872e-05
2,10,2,1000000,1,0,1000,10,1024,100,2,29,0.127910429853
4,10,4,10,1,0,1000,1000,512,10000,5,29,0.00512118666947
4,1,2,10,10,1,1,10,512,100,2,29,4.57449680535e-05
2,10,4,10,1,0,1000,10,512,100,2,29,0.000556438791733
4,10,2,1000000,1,0,1,10,1024,100,2,29,0.000434952155263
4,1,2,1000000,10,0,1,1000,512,10000,2,0,0.00287293397726
4,1,2,10,1,0,1,10,512,100,2,29,2.17476077631e-05
2,1,4,10,1,1,1,10,512,100,2,0,1.72481027087e-05
4,1,4,1000000,1,0,1000,1000,512,10000,2,0,0.228134655188
2,10,2,1000000,1,0,1,10,1024,100,5,0,0.00135735069142
2,1,4,10,1,0,1,1000,1024,10000,5,0,1.94978552359e-05
4,10,2,10,10,1,1,1000,1024,10000,2,29,4.27452980172e-05
4,10,4,10,1,0,1000,10,1024,100,5,0,0.00508894021658
4,1,2,1000000,1,0,1,1000,1024,10000,2,0,0.0003884572697
2,10,2,1000000,1,0,1,10,512,100,5,0,0.00128760836308
4,10,4,10,10,1,1000,10,512,100,2,29,0.0611640219576
4,1,2,10,1,0,1,1000,512,10000,2,0,2.17476077631e-05
4,10,2,10,1,0,1000,10,1024,100,2,0,0.00218375978642
4,1,4,10,1,1,1,1000,1024,10000,2,29,2.09976902541e-05
4,1,2,1000000,1,1,1,10,512,100,5,29,0.00197978222396
2,10,2,10,10,0,1000,1000,1024,10000,5,29,0.0646803851576
2,1,2,1000000,1,1,1,1000,1024,10000,5,29,0.00163856975733
2,1,2,10,10,1,1,1000,1024,10000,2,29,3.97456279809e-05
4,1,4,1000000,1,1,1,1000,512,10000,2,0,0.00225950145484
2,1,4,10,10,0,1000,1000,1024,10000,2,0,0.0244038155803
4,1,4,1000000,1,1,1000,1000,512,10000,2,0,0.0398116207217
2,1,4,10,1,0,1000,1000,1024,10000,5,29,0.00360410354861
4,1,2,10,10,0,1,10,1024,100,5,29,0.000148483666797
4,1,4,1000000,1,1,1000,10,512,100,5,29,0.0333345831958
2,1,2,10,10,1,1,10,1024,100,5,0,3.52461229265e-05
4,1,2,10,10,0,1000,1000,512,10000,5,0,0.119787323394
4,10,4,10,10,1,1,10,1024,100,5,0,0.000162732099469
2,10,2,10,1,1,1000,1000,512,10000,5,0,0.00520742718301
4,10,2,10,1,1,1,1000,1024,10000,5,0,3.22464528902e-05
4,10,2,1000000,1,1,1,1000,512,10000,5,0,0.00162057173711
2,1,2,10,10,0,1000,10,1024,100,2,0,0.0213411524732
4,1,2,10,1,1,1,10,512,100,2,29,2.32474427813e-05
2,10,4,1000000,1,1,1000,10,1024,100,5,29,0.0791545430003
2,1,4,10,1,0,1000,1000,1024,10000,5,0,0.00391981881993
4,1,2,1000000,10,0,1,1000,512,10000,5,29,0.0153883072862
4,1,4,1000000,1,0,1,10,1024,100,2,29,0.000725170231275
4,1,2,1000000,1,1,1,1000,1024,10000,2,0,0.000386957434682
4,10,4,1000000,1,1,1,10,1024,100,2,0,0.000512193658698
4,1,4,1000000,10,0,1,10,512,100,5,0,0.0252384737679
4,10,2,10,1,1,1000,1000,512,10000,5,29,0.00766490686025
4,10,2,1000000,10,1,1,10,512,100,5,29,0.0118014518403
4,10,2,10,10,1,1000,1000,512,10000,2,0,0.0513768485467
2,1,2,1000000,1,1,1000,10,1024,100,2,0,0.048348681645
2,10,2,10,10,0,1000,10,1024,100,2,29,0.0228432372439
2,1,2,10,10,1,1,10,1024,100,2,29,1.87479377269e-05
2,10,4,10,1,0,1,10,1024,100,2,29,1.72481027087e-05
4,10,4,10,1,1,1,10,1024,100,2,0,2.32474427813e-05
2,1,2,10,10,1,1000,1000,512,10000,5,29,0.0560945795962
2,1,2,10,10,0,1,10,1024,100,2,0,1.94978552359e-05
2,10,4,1000000,1,1,1000,10,1024,100,2,0,0.0985249122597
2,10,4,10,10,0,1000,1000,512,10000,5,0,0.0550799412065
2,1,4,10,10,0,1,1000,512,10000,5,0,4.12454629991e-05
2,10,2,10,1,0,1,1000,512,10000,5,0,1.94978552359e-05
2,10,4,1000000,1,1,1,10,1024,100,5,0,0.0012643609203
4,10,2,1000000,1,1,1,1000,1024,10000,2,29,0.000431952485227
4,1,4,1000000,10,1,1000,1000,1024,10000,2,0,0.00157932627411
2,1,2,10,1,1,1,10,1024,100,5,29,1.72481027087e-05
4,1,2,10,10,1,1,1000,512,10000,5,0,0.000152983171851
2,1,4,1000000,1,0,1,1000,512,10000,5,29,0.00168956414794
4,1,4,1000000,1,1,1,1000,1024,10000,2,29,0.000698173200948
2,1,4,10,1,1,1,10,1024,100,5,29,1.94978552359e-05
2,10,4,1000000,1,0,1,1000,1024,10000,5,29,0.00133560308366
2,10,4,10,10,1,1,10,1024,100,5,29,4.49950505444e-05
4,1,2,10,1,0,1000,10,1024,100,2,0,0.00279794222636
4,10,2,10,10,0,1,10,1024,100,2,0,4.42451330354e-05
4,10,2,10,10,0,1,10,512,100,5,29,0.00015373308936
4,10,2,1000000,1,1,1000,10,512,100,5,0,0.0560870804212
4,1,2,10,1,1,1,1000,512,10000,2,29,2.09976902541e-05
4,10,4,1000000,1,0,1000,1000,512,10000,2,29,0.262130665627
4,10,4,1000000,10,0,1,1000,1024,10000,5,0,0.013019317875
4,1,2,10,1,0,1000,10,1024,100,5,29,0.00794987551369
4,10,4,10,1,1,1,10,512,100,5,0,3.52461229265e-05
4,10,2,10,10,0,1,10,512,100,2,0,4.64948855626e-05
2,10,2,10,10,1,1000,10,1024,100,5,29,0.0694176140625
2,10,4,10,1,1,1,10,1024,100,5,29,1.79980202178e-05
2,1,4,10,10,1,1,10,512,100,5,0,3.89957104718e-05
4,10,2,10,1,1,1,1000,1024,10000,5,29,3.22464528902e-05
4,10,2,10,10,0,1,10,1024,100,5,29,0.000243723190449
2,1,4,1000000,1,0,1,10,1024,100,2,0,0.0010161382248
4,10,4,1000000,1,1,1,1000,512,10000,5,29,0.00153358130606
4,10,2,10,10,0,1000,1000,1024,10000,5,29,0.154590245073
2,10,4,10,1,1,1000,10,1024,100,5,29,0.00339337672856
2,1,2,10,10,1,1000,10,1024,100,2,0,0.023426673066
2,10,2,10,10,1,1,1000,1024,10000,2,29,1.94978552359e-05
2,10,2,1000000,1,0,1,1000,512,10000,2,0,0.000514443411225
2,10,2,1000000,1,0,1000,10,1024,100,2,0,0.111179020308
4,10,2,1000000,10,1,1000,1000,512,10000,2,29,0.0126788553259
4,1,4,1000000,1,0,1,10,1024,100,5,0,0.00171806101329
2,10,4,10,10,1,1,1000,512,10000,2,29,1.94978552359e-05
2,1,2,1000000,1,1,1,10,1024,100,2,29,0.0010333863275
4,10,4,10,1,0,1,1000,512,10000,5,29,3.22464528902e-05
2,10,4,10,1,1,1000,1000,1024,10000,2,0,0.00085040645529
4,1,2,10,10,0,1000,10,512,100,2,0,0.0452380238174
2,10,4,10,10,1,1,1000,1024,10000,5,29,4.27452980172e-05
4,1,2,10,10,1,1000,10,512,100,5,0,0.107142964274
4,1,4,10,10,0,1,1000,1024,10000,5,0,0.000158232594415
2,10,2,10,1,0,1,1000,512,10000,5,29,2.0247772745e-05
2,10,2,1000000,1,1,1000,10,1024,100,2,0,0.158387827339
4,10,4,10,10,0,1,10,1024,100,2,0,7.27419983802e-05
4,1,2,10,10,0,1,1000,512,10000,5,0,0.00014548399676
4,1,2,10,10,0,1,1000,1024,10000,2,0,4.87446380898e-05
4,1,4,10,1,1,1000,10,1024,100,5,0,0.00902150763416
2,1,2,10,10,0,1000,10,512,100,2,0,0.0384782673906
4,10,4,1000000,1,1,1,1000,1024,10000,2,29,0.000551939286678
2,10,4,1000000,1,0,1000,10,512,100,2,29,0.124537300897
4,1,4,10,10,0,1000,1000,1024,10000,5,29,0.125841407445
2,10,2,1000000,1,1,1,1000,1024,10000,2,0,0.000492695803462
4,10,2,10,1,1,1000,1000,512,10000,2,29,0.00199103098659
4,1,4,10,1,0,1000,10,512,100,5,0,0.00779989201188
4,10,2,10,1,1,1000,10,1024,100,2,0,0.00188229294778
2,10,2,1000000,1,1,1,10,1024,100,5,0,0.0012313645499
2,10,2,10,1,1,1,1000,1024,10000,5,0,1.94978552359e-05
2,1,2,1000000,1,0,1000,1000,512,10000,2,29,0.0684089750127
2,1,2,10,1,1,1000,10,1024,100,2,29,0.00152683204847
4,1,2,1000000,1,0,1,1000,1024,10000,5,0,0.0020000299967
4,10,2,10,10,1,1,1000,1024,10000,5,0,0.000268470468248
2,1,4,1000000,1,0,1,1000,512,10000,2,0,0.000977142514323
2,1,4,1000000,1,1,1000,10,1024,100,2,0,0.0492845786963
2,1,2,10,1,0,1,10,1024,100,5,0,1.87479377269e-05
4,1,4,10,10,1,1000,1000,1024,10000,2,29,0.0521912589615
2,1,4,10,10,1,1000,10,1024,100,2,0,0.0219545849957
2,1,4,10,1,0,1,1000,512,10000,2,29,1.72481027087e-05
4,10,4,1000000,10,1,1,10,512,100,2,29,0.0311020787713
4,1,2,10,10,1,1,10,512,100,5,29,0.000161232264451
4,10,2,10,1,1,1000,10,512,100,2,29,0.00201802801692
2,1,4,10,1,1,1,10,512,100,5,29,1.79980202178e-05
4,10,2,10,10,1,1,10,512,100,2,29,4.49950505444e-05
2,10,4,1000000,1,0,1000,1000,512,10000,5,29,0.218095509494
4,10,4,10,1,0,1,1000,512,10000,2,29,2.0247772745e-05
4,1,2,1000000,1,0,1,10,512,100,5,0,0.00199103098659
4,1,4,10,10,1,1,10,512,100,5,0,0.000144734079251
2,10,2,1000000,1,1,1000,10,512,100,2,29,0.130931847497
2,1,4,10,1,1,1000,10,1024,100,2,0,0.00100113987461
4,1,2,10,1,0,1000,1000,1024,10000,5,29,0.00894951555329
2,1,4,10,1,0,1000,10,1024,100,5,0,0.00380883102859
2,10,4,10,10,0,1,1000,1024,10000,5,29,7.27419983802e-05
4,1,2,10,10,0,1,1000,1024,10000,5,0,0.000161232264451
4,1,4,10,10,1,1,10,1024,100,2,29,4.49950505444e-05
4,10,4,10,1,0,1000,1000,512,10000,5,0,0.00594759576447
2,10,4,1000000,1,1,1,10,1024,100,2,29,0.000503194648589
4,1,2,10,1,0,1,10,1024,100,2,0,2.9996700363e-05
4,1,4,1000000,1,1,1,10,1024,100,2,0,0.000698173200948
4,10,2,10,10,1,1000,10,512,100,5,29,0.147685754567
4,10,2,1000000,1,1,1,10,1024,100,5,29,0.00162282148964
2,1,2,10,10,0,1000,1000,1024,10000,2,0,0.0236846446891
4,1,2,1000000,10,0,1,10,1024,100,2,29,0.00272595014548
4,10,2,1000000,10,1,1,10,1024,100,5,0,0.00615382307946
4,10,2,10,1,1,1,10,512,100,2,0,2.24975252722e-05
2,1,2,10,10,0,1,10,512,100,5,0,5.39940606533e-05
4,10,4,1000000,1,1,1,1000,512,10000,5,0,0.00166406695264
2,1,4,10,1,0,1,10,512,100,5,29,1.72481027087e-05
4,1,2,1000000,10,1,1,10,1024,100,2,0,0.00305966343702
4,1,4,10,10,0,1000,1000,512,10000,5,0,0.268546959834
2,1,4,10,10,1,1000,10,512,100,2,0,0.0216576176621
2,10,2,10,10,0,1,1000,1024,10000,5,29,6.89924108348e-05
2,10,2,10,1,0,1000,10,512,100,2,29,0.00137384887662
4,10,2,1000000,1,0,1,1000,1024,10000,2,29,0.000431952485227
4,1,2,1000000,10,0,1,1000,1024,10000,5,29,0.0201540330564
2,10,4,10,10,0,1,10,1024,100,5,0,4.42451330354e-05
2,1,4,10,1,1,1,1000,1024,10000,2,29,1.72481027087e-05
2,10,4,1000000,1,1,1,1000,512,10000,5,29,0.00138359780424
4,1,4,1000000,1,1,1,1000,512,10000,5,0,0.00168356480787
2,1,2,10,10,1,1,10,1024,100,5,29,3.14965353811e-05
4,10,2,1000000,1,0,1000,10,1024,100,5,0,0.0355085940547
4,10,4,10,1,1,1000,1000,1024,10000,2,29,0.00090665026847
4,1,4,10,1,0,1000,10,512,100,2,0,0.00191678915319
2,1,4,10,1,0,1,1000,512,10000,2,0,1.72481027087e-05
4,1,4,10,10,1,1000,1000,512,10000,5,29,0.129340522543
2,1,2,10,10,1,1,1000,512,10000,2,0,2.0247772745e-05
2,1,2,10,1,1,1000,1000,512,10000,2,0,0.00139934607193
2,1,4,10,10,1,1000,1000,512,10000,5,0,0.0573761886193
4,10,4,10,1,1,1,10,512,100,5,29,3.0746617872e-05
2,10,4,10,10,0,1000,10,1024,100,5,29,0.0581943486217
4,1,2,10,10,1,1000,10,512,100,2,29,0.0451352851186
2,10,2,10,10,1,1,10,1024,100,2,29,1.94978552359e-05
2,10,2,10,10,1,1,1000,512,10000,5,0,4.049554549e-05
2,1,4,10,1,1,1000,10,512,100,2,29,0.00105963344032
2,1,4,10,1,0,1000,1000,512,10000,2,29,0.00111812700603
4,1,2,10,1,0,1000,1000,1024,10000,5,0,0.00855655877853
2,1,4,10,10,0,1,1000,512,10000,5,29,3.89957104718e-05
4,10,4,10,1,1,1000,1000,512,10000,5,0,0.00462924078351
4,1,2,10,1,0,1000,1000,1024,10000,2,29,0.00370084290728
4,10,4,10,10,1,1,10,512,100,2,29,4.27452980172e-05
4,10,4,1000000,1,1,1000,10,512,100,2,29,0.0237648858626
4,10,2,10,1,1,1,1000,512,10000,2,29,2.0247772745e-05
2,10,2,10,1,1,1000,1000,1024,10000,2,29,0.00172855985842
2,10,2,1000000,1,1,1000,10,512,100,2,0,0.0990768515463
4,10,2,10,1,1,1,10,1024,100,5,0,3.22464528902e-05
2,1,2,10,1,0,1000,1000,512,10000,2,0,0.00146458889522
4,1,2,10,1,1,1000,1000,1024,10000,2,29,0.0031324054354
4,1,2,10,1,1,1,1000,512,10000,2,0,2.09976902541e-05
4,1,4,10,1,1,1,10,512,100,5,0,3.0746617872e-05
2,1,2,1000000,1,1,1,1000,512,10000,2,29,0.000965893751687
4,1,2,1000000,10,1,1,10,512,100,2,0,0.00281444041155
4,10,2,1000000,1,1,1,10,1024,100,2,0,0.000419953805081
4,1,2,1000000,1,1,1,10,1024,100,2,29,0.000389957104718
2,10,4,10,10,1,1000,10,512,100,5,0,0.0584215736269
4,1,2,10,1,1,1,10,512,100,5,0,2.92467828539e-05
2,1,2,10,10,0,1000,10,1024,100,2,29,0.0237356390797
4,1,2,1000000,10,0,1,10,512,100,2,29,0.00325989141194
4,10,2,1000000,1,1,1,10,512,100,2,0,0.000412454629991
2,10,4,10,10,1,1,10,512,100,2,0,2.0247772745e-05
4,10,2,10,1,1,1,1000,512,10000,5,0,4.42451330354e-05
2,1,4,10,1,1,1,10,1024,100,2,29,1.72481027087e-05
4,10,2,1000000,1,1,1,1000,512,10000,2,29,0.000425953145154
4,1,4,10,10,1,1,10,1024,100,5,29,0.000158232594415
4,10,4,10,10,0,1000,1000,512,10000,2,29,0.0630335663077
4,1,4,10,10,0,1,10,1024,100,2,0,4.42451330354e-05
4,10,4,10,10,1,1,1000,512,10000,5,29,0.000170981192069
4,1,2,1000000,1,1,1000,1000,512,10000,5,29,0.145152533221
2,10,2,1000000,1,0,1,10,1024,100,5,29,0.00132810390857
4,10,2,10,10,0,1,1000,512,10000,5,0,0.000164981851996
4,1,2,1000000,10,1,1,1000,512,10000,2,0,0.00296517383088
4,1,4,10,1,1,1000,1000,1024,10000,5,29,0.00932897381288
4,10,2,1000000,1,0,1,10,1024,100,2,0,0.000406455289918
2,1,2,1000000,1,1,1000,10,1024,100,2,29,0.0527941926388
4,1,2,10,1,0,1,10,512,100,5,0,3.14965353811e-05
4,10,4,1000000,10,1,1,10,1024,100,2,29,0.00704622491526
4,1,4,10,10,1,1,1000,512,10000,5,29,0.000269970303267
2,10,2,1000000,1,0,1,10,512,100,2,0,0.000488946215916
2,1,2,1000000,1,1,1,1000,1024,10000,5,0,0.00164756876744
2,10,4,10,10,1,1,1000,512,10000,2,0,1.94978552359e-05
2,10,2,10,1,0,1,10,1024,100,2,29,1.72481027087e-05
4,10,2,10,1,0,1,10,512,100,2,0,2.24975252722e-05
2,1,2,1000000,1,0,1,1000,512,10000,2,29,0.000920148783634
4,1,4,10,1,1,1,10,1024,100,5,29,3.0746617872e-05
2,10,2,1000000,1,0,1000,1000,512,10000,5,29,0.0410137384888
2,10,2,10,10,0,1000,10,512,100,5,0,0.0677138014818
4,10,2,10,10,1,1,1000,512,10000,5,29,0.000149233584306
4,10,4,10,10,0,1000,1000,512,10000,5,0,0.172789243183
2,1,2,10,1,1,1000,10,512,100,5,0,0.00522692503825
4,1,2,10,1,1,1,10,1024,100,2,0,2.24975252722e-05
2,10,4,1000000,1,1,1000,10,1024,100,5,0,0.358990011099
4,10,4,10,1,1,1000,10,1024,100,2,0,0.00130785613583
2,10,2,1000000,1,0,1,1000,1024,10000,5,29,0.00135135135135
2,10,2,10,1,1,1000,1000,512,10000,5,29,0.00527866934637
4,1,2,1000000,1,1,1000,1000,1024,10000,5,29,0.13949590545
2,1,4,1000000,1,0,1,10,1024,100,5,0,0.00168506464289
2,1,4,10,10,0,1,10,512,100,2,29,1.94978552359e-05
4,1,2,10,1,0,1,10,1024,100,2,29,2.09976902541e-05
4,10,2,10,10,0,1000,1000,512,10000,2,0,0.0542272849987
4,1,4,1000000,10,0,1,1000,512,10000,2,0,0.00311740708522
4,1,4,10,1,0,1,10,1024,100,5,0,3.14965353811e-05
4,10,2,10,10,0,1000,1000,1024,10000,2,0,0.0581501034886
4,10,4,10,1,1,1,10,512,100,2,0,2.39973602904e-05
2,1,2,1000000,1,1,1,10,512,100,5,29,0.00163706992231
2,1,2,10,10,1,1,10,512,100,2,29,2.17476077631e-05
2,10,4,10,1,1,1,10,1024,100,2,29,1.72481027087e-05
4,1,4,1000000,1,1,1,1000,512,10000,2,29,0.000686924438312
4,1,2,10,10,0,1000,1000,512,10000,2,0,0.0436624471308
2,10,2,10,1,1,1000,10,1024,100,2,0,0.00137684854666
2,10,2,1000000,1,1,1,1000,512,10000,2,0,0.00050994390617
2,10,2,10,10,1,1,1000,1024,10000,2,0,2.0247772745e-05
2,1,2,1000000,1,1,1,1000,512,10000,2,0,0.000956894741578
2,1,2,10,1,0,1,10,1024,100,2,0,1.72481027087e-05
4,10,2,10,1,1,1,1000,512,10000,5,29,2.9996700363e-05
4,1,2,10,1,1,1000,10,1024,100,2,29,0.00296292407835
2,1,2,1000000,1,0,1000,10,512,100,5,29,0.100200977892
2,10,4,10,10,1,1000,10,512,100,2,29,0.0270435252122
2,10,2,1000000,1,1,1000,1000,512,10000,5,0,0.0506411794703
4,10,2,10,10,1,1000,1000,1024,10000,2,0,0.0559903410625
4,10,2,1000000,1,0,1,1000,1024,10000,2,0,0.000403455619882
4,10,2,1000000,1,1,1,1000,1024,10000,2,0,0.000446950835408
2,10,2,1000000,1,0,1000,1000,1024,10000,5,0,0.689762126166
4,1,4,1000000,1,1,1000,1000,512,10000,2,29,0.0539475657678
4,1,2,1000000,1,1,1,10,1024,100,5,0,0.00191978882323
4,10,4,1000000,1,1,1000,1000,1024,10000,2,0,0.0590402555719
4,1,4,1000000,10,1,1,1000,1024,10000,2,29,0.00330413654498
4,10,4,10,10,0,1000,10,512,100,2,29,0.0609967903531
2,1,4,10,1,1,1000,10,512,100,5,0,0.00402855685875
4,10,4,10,10,0,1000,1000,1024,10000,5,0,0.147033326334
4,10,2,10,10,0,1,10,1024,100,2,29,4.12454629991e-05
4,1,4,1000000,1,0,1000,1000,1024,10000,2,29,0.324055853856
2,10,4,10,1,0,1000,1000,512,10000,5,29,0.00334763176051
4,1,2,10,1,0,1000,1000,1024,10000,2,0,0.00303566607673
2,1,2,10,1,1,1,10,512,100,5,29,1.87479377269e-05
2,10,2,10,1,0,1,1000,512,10000,2,0,1.72481027087e-05
4,1,4,1000000,1,0,1,10,512,100,5,29,0.00170006299307
4,10,2,10,1,0,1,10,1024,100,5,29,3.22464528902e-05
4,1,4,10,10,1,1000,1000,512,10000,2,0,0.0492688304287
2,10,2,1000000,1,1,1000,10,1024,100,5,29,0.290586285509
2,10,2,10,1,1,1,10,1024,100,5,0,1.87479377269e-05
2,10,2,10,10,1,1,1000,1024,10000,5,0,4.19953805081e-05
4,1,4,10,1,0,1,1000,1024,10000,2,29,0.000260971293158
2,10,4,1000000,1,1,1,1000,512,10000,5,0,0.00134835168132
2,10,4,10,1,1,1,1000,1024,10000,2,29,1.72481027087e-05
4,1,2,10,10,1,1,10,1024,100,2,29,7.57416684165e-05
2,1,4,10,1,1,1,10,512,100,2,29,1.72481027087e-05
2,10,4,10,1,0,1000,1000,512,10000,2,0,0.000602933677295
2,10,2,1000000,1,1,1,1000,1024,10000,5,29,0.00131685514593
2,10,2,1000000,1,0,1000,10,512,100,2,0,0.131923988361
4,10,2,10,10,1,1,1000,512,10000,5,0,0.000149983501815
4,10,4,10,1,1,1000,1000,512,10000,2,0,0.00118561958185
4,10,2,10,10,1,1000,10,1024,100,5,29,0.156111077781
2,1,4,10,10,0,1000,1000,1024,10000,5,0,0.0553551609323
2,10,4,1000000,1,0,1,1000,1024,10000,2,29,0.000503944566098
4,10,4,10,10,0,1,10,512,100,5,29,0.000181480037196
4,1,2,10,10,1,1,1000,1024,10000,5,0,0.000139484656688
4,10,2,10,10,0,1000,1000,512,10000,5,0,0.152877433482
4,1,4,10,1,0,1000,1000,1024,10000,2,0,0.00201727809941
4,10,2,1000000,1,0,1000,1000,512,10000,5,0,0.409136994931
2,10,2,10,1,1,1,1000,1024,10000,5,29,1.87479377269e-05
4,10,4,10,10,1,1,1000,1024,10000,5,0,0.000163482016978
4,10,4,10,1,1,1000,10,512,100,2,0,0.00122536520983
2,1,4,10,1,0,1,1000,512,10000,5,0,1.94978552359e-05
2,1,2,10,1,1,1,10,512,100,2,0,1.72481027087e-05
4,10,2,1000000,10,1,1,1000,1024,10000,5,29,0.0463726490086
2,10,4,10,1,0,1,10,1024,100,5,29,2.84968653448e-05
4,1,4,1000000,1,1,1000,1000,512,10000,5,29,0.0173913369529
2,10,4,10,1,0,1,10,512,100,2,29,1.72481027087e-05
4,1,4,10,10,0,1000,10,512,100,5,29,0.156266310706
4,1,4,10,10,0,1,10,512,100,5,29,0.000212976572577
4,1,4,10,10,0,1,1000,1024,10000,2,29,4.19953805081e-05
2,1,2,10,10,0,1,10,1024,100,5,29,3.44962054174e-05
2,10,4,10,1,1,1,1000,512,10000,2,0,1.72481027087e-05
2,1,4,10,1,1,1,1000,512,10000,5,0,1.87479377269e-05
2,10,2,10,1,1,1000,1000,512,10000,2,0,0.00147433782284
2,1,2,1000000,1,1,1,10,1024,100,5,29,0.00172481027087
2,1,2,1000000,1,1,1000,1000,512,10000,2,0,0.0306393796682
4,1,2,10,10,0,1,1000,1024,10000,2,29,5.0994390617e-05
4,1,2,10,10,1,1,1000,512,10000,2,29,4.87446380898e-05
4,10,2,1000000,10,0,1,1000,512,10000,5,0,0.00725020247773
2,10,2,10,10,1,1,10,1024,100,5,29,4.12454629991e-05
2,1,2,10,1,1,1,1000,512,10000,2,29,1.72481027087e-05
4,1,2,10,10,1,1000,1000,1024,10000,5,29,0.121318654948
4,1,4,10,1,1,1000,10,1024,100,2,0,0.00143459219486
2,1,2,10,1,1,1,1000,1024,10000,2,29,1.72481027087e-05
2,10,2,1000000,1,0,1,1000,1024,10000,5,0,0.00136035036146
4,1,2,1000000,1,0,1000,10,1024,100,2,0,0.052022527522
2,1,2,1000000,1,0,1,1000,1024,10000,2,29,0.000953895071542
4,10,2,10,10,1,1,1000,1024,10000,2,0,4.64948855626e-05
4,1,2,1000000,1,0,1000,1000,1024,10000,2,0,0.211913189549
4,10,4,10,1,0,1000,10,512,100,2,29,0.00093964663887
2,10,4,10,10,0,1,10,512,100,5,29,4.12454629991e-05
2,1,2,10,1,0,1000,1000,512,10000,2,29,0.0016775654678
4,1,2,1000000,1,0,1,10,512,100,2,29,0.000401955784864
4,10,4,10,10,0,1000,10,512,100,2,0,0.0719508354081
2,1,2,1000000,1,0,1,10,1024,100,5,29,0.00175480697123
2,10,4,10,10,1,1,1000,1024,10000,2,29,4.34952155263e-05
4,1,2,1000000,1,0,1000,10,512,100,2,29,0.19479482257
2,1,2,10,1,0,1,10,512,100,5,0,1.79980202178e-05
4,1,2,10,10,0,1000,10,1024,100,5,29,0.109508204098
2,10,4,10,10,1,1000,10,1024,100,5,0,0.0568294987551
4,10,4,10,1,0,1,10,1024,100,2,0,2.39973602904e-05
4,1,4,1000000,1,0,1,1000,1024,10000,2,29,0.00066442691304
2,10,2,10,1,1,1,10,512,100,5,29,1.94978552359e-05
4,1,4,10,10,1,1000,1000,512,10000,2,29,0.0500464948856
4,10,4,10,1,0,1,10,1024,100,5,0,3.22464528902e-05
2,1,4,10,10,0,1,10,512,100,5,29,6.0743318235e-05
4,10,4,10,10,1,1,10,1024,100,2,0,4.42451330354e-05
4,1,2,10,1,0,1000,1000,512,10000,5,29,0.00878903320635
4,1,4,10,10,1,1000,10,512,100,5,29,0.165024597294
4,10,4,10,10,0,1000,10,512,100,5,0,0.15289618142
4,10,2,1000000,1,0,1,1000,512,10000,2,0,0.000440951495336
2,10,4,1000000,1,1,1000,1000,1024,10000,2,29,0.163701742808
4,1,2,10,10,0,1000,1000,1024,10000,2,0,0.0435994540601
2,1,4,10,1,1,1,1000,1024,10000,5,29,1.94978552359e-05
2,1,2,1000000,1,0,1,1000,512,10000,5,29,0.00166556678765
4,1,2,10,1,0,1000,10,1024,100,2,29,0.00330638629751
2,1,4,10,10,0,1000,10,512,100,5,29,0.0596559378468
4,10,4,10,1,0,1000,10,1024,100,2,0,0.00131685514593
4,1,4,1000000,10,1,1,1000,1024,10000,2,0,0.00308066112728
2,10,2,10,10,1,1,10,512,100,5,0,4.12454629991e-05
4,1,4,10,1,1,1000,10,512,100,5,0,0.00838557758647
2,1,4,10,1,0,1,1000,512,10000,5,29,1.79980202178e-05
4,1,4,1000000,1,0,1,1000,1024,10000,5,0,0.00167606563278
4,1,2,10,1,1,1,10,1024,100,2,29,2.24975252722e-05
4,1,2,10,10,0,1,1000,1024,10000,5,29,0.000146233914269
4,1,4,10,10,0,1,10,1024,100,5,0,0.000170981192069
2,10,2,10,10,1,1000,1000,1024,10000,2,0,0.0223212946576
4,10,2,10,1,0,1000,1000,512,10000,2,29,0.00214926358101
4,10,2,10,1,0,1,1000,1024,10000,5,0,3.29963703993e-05
2,1,2,10,1,1,1,10,1024,100,2,0,1.72481027087e-05
4,1,2,10,1,1,1000,1000,1024,10000,5,29,0.00943621201668
2,1,2,10,10,0,1,1000,512,10000,2,29,4.12454629991e-05
4,1,2,1000000,1,0,1000,1000,1024,10000,5,29,0.0972088070312
4,1,2,10,1,1,1,1000,1024,10000,5,0,3.14965353811e-05
2,10,2,1000000,1,1,1000,10,1024,100,2,29,0.110445600984
4,10,2,10,1,0,1000,1000,1024,10000,2,29,0.00210126886043
2,1,2,10,10,1,1,1000,512,10000,2,29,1.87479377269e-05
4,1,4,1000000,1,0,1,1000,512,10000,5,0,0.00163332033476
2,1,4,10,10,0,1000,1000,512,10000,2,0,0.036117527072
2,10,4,10,1,1,1000,1000,512,10000,2,0,0.000810660827309
4,10,2,10,1,0,1000,10,512,100,5,0,0.00724345322015
2,1,4,10,1,0,1,10,1024,100,2,0,1.72481027087e-05
2,10,4,10,1,0,1000,10,1024,100,5,0,0.00337012928578
2,10,2,10,1,0,1,10,512,100,5,0,1.94978552359e-05
4,10,4,10,1,0,1000,1000,512,10000,2,0,0.00148708642049
2,1,2,10,10,0,1,1000,1024,10000,5,29,3.29963703993e-05
4,10,2,10,1,1,1000,1000,512,10000,5,0,0.00581111077781
4,1,2,1000000,10,0,1,10,1024,100,5,0,0.0280214176441
4,10,2,1000000,1,1,1000,10,1024,100,5,29,0.0564500404955
2,10,4,10,1,0,1,1000,512,10000,2,29,1.72481027087e-05
4,10,4,10,10,0,1000,1000,1024,10000,2,0,0.0649503554609
2,10,4,1000000,1,1,1,10,512,100,2,0,0.00046944836068
2,1,2,1000000,1,1,1000,10,512,100,2,29,0.286188019318
4,1,4,10,1,0,1000,1000,1024,10000,2,29,0.00196328403876
2,10,4,10,10,1,1000,1000,1024,10000,5,0,0.0581583525812
2,10,2,10,10,1,1000,1000,1024,10000,2,29,0.0234566697663
4,10,4,10,1,1,1000,10,1024,100,2,29,0.00094714581396
4,1,2,10,10,0,1000,10,1024,100,5,0,0.106959234484
2,1,2,10,10,0,1000,10,1024,100,5,29,0.0508736538981
2,10,2,10,10,0,1,1000,1024,10000,5,0,4.34952155263e-05
4,10,2,1000000,1,0,1000,1000,1024,10000,2,29,0.220717971023
2,1,4,10,10,0,1000,1000,1024,10000,2,29,0.0226752557219
2,10,4,10,10,1,1,10,1024,100,2,0,1.79980202178e-05
4,10,4,10,1,0,1000,1000,1024,10000,5,0,0.0058343582206
2,1,4,10,1,1,1,1000,512,10000,2,29,1.72481027087e-05
4,1,4,10,10,0,1,10,512,100,2,0,3.97456279809e-05
2,1,2,10,10,0,1000,10,512,100,5,0,0.0733989261181
2,10,2,10,1,0,1000,1000,1024,10000,5,0,0.00472448030717
4,10,2,1000000,10,0,1,1000,1024,10000,5,29,0.0171476137625
4,10,4,1000000,1,0,1,10,1024,100,5,29,0.00158757536671
4,1,4,1000000,1,1,1000,10,1024,100,5,29,0.0770577736449
4,10,4,1000000,10,1,1000,1000,1024,10000,2,0,0.00193703692594
4,10,4,1000000,1,0,1000,10,512,100,2,0,0.0808013618502
4,1,4,1000000,10,1,1,1000,1024,10000,5,29,0.016361700213
2,1,2,1000000,1,0,1000,1000,512,10000,5,29,0.139234934157
2,10,2,10,1,1,1,10,512,100,5,0,2.09976902541e-05
4,10,4,10,1,0,1,1000,1024,10000,2,29,2.24975252722e-05
2,1,4,1000000,1,1,1,1000,1024,10000,2,0,0.00101313855476
2,1,4,10,1,0,1,1000,1024,10000,2,29,1.72481027087e-05
4,1,4,10,1,1,1,10,512,100,2,29,2.24975252722e-05
4,10,4,1000000,10,0,1,1000,1024,10000,5,29,0.0147081321055
4,10,4,1000000,10,1,1000,1000,512,10000,5,0,0.010330863605
4,1,4,1000000,1,1,1000,10,512,100,5,0,0.0549922008579
4,1,4,10,10,0,1,10,1024,100,2,29,3.97456279809e-05
4,1,4,1000000,1,1,1000,10,512,100,2,0,0.04876263611
4,10,2,1000000,1,0,1,1000,512,10000,5,29,0.00160107388187
2,10,2,1000000,1,0,1,1000,512,10000,2,29,0.000505444401116
4,10,2,1000000,1,0,1000,1000,1024,10000,2,0,0.155050694424
4,10,2,1000000,1,1,1,1000,1024,10000,5,29,0.00164606893242
4,10,4,1000000,1,0,1,10,1024,100,2,0,0.00055868854426
4,1,2,1000000,1,0,1,10,1024,100,5,29,0.00199853016168
2,1,2,10,10,0,1000,10,1024,100,5,0,0.0519302876684
4,1,2,10,10,1,1000,1000,512,10000,5,0,0.106797252302
2,10,2,10,10,1,1000,1000,512,10000,5,29,0.0641936886942
2,1,4,10,1,0,1000,1000,512,10000,5,29,0.00385382607913
2,10,4,10,1,0,1000,10,1024,100,5,29,0.00326214116447
2,10,2,10,10,0,1,1000,512,10000,2,0,1.94978552359e-05
4,10,4,1000000,10,0,1,1000,512,10000,2,0,0.00893526712062
2,10,4,10,10,0,1,10,1024,100,2,29,1.87479377269e-05
2,1,2,10,10,1,1000,1000,512,10000,2,29,0.0235676575577
2,10,4,10,10,1,1,10,1024,100,5,0,4.42451330354e-05
4,10,2,10,1,0,1,1000,512,10000,2,0,1.94978552359e-05
2,1,2,10,10,1,1000,1000,1024,10000,5,0,0.0540000599934
2,1,4,10,1,0,1,10,1024,100,2,29,1.72481027087e-05
2,1,2,10,1,1,1,10,1024,100,5,0,1.79980202178e-05
4,1,4,10,1,1,1000,10,512,100,5,29,0.00812310645829
4,10,2,10,1,1,1,10,512,100,5,29,3.0746617872e-05
4,1,2,10,10,0,1,10,512,100,2,29,4.12454629991e-05
2,10,4,1000000,1,0,1000,10,1024,100,5,29,0.0332370939197
2,10,2,1000000,1,1,1,1000,512,10000,5,29,0.00129360770315
2,10,4,10,1,1,1000,1000,512,10000,2,29,0.000779164291928
4,1,4,10,10,1,1,1000,512,10000,2,29,4.87446380898e-05
2,1,4,1000000,1,1,1,10,1024,100,2,0,0.000968143504215
4,1,4,10,10,0,1000,1000,512,10000,2,0,0.0493288238294
4,1,4,1000000,1,0,1000,10,1024,100,5,0,0.565987491376
4,10,2,1000000,10,1,1000,1000,1024,10000,2,0,0.00116687164412
4,1,2,10,10,1,1000,1000,1024,10000,2,0,0.0404947955725
4,10,2,1000000,1,1,1,1000,512,10000,5,29,0.0016033236344
4,1,4,1000000,1,1,1,1000,512,10000,5,29,0.00170981192069
2,10,2,10,1,1,1,10,512,100,2,0,1.72481027087e-05
4,1,4,10,1,0,1000,1000,512,10000,2,0,0.00164756876744
2,1,2,1000000,1,0,1000,10,512,100,2,29,0.1066172721
2,1,4,10,10,1,1,10,1024,100,2,0,1.94978552359e-05
4,10,4,10,10,1,1,1000,512,10000,2,0,5.47439781624e-05
2,10,4,1000000,1,0,1,10,512,100,5,0,0.0115779764226
4,10,2,1000000,10,1,1,10,1024,100,2,29,0.0224772774995
2,10,2,10,10,1,1000,1000,1024,10000,5,29,0.0687449380568
2,10,4,10,10,0,1000,1000,1024,10000,5,29,0.0586188019318
4,10,4,10,1,0,1000,1000,1024,10000,5,29,0.00516318204997
2,10,2,10,10,0,1000,1000,1024,10000,2,0,0.0229894711582
2,10,4,10,1,1,1,10,512,100,2,0,1.72481027087e-05
4,10,2,10,1,0,1000,1000,1024,10000,2,0,0.00259321474638
4,1,2,1000000,1,1,1,10,512,100,2,0,0.0003967063623
